ISO-10303-21;
HEADER;
FILE_DESCRIPTION (( 'STEP AP214' ),
    '1' );
FILE_NAME ('Сбока SR16.STEP',
    '2022-10-14T13:37:27',
    ( '' ),
    ( '' ),
    'SwSTEP 2.0',
    'SolidWorks 2021',
    '' );
FILE_SCHEMA (( 'AUTOMOTIVE_DESIGN' ));
ENDSEC;

DATA;
#1 = CARTESIAN_POINT ( 'NONE',  ( -2.889259914356436809, -5.000000000000000000, -6.975290470460218550 ) ) ;
#2 =( NAMED_UNIT ( * ) SI_UNIT ( $, .STERADIAN. ) SOLID_ANGLE_UNIT ( ) );
#3 = ORIENTED_EDGE ( 'NONE', *, *, #4206, .F. ) ;
#4 = ORIENTED_EDGE ( 'NONE', *, *, #934, .F. ) ;
#5 = DIRECTION ( 'NONE',  ( 0.3826834323650902814, 0.000000000000000000, -0.9238795325112865164 ) ) ;
#6 = LINE ( 'NONE', #951, #2770 ) ;
#7 = DIRECTION ( 'NONE',  ( 0.4999999999999977796, 0.000000000000000000, 0.8660254037844399289 ) ) ;
#8 = CARTESIAN_POINT ( 'NONE',  ( 2.519708101351919805, -5.000000000000000000, -7.128363843406251732 ) ) ;
#9 = ORIENTED_EDGE ( 'NONE', *, *, #3356, .T. ) ;
#10 = ORIENTED_EDGE ( 'NONE', *, *, #2031, .F. ) ;
#11 = AXIS2_PLACEMENT_3D ( 'NONE', #5480, #5017, #767 ) ;
#12 = EDGE_CURVE ( 'NONE', #3092, #3902, #648, .T. ) ;
#13 = B_SPLINE_CURVE_WITH_KNOTS ( 'NONE', 3,
 ( #6041, #1745, #5571, #3063 ),
 .UNSPECIFIED., .F., .F.,
 ( 4, 4 ),
 ( 0.0001496924492151205756, 0.0007283556224830879449 ),
 .UNSPECIFIED. ) ;
#14 = FACE_OUTER_BOUND ( 'NONE', #770, .T. ) ;
#15 = PRESENTATION_STYLE_ASSIGNMENT (( #2814 ) ) ;
#16 = LINE ( 'NONE', #3361, #2243 ) ;
#17 = VERTEX_POINT ( 'NONE', #3371 ) ;
#18 = PLANE ( 'NONE',  #437 ) ;
#19 = ORIENTED_EDGE ( 'NONE', *, *, #2486, .T. ) ;
#20 =( NAMED_UNIT ( * ) SI_UNIT ( $, .STERADIAN. ) SOLID_ANGLE_UNIT ( ) );
#21 = DIRECTION ( 'NONE',  ( 0.5000000000000003331, 0.000000000000000000, 0.8660254037844383745 ) ) ;
#22 = CARTESIAN_POINT ( 'NONE',  ( -7.128363843406240186, -5.000000000000000000, 2.519708101351947782 ) ) ;
#23 = DIRECTION ( 'NONE',  ( 0.000000000000000000, 0.000000000000000000, -1.000000000000000000 ) ) ;
#24 = VECTOR ( 'NONE', #4909, 1000.000000000000000 ) ;
#25 = EDGE_LOOP ( 'NONE', ( #1370, #2523, #5827, #622 ) ) ;
#26 = EDGE_LOOP ( 'NONE', ( #3239, #115, #3159, #4390 ) ) ;
#27 = AXIS2_PLACEMENT_3D ( 'NONE', #3867, #627, #1115 ) ;
#28 = CARTESIAN_POINT ( 'NONE',  ( -1.537207230872069008, 24.22653848112910424, 2.310749898093082066 ) ) ;
#29 = FILL_AREA_STYLE_COLOUR ( '', #4577 ) ;
#30 = CARTESIAN_POINT ( 'NONE',  ( -2.234825302805388603, 24.22653848112735631, -1.645638790297803133 ) ) ;
#31 = CARTESIAN_POINT ( 'NONE',  ( 7.396106250776943725, 0.000000000000000000, 2.630610637707194499 ) ) ;
#32 = EDGE_CURVE ( 'NONE', #1347, #1009, #3338, .T. ) ;
#33 = DIRECTION ( 'NONE',  ( -0.9396926207858826707, 0.000000000000000000, 0.3420201433257391010 ) ) ;
#34 = ORIENTED_EDGE ( 'NONE', *, *, #2233, .T. ) ;
#35 = EDGE_CURVE ( 'NONE', #4748, #2552, #4100, .T. ) ;
#36 = CARTESIAN_POINT ( 'NONE',  ( -3.464101615137757051, 0.000000000000000000, -6.000000000000002665 ) ) ;
#37 = VECTOR ( 'NONE', #4498, 1000.000000000000000 ) ;
#38 = ORIENTED_EDGE ( 'NONE', *, *, #1178, .F. ) ;
#39 = DIRECTION ( 'NONE',  ( 0.000000000000000000, 0.000000000000000000, 1.000000000000000000 ) ) ;
#40 = VERTEX_POINT ( 'NONE', #1465 ) ;
#41 = CARTESIAN_POINT ( 'NONE',  ( 2.734025554809066172, 24.08011071800917691, 1.025113498465347606 ) ) ;
#42 = DIRECTION ( 'NONE',  ( 0.9238795325112910684, 0.000000000000000000, 0.3826834323650792347 ) ) ;
#43 = FILL_AREA_STYLE ('',( #5949 ) ) ;
#44 = EDGE_LOOP ( 'NONE', ( #3565, #3421, #2475, #1950 ) ) ;
#45 = CARTESIAN_POINT ( 'NONE',  ( 0.000000000000000000, 0.000000000000000000, 0.000000000000000000 ) ) ;
#46 = VECTOR ( 'NONE', #5711, 1000.000000000000000 ) ;
#47 = ADVANCED_FACE ( 'NONE', ( #55 ), #4791, .T. ) ;
#48 = ORIENTED_EDGE ( 'NONE', *, *, #1129, .T. ) ;
#49 = AXIS2_PLACEMENT_3D ( 'NONE', #3722, #5608, #5002 ) ;
#50 = CARTESIAN_POINT ( 'NONE',  ( 7.128363843406277489, -5.000000000000000000, 2.519708101351846086 ) ) ;
#51 = CARTESIAN_POINT ( 'NONE',  ( -2.891703835917764476, 24.10736372361327184, 0.07346140098670798924 ) ) ;
#52 = PLANE ( 'NONE',  #1937 ) ;
#53 = PRESENTATION_LAYER_ASSIGNMENT (  '', '', ( #2732 ) ) ;
#54 = CARTESIAN_POINT ( 'NONE',  ( 0.8231216561262414411, 24.45629017994070864, 2.406866610358047609 ) ) ;
#55 = FACE_OUTER_BOUND ( 'NONE', #2494, .T. ) ;
#56 = CARTESIAN_POINT ( 'NONE',  ( 0.5168692998030978147, 24.07614780132987420, -2.877820788629468218 ) ) ;
#57 = ORIENTED_EDGE ( 'NONE', *, *, #2446, .F. ) ;
#58 = EDGE_LOOP ( 'NONE', ( #560, #5729, #1807, #4992, #3474 ) ) ;
#59 = VECTOR ( 'NONE', #4960, 1000.000000000000000 ) ;
#60 = PLANE ( 'NONE',  #5770 ) ;
#61 = FILL_AREA_STYLE ('',( #3848 ) ) ;
#62 = CARTESIAN_POINT ( 'NONE',  ( -3.101683518244799487, -5.000000000000000000, 7.212019392849205346 ) ) ;
#63 = CARTESIAN_POINT ( 'NONE',  ( -2.507814961062434289, 24.46038112602420966, 0.4006596387527113223 ) ) ;
#64 = DIRECTION ( 'NONE',  ( 0.000000000000000000, 0.000000000000000000, 1.000000000000000000 ) ) ;
#65 = VERTEX_POINT ( 'NONE', #1874 ) ;
#66 = DIRECTION ( 'NONE',  ( 0.000000000000000000, -1.000000000000000000, 0.000000000000000000 ) ) ;
#67 = AXIS2_PLACEMENT_3D ( 'NONE', #5617, #5209, #2750 ) ;
#68 = B_SPLINE_CURVE_WITH_KNOTS ( 'NONE', 3,
 ( #2955, #3430, #174, #2092 ),
 .UNSPECIFIED., .F., .F.,
 ( 4, 4 ),
 ( 0.0001003866226309411464, 0.0006790497961158473280 ),
 .UNSPECIFIED. ) ;
#69 = CARTESIAN_POINT ( 'NONE',  ( 3.369714263716300895, 0.000000000000000000, -7.089959504884843611 ) ) ;
#70 = VECTOR ( 'NONE', #3619, 1000.000000000000000 ) ;
#71 = ORIENTED_EDGE ( 'NONE', *, *, #609, .T. ) ;
#72 = AXIS2_PLACEMENT_3D ( 'NONE', #1893, #5240, #3833 ) ;
#73 = ADVANCED_FACE ( 'NONE', ( #4825 ), #544, .F. ) ;
#74 = ORIENTED_EDGE ( 'NONE', *, *, #340, .F. ) ;
#75 = ADVANCED_FACE ( 'NONE', ( #2483 ), #5808, .F. ) ;
#76 = DIRECTION ( 'NONE',  ( -0.1736481776669290267, 0.000000000000000000, 0.9848077530122083534 ) ) ;
#77 = CARTESIAN_POINT ( 'NONE',  ( 2.889259914356484771, -5.000000000000000000, 6.975290470460194570 ) ) ;
#78 = CARTESIAN_POINT ( 'NONE',  ( 2.253450568905217111, 24.07928144543820892, 1.858105865784366095 ) ) ;
#79 = AXIS2_PLACEMENT_3D ( 'NONE', #241, #4606, #1651 ) ;
#80 = VERTEX_POINT ( 'NONE', #1407 ) ;
#81 = DIRECTION ( 'NONE',  ( 0.000000000000000000, 1.000000000000000000, 0.000000000000000000 ) ) ;
#82 = UNCERTAINTY_MEASURE_WITH_UNIT (LENGTH_MEASURE( 1.000000000000000082E-05 ), #5758, 'distance_accuracy_value', 'NONE');
#83 = B_SPLINE_CURVE_WITH_KNOTS ( 'NONE', 3,
 ( #3635, #5982, #3669, #4194, #5576, #1781 ),
 .UNSPECIFIED., .F., .F.,
 ( 4, 2, 4 ),
 ( 0.000000000000000000, 0.0001568776169019351165, 0.0003137552338038702331 ),
 .UNSPECIFIED. ) ;
#84 = FILL_AREA_STYLE_COLOUR ( '', #1372 ) ;
#85 = FILL_AREA_STYLE ('',( #4940 ) ) ;
#86 = CARTESIAN_POINT ( 'NONE',  ( 0.06427876096405207851, 24.44525494324869896, 2.553936284617162045 ) ) ;
#87 = CARTESIAN_POINT ( 'NONE',  ( -0.4666622649913095278, 24.08406744546874023, 2.878356100996666722 ) ) ;
#88 = ORIENTED_EDGE ( 'NONE', *, *, #5936, .T. ) ;
#89 = ORIENTED_EDGE ( 'NONE', *, *, #5093, .F. ) ;
#90 = VERTEX_POINT ( 'NONE', #177 ) ;
#91 = EDGE_CURVE ( 'NONE', #870, #3709, #4674, .T. ) ;
#92 = DIRECTION ( 'NONE',  ( 0.000000000000000000, 0.000000000000000000, 1.000000000000000000 ) ) ;
#93 = AXIS2_PLACEMENT_3D ( 'NONE', #3858, #66, #5199 ) ;
#94 = CARTESIAN_POINT ( 'NONE',  ( 7.212019392849214228, -5.000000000000000000, 3.101683518244773730 ) ) ;
#95 = CARTESIAN_POINT ( 'NONE',  ( -0.8130953767581969860, 24.44525494324875936, 2.421899711649786013 ) ) ;
#96 = CARTESIAN_POINT ( 'NONE',  ( 1.606969024216656106, 17.50000000000000000, 1.915111107797324186 ) ) ;
#97 = DIRECTION ( 'NONE',  ( -0.3826834323650791791, 0.000000000000000000, 0.9238795325112910684 ) ) ;
#98 = LINE ( 'NONE', #1536, #2433 ) ;
#99 = VERTEX_POINT ( 'NONE', #4423 ) ;
#100 = VECTOR ( 'NONE', #540, 1000.000000000000000 ) ;
#101 =( GEOMETRIC_REPRESENTATION_CONTEXT ( 3 ) GLOBAL_UNCERTAINTY_ASSIGNED_CONTEXT ( ( #1301 ) ) GLOBAL_UNIT_ASSIGNED_CONTEXT ( ( #5445, #4455, #4404 ) ) REPRESENTATION_CONTEXT ( 'NONE', 'WORKASPACE' ) );
#102 = PLANE ( 'NONE',  #5069 ) ;
#103 = DIRECTION ( 'NONE',  ( -0.3826834323650879499, 0.000000000000000000, 0.9238795325112875156 ) ) ;
#104 = ORIENTED_EDGE ( 'NONE', *, *, #1649, .F. ) ;
#105 = EDGE_LOOP ( 'NONE', ( #5275, #4899, #3353, #5487 ) ) ;
#106 = CARTESIAN_POINT ( 'NONE',  ( -2.745103185509412125, 24.10342794339705819, 0.9244359737271335975 ) ) ;
#107 = CARTESIAN_POINT ( 'NONE',  ( -0.9338999314602260959, 24.44525494324876647, -2.377930449574464866 ) ) ;
#108 =( LENGTH_UNIT ( ) NAMED_UNIT ( * ) SI_UNIT ( .MILLI., .METRE. ) );
#109 = FACE_OUTER_BOUND ( 'NONE', #3798, .T. ) ;
#110 = AXIS2_PLACEMENT_3D ( 'NONE', #1062, #3495, #5365 ) ;
#111 = EDGE_LOOP ( 'NONE', ( #3897, #801, #5641, #2584 ) ) ;
#112 = ADVANCED_FACE ( 'NONE', ( #5439 ), #3559, .F. ) ;
#113 = CARTESIAN_POINT ( 'NONE',  ( -0.9338999314602260959, 24.44525494324876647, -2.377930449574464866 ) ) ;
#114 = CIRCLE ( 'NONE', #6076, 0.09999999999999982514 ) ;
#115 = ORIENTED_EDGE ( 'NONE', *, *, #564, .F. ) ;
#116 = FILL_AREA_STYLE ('',( #4394 ) ) ;
#117 = EDGE_CURVE ( 'NONE', #965, #3707, #2544, .T. ) ;
#118 = CARTESIAN_POINT ( 'NONE',  ( -2.519708101351870955, -5.000000000000000000, 7.128363843406268607 ) ) ;
#119 = PLANE ( 'NONE',  #4643 ) ;
#120 = VERTEX_POINT ( 'NONE', #4977 ) ;
#121 = DIRECTION ( 'NONE',  ( 0.000000000000000000, 0.000000000000000000, 1.000000000000000000 ) ) ;
#122 = CARTESIAN_POINT ( 'NONE',  ( 0.000000000000000000, 0.000000000000000000, 0.000000000000000000 ) ) ;
#123 = SHAPE_DEFINITION_REPRESENTATION ( #1446, #2344 ) ;
#124 = CARTESIAN_POINT ( 'NONE',  ( -7.089959504884829400, -5.000000000000000000, 3.369714263716327984 ) ) ;
#125 = ORIENTED_EDGE ( 'NONE', *, *, #3575, .T. ) ;
#126 = VECTOR ( 'NONE', #3591, 1000.000000000000114 ) ;
#127 = EDGE_CURVE ( 'NONE', #2703, #5411, #4739, .T. ) ;
#128 = CARTESIAN_POINT ( 'NONE',  ( 2.630610637707323729, -4.705661800954699991, 7.396106250776898428 ) ) ;
#129 = CARTESIAN_POINT ( 'NONE',  ( 2.278115096945890983, 17.50000000000000000, -1.315270364466763375 ) ) ;
#130 = ORIENTED_EDGE ( 'NONE', *, *, #3741, .T. ) ;
#131 =( NAMED_UNIT ( * ) PLANE_ANGLE_UNIT ( ) SI_UNIT ( $, .RADIAN. ) );
#132 = ORIENTED_EDGE ( 'NONE', *, *, #886, .T. ) ;
#133 = AXIS2_PLACEMENT_3D ( 'NONE', #4362, #4056, #1701 ) ;
#134 = CARTESIAN_POINT ( 'NONE',  ( 2.753824836874658288, 24.08122916413011438, 0.9673327211647660961 ) ) ;
#135 = SURFACE_STYLE_USAGE ( .BOTH. , #3493 ) ;
#136 = CARTESIAN_POINT ( 'NONE',  ( 2.202449270598699105, 24.08637983427261631, 1.907473261533848996 ) ) ;
#137 = DIRECTION ( 'NONE',  ( 0.000000000000000000, 0.000000000000000000, 1.000000000000000000 ) ) ;
#138 = MECHANICAL_DESIGN_GEOMETRIC_PRESENTATION_REPRESENTATION (  '', ( #1310 ), #2314 ) ;
#139 = UNCERTAINTY_MEASURE_WITH_UNIT (LENGTH_MEASURE( 1.000000000000000082E-05 ), #5363, 'distance_accuracy_value', 'NONE');
#140 = EDGE_CURVE ( 'NONE', #3419, #3978, #5842, .T. ) ;
#141 = CARTESIAN_POINT ( 'NONE',  ( -3.369714263716302671, -4.599999999999999645, -7.089959504884845387 ) ) ;
#142 = CARTESIAN_POINT ( 'NONE',  ( 1.510386574701009454, 24.11089388096000619, -2.462857397828235761 ) ) ;
#143 = CARTESIAN_POINT ( 'NONE',  ( 1.384575577538406321, 24.10565824199052898, -2.541685401902025188 ) ) ;
#144 = B_SPLINE_CURVE_WITH_KNOTS ( 'NONE', 3,
 ( #4330, #2315, #5678, #2822, #932, #6155, #5708, #1800, #4697, #1429, #3368, #3743, #5651, #5626, #969, #1871, #5217, #2888, #4788, #51, #3275, #1404 ),
 .UNSPECIFIED., .F., .F.,
 ( 4, 3, 3, 3, 3, 3, 3, 4 ),
 ( 0.000000000000000000, 3.737017153941257395E-05, 6.632414775228840157E-05, 9.559872338567979608E-05, 0.0001205902993703384377, 0.0001452370098981038671, 0.0001812528771457942495, 0.0001900682076238033194 ),
 .UNSPECIFIED. ) ;
#145 = CARTESIAN_POINT ( 'NONE',  ( 0.8972823311796828127, 24.46402637105410349, 2.371928891189986288 ) ) ;
#146 = CARTESIAN_POINT ( 'NONE',  ( -1.000000000000000222, 11.50000000000000178, -7.786045209218862340 ) ) ;
#147 =( GEOMETRIC_REPRESENTATION_CONTEXT ( 3 ) GLOBAL_UNCERTAINTY_ASSIGNED_CONTEXT ( ( #3135 ) ) GLOBAL_UNIT_ASSIGNED_CONTEXT ( ( #1813, #6103, #4309 ) ) REPRESENTATION_CONTEXT ( 'NONE', 'WORKASPACE' ) );
#148 = EDGE_CURVE ( 'NONE', #1877, #2281, #3617, .T. ) ;
#149 = ORIENTED_EDGE ( 'NONE', *, *, #4795, .T. ) ;
#150 = EDGE_CURVE ( 'NONE', #3902, #5561, #2971, .T. ) ;
#151 = VECTOR ( 'NONE', #3118, 1000.000000000000000 ) ;
#152 = CARTESIAN_POINT ( 'NONE',  ( 0.000000000000000000, -5.000000000000000000, 0.000000000000000000 ) ) ;
#153 = DIRECTION ( 'NONE',  ( -0.9238795325112865164, 0.000000000000000000, 0.3826834323650903924 ) ) ;
#154 = VECTOR ( 'NONE', #694, 1000.000000000000000 ) ;
#155 = APPLICATION_PROTOCOL_DEFINITION ( 'draft international standard', 'automotive_design', 1998, #4326 ) ;
#156 = CARTESIAN_POINT ( 'NONE',  ( -2.740117462259738623, 17.50000000000000000, 0.9158004477462218240 ) ) ;
#157 = ORIENTED_EDGE ( 'NONE', *, *, #1202, .F. ) ;
#158 = DIRECTION ( 'NONE',  ( 0.000000000000000000, 1.000000000000000000, 0.000000000000000000 ) ) ;
#159 = ORIENTED_EDGE ( 'NONE', *, *, #1751, .F. ) ;
#160 = B_SPLINE_CURVE_WITH_KNOTS ( 'NONE', 3,
 ( #2497, #3486, #3124, #2527 ),
 .UNSPECIFIED., .F., .F.,
 ( 4, 4 ),
 ( 0.001012814121491974152, 0.001589766414676304414 ),
 .UNSPECIFIED. ) ;
#161 = CARTESIAN_POINT ( 'NONE',  ( 2.493523669839782020, 24.46948457643187425, -0.4311850900831487587 ) ) ;
#162 = CARTESIAN_POINT ( 'NONE',  ( 2.263377482489869141, 24.10342794339675265, -1.807566247852160135 ) ) ;
#163 = DIRECTION ( 'NONE',  ( 0.000000000000000000, 1.000000000000000000, -0.000000000000000000 ) ) ;
#164 = EDGE_LOOP ( 'NONE', ( #2607, #5635, #2991, #3502, #3 ) ) ;
#165 = CARTESIAN_POINT ( 'NONE',  ( 1.606969024216384323, 17.50000000000000000, -1.915111107797552670 ) ) ;
#166 = CIRCLE ( 'NONE', #3472, 0.09999999999999982514 ) ;
#167 = ORIENTED_EDGE ( 'NONE', *, *, #5898, .F. ) ;
#168 = EDGE_CURVE ( 'NONE', #2275, #428, #4601, .T. ) ;
#169 = DIRECTION ( 'NONE',  ( -0.3826834323650841196, 0.000000000000000000, 0.9238795325112890700 ) ) ;
#170 = AXIS2_PLACEMENT_3D ( 'NONE', #1190, #837, #3236 ) ;
#171 = CARTESIAN_POINT ( 'NONE',  ( -3.464101615137757051, 2.500000000000000000, -6.000000000000002665 ) ) ;
#172 = AXIS2_PLACEMENT_3D ( 'NONE', #5081, #4831, #2774 ) ;
#173 = SURFACE_STYLE_FILL_AREA ( #116 ) ;
#174 = CARTESIAN_POINT ( 'NONE',  ( 2.662890460101899226, 24.22653848204070570, -0.7820393562919982777 ) ) ;
#175 = CARTESIAN_POINT ( 'NONE',  ( -0.4903497382059452958, 17.50000000000000000, 2.780911555543543745 ) ) ;
#176 = FILL_AREA_STYLE_COLOUR ( '', #5225 ) ;
#177 = CARTESIAN_POINT ( 'NONE',  ( 2.740117462260193371, 17.50000000000000000, 0.9158004477459414927 ) ) ;
#178 = PLANE ( 'NONE',  #404 ) ;
#179 = CARTESIAN_POINT ( 'NONE',  ( -1.606969024216029940, 17.50000000000000000, 1.915111107797552670 ) ) ;
#180 = ITEM_DEFINED_TRANSFORMATION ( 'NONE', 'NONE', #972,  #1169 ) ;
#181 = CYLINDRICAL_SURFACE ( 'NONE', #830, 7.850000000000001421 ) ;
#182 = LINE ( 'NONE', #2606, #3685 ) ;
#183 = ORIENTED_EDGE ( 'NONE', *, *, #2481, .T. ) ;
#184 = CARTESIAN_POINT ( 'NONE',  ( -2.519708101351870955, -4.599999999999999645, 7.128363843406268607 ) ) ;
#185 = EDGE_CURVE ( 'NONE', #1991, #5124, #3708, .T. ) ;
#186 = ORIENTED_EDGE ( 'NONE', *, *, #3903, .F. ) ;
#187 = VECTOR ( 'NONE', #3062, 1000.000000000000000 ) ;
#188 =( NAMED_UNIT ( * ) PLANE_ANGLE_UNIT ( ) SI_UNIT ( $, .RADIAN. ) );
#189 = FACE_OUTER_BOUND ( 'NONE', #6044, .T. ) ;
#190 = ADVANCED_FACE ( 'NONE', ( #4693 ), #331, .F. ) ;
#191 = LINE ( 'NONE', #3033, #3837 ) ;
#192 = ORIENTED_EDGE ( 'NONE', *, *, #4508, .F. ) ;
#193 = DIRECTION ( 'NONE',  ( 0.3826834323650902814, 0.000000000000000000, -0.9238795325112866275 ) ) ;
#194 = EDGE_LOOP ( 'NONE', ( #256 ) ) ;
#195 = CARTESIAN_POINT ( 'NONE',  ( 0.5391777079967995379, 24.08122916413024583, 2.868548626888222319 ) ) ;
#196 = CARTESIAN_POINT ( 'NONE',  ( 1.602675514021806424E-15, -4.599999999999999645, 6.638499339911047270E-16 ) ) ;
#197 = CARTESIAN_POINT ( 'NONE',  ( 2.503974364089583737, 24.44525494324425452, 0.5067886038577182894 ) ) ;
#198 = DIRECTION ( 'NONE',  ( 0.000000000000000000, 1.000000000000000000, 0.000000000000000000 ) ) ;
#199 = UNCERTAINTY_MEASURE_WITH_UNIT (LENGTH_MEASURE( 1.000000000000000082E-05 ), #3132, 'distance_accuracy_value', 'NONE');
#200 = CARTESIAN_POINT ( 'NONE',  ( -1.592398212032809068, 24.44525494324453874, -1.997746290030631311 ) ) ;
#201 = PLANE ( 'NONE',  #4912 ) ;
#202 = CARTESIAN_POINT ( 'NONE',  ( 7.089959504884879138, -4.599999999999999645, 3.369714263716227620 ) ) ;
#203 = VECTOR ( 'NONE', #1386, 1000.000000000000227 ) ;
#204 = CARTESIAN_POINT ( 'NONE',  ( 7.128363843406278377, -4.599999999999999645, 2.519708101351846530 ) ) ;
#205 = CARTESIAN_POINT ( 'NONE',  ( 7.128363843406225087, 0.000000000000000000, -2.519708101351994411 ) ) ;
#206 = PRESENTATION_STYLE_ASSIGNMENT (( #635 ) ) ;
#207 = CARTESIAN_POINT ( 'NONE',  ( -2.263728145804220659, 24.09647142437303202, 1.818269416213032175 ) ) ;
#208 = VECTOR ( 'NONE', #2388, 1000.000000000000000 ) ;
#209 = CARTESIAN_POINT ( 'NONE',  ( 2.503974364089583293, 24.50000000000000000, 0.5067886038577172902 ) ) ;
#210 = PLANE ( 'NONE',  #2257 ) ;
#211 = PRESENTATION_STYLE_ASSIGNMENT (( #242 ) ) ;
#212 = CARTESIAN_POINT ( 'NONE',  ( 0.000000000000000000, 0.5000000000000000000, 0.000000000000000000 ) ) ;
#213 = FACE_OUTER_BOUND ( 'NONE', #2590, .T. ) ;
#214 = VERTEX_POINT ( 'NONE', #6059 ) ;
#215 = DIRECTION ( 'NONE',  ( -0.6427876096865374755, 0.000000000000000000, 0.7660444431189795678 ) ) ;
#216 = EDGE_LOOP ( 'NONE', ( #650, #5698, #3921, #2236, #3098 ) ) ;
#217 = CARTESIAN_POINT ( 'NONE',  ( 2.513234473931472479, 24.45629017994059140, -0.3926685878491401049 ) ) ;
#218 = ADVANCED_FACE ( 'NONE', ( #5122 ), #6027, .F. ) ;
#219 = CARTESIAN_POINT ( 'NONE',  ( 2.260945758865489541, 24.08637983427261631, -1.837759861487753721 ) ) ;
#220 = DIRECTION ( 'NONE',  ( -0.000000000000000000, 1.000000000000000000, -0.000000000000000000 ) ) ;
#221 = ORIENTED_EDGE ( 'NONE', *, *, #5597, .T. ) ;
#222 = CARTESIAN_POINT ( 'NONE',  ( 7.089959504884808084, 0.000000000000000000, -3.369714263716374614 ) ) ;
#223 = VERTEX_POINT ( 'NONE', #2695 ) ;
#224 = MECHANICAL_DESIGN_GEOMETRIC_PRESENTATION_REPRESENTATION (  '', ( #4412 ), #1691 ) ;
#225 = EDGE_CURVE ( 'NONE', #120, #214, #840, .T. ) ;
#226 = CARTESIAN_POINT ( 'NONE',  ( 0.4260709772379295823, 24.11089388096006658, 2.857515999855382294 ) ) ;
#227 = VECTOR ( 'NONE', #1452, 1000.000000000000000 ) ;
#228 =( NAMED_UNIT ( * ) SI_UNIT ( $, .STERADIAN. ) SOLID_ANGLE_UNIT ( ) );
#229 = VERTEX_POINT ( 'NONE', #785 ) ;
#230 = DIRECTION ( 'NONE',  ( 0.000000000000000000, 0.000000000000000000, 1.000000000000000000 ) ) ;
#231 = DIRECTION ( 'NONE',  ( 0.6427876096865409172, 0.000000000000000000, 0.7660444431189767922 ) ) ;
#232 = CARTESIAN_POINT ( 'NONE',  ( -2.740117462259731518, 24.11089388096025843, 0.9158004477462100557 ) ) ;
#233 = CARTESIAN_POINT ( 'NONE',  ( 2.163165183671093672, 24.11089388096343455, -1.915111107797550893 ) ) ;
#234 = CARTESIAN_POINT ( 'NONE',  ( -2.165063509460822377, 17.50000000000000000, 1.250000000000150324 ) ) ;
#235 = CYLINDRICAL_SURFACE ( 'NONE', #2347, 0.1000000000000000472 ) ;
#236 = CIRCLE ( 'NONE', #3730, 7.850000000000003197 ) ;
#237 = PLANE ( 'NONE',  #1719 ) ;
#238 = CARTESIAN_POINT ( 'NONE',  ( -2.262161527994914767, 24.09078937327043235, 1.829243475302277933 ) ) ;
#239 = AXIS2_PLACEMENT_3D ( 'NONE', #45, #1035, #5274 ) ;
#240 = EDGE_CURVE ( 'NONE', #5909, #857, #3639, .T. ) ;
#241 = CARTESIAN_POINT ( 'NONE',  ( 0.000000000000000000, 9.500000000000001776, 0.000000000000000000 ) ) ;
#242 = SURFACE_STYLE_USAGE ( .BOTH. , #3477 ) ;
#243 = AXIS2_PLACEMENT_3D ( 'NONE', #3058, #2039, #64 ) ;
#244 = FILL_AREA_STYLE ('',( #4516 ) ) ;
#245 = DIRECTION ( 'NONE',  ( 0.000000000000000000, 0.000000000000000000, -1.000000000000000000 ) ) ;
#246 = ORIENTED_EDGE ( 'NONE', *, *, #4573, .F. ) ;
#247 = DIRECTION ( 'NONE',  ( 1.000000000000000000, 0.000000000000000000, -0.000000000000000000 ) ) ;
#248 = ORIENTED_EDGE ( 'NONE', *, *, #5560, .F. ) ;
#249 = VECTOR ( 'NONE', #4798, 1000.000000000000114 ) ;
#250 = CARTESIAN_POINT ( 'NONE',  ( 2.491597622749276209, 24.46985301392144407, -0.4400690464017862347 ) ) ;
#251 = VECTOR ( 'NONE', #2084, 1000.000000000000000 ) ;
#252 = CARTESIAN_POINT ( 'NONE',  ( 3.004064944066012988, -5.000000000000000000, 7.252454330213579325 ) ) ;
#253 = DIRECTION ( 'NONE',  ( 0.000000000000000000, 0.000000000000000000, 1.000000000000000000 ) ) ;
#254 = MECHANICAL_DESIGN_GEOMETRIC_PRESENTATION_REPRESENTATION (  '', ( #3048 ), #4932 ) ;
#255 = CARTESIAN_POINT ( 'NONE',  ( -0.8820602593912792999, 24.46823170470889153, -2.373158391322228500 ) ) ;
#256 = ORIENTED_EDGE ( 'NONE', *, *, #2951, .F. ) ;
#257 =( GEOMETRIC_REPRESENTATION_CONTEXT ( 3 ) GLOBAL_UNCERTAINTY_ASSIGNED_CONTEXT ( ( #572 ) ) GLOBAL_UNIT_ASSIGNED_CONTEXT ( ( #2234, #2203, #6005 ) ) REPRESENTATION_CONTEXT ( 'NONE', 'WORKASPACE' ) );
#258 = MECHANICAL_DESIGN_GEOMETRIC_PRESENTATION_REPRESENTATION (  '', ( #4248 ), #147 ) ;
#259 = CARTESIAN_POINT ( 'NONE',  ( -2.259398372104614694, 24.08406744546815048, -1.843319426970268404 ) ) ;
#260 = LINE ( 'NONE', #3545, #1919 ) ;
#261 = DIRECTION ( 'NONE',  ( 1.000000000000000000, 0.000000000000000000, -1.926410236326968208E-15 ) ) ;
#262 = DIRECTION ( 'NONE',  ( 0.9238795325112865164, 0.000000000000000000, -0.3826834323650902259 ) ) ;
#263 = UNCERTAINTY_MEASURE_WITH_UNIT (LENGTH_MEASURE( 1.000000000000000082E-05 ), #4762, 'distance_accuracy_value', 'NONE');
#264 = EDGE_CURVE ( 'NONE', #5911, #4282, #5993, .T. ) ;
#265 = VECTOR ( 'NONE', #3678, 1000.000000000000000 ) ;
#266 = CARTESIAN_POINT ( 'NONE',  ( -1.609019228726328965, 24.46645550312282680, -1.957032622947487477 ) ) ;
#267 = CARTESIAN_POINT ( 'NONE',  ( 2.919753104564386526, 24.08011071800916270, 0.02819977786413498111 ) ) ;
#268 = LINE ( 'NONE', #1610, #3524 ) ;
#269 = CARTESIAN_POINT ( 'NONE',  ( -0.5173645989549715551, 17.50000000000000000, -2.934120444167288344 ) ) ;
#270 = AXIS2_PLACEMENT_3D ( 'NONE', #1296, #5664, #1388 ) ;
#271 = LINE ( 'NONE', #5581, #4439 ) ;
#272 = CARTESIAN_POINT ( 'NONE',  ( -1.454271494531639508, 24.07622500002028332, 2.536459031164941980 ) ) ;
#273 = B_SPLINE_CURVE_WITH_KNOTS ( 'NONE', 3,
 ( #2928, #2457, #549, #3915, #94, #4370 ),
 .UNSPECIFIED., .F., .F.,
 ( 4, 2, 4 ),
 ( 0.000000000000000000, 0.0003124823142240922154, 0.0006249646284481844309 ),
 .UNSPECIFIED. ) ;
#274 = ADVANCED_FACE ( 'NONE', ( #4660 ), #2282, .T. ) ;
#275 = DIRECTION ( 'NONE',  ( -0.9238795325112860723, 0.000000000000000000, -0.3826834323650916136 ) ) ;
#276 = DIRECTION ( 'NONE',  ( 0.000000000000000000, 1.000000000000000000, 0.000000000000000000 ) ) ;
#277 = CARTESIAN_POINT ( 'NONE',  ( -2.499626722797461120, 24.45117771391984718, 0.4983585984968133542 ) ) ;
#278 = CARTESIAN_POINT ( 'NONE',  ( -2.163165183675169967, 17.50000000000000000, -1.815111107797322543 ) ) ;
#279 = ORIENTED_EDGE ( 'NONE', *, *, #4452, .T. ) ;
#280 = CARTESIAN_POINT ( 'NONE',  ( 1.510386574701009454, 24.11089388096000619, -2.462857397828235761 ) ) ;
#281 = ORIENTED_EDGE ( 'NONE', *, *, #684, .T. ) ;
#282 = EDGE_CURVE ( 'NONE', #6071, #6071, #1803, .T. ) ;
#283 = CARTESIAN_POINT ( 'NONE',  ( 2.181328074130617356, 24.46645550312256390, 1.288692127198250992 ) ) ;
#284 = CARTESIAN_POINT ( 'NONE',  ( 0.000000000000000000, -4.124784991210248739E-16, -7.850000000000001421 ) ) ;
#285 = CARTESIAN_POINT ( 'NONE',  ( 1.510386574701007012, 17.50000000000000000, -2.462857397828249528 ) ) ;
#286 = CARTESIAN_POINT ( 'NONE',  ( -6.975290470460223879, -4.599999999999999645, -2.889259914356410164 ) ) ;
#287 = PLANE ( 'NONE',  #2649 ) ;
#288 = EDGE_LOOP ( 'NONE', ( #1350, #2171, #2884, #3214 ) ) ;
#289 = FILL_AREA_STYLE ('',( #1636 ) ) ;
#290 = CYLINDRICAL_SURFACE ( 'NONE', #5817, 0.09999999999999982514 ) ;
#291 = VECTOR ( 'NONE', #2773, 1000.000000000000114 ) ;
#292 = CARTESIAN_POINT ( 'NONE',  ( -0.06427876096369486425, 24.44525494324870962, -2.553936284617160712 ) ) ;
#293 = CARTESIAN_POINT ( 'NONE',  ( 0.000000000000000000, 24.00000000000000000, 0.000000000000000000 ) ) ;
#294 = CARTESIAN_POINT ( 'NONE',  ( 2.902877418639381091, 24.09647142437271228, 0.06222122143856771703 ) ) ;
#295 = DIRECTION ( 'NONE',  ( -0.000000000000000000, 1.000000000000000000, -0.000000000000000000 ) ) ;
#296 = SURFACE_SIDE_STYLE ('',( #4570 ) ) ;
#297 = CARTESIAN_POINT ( 'NONE',  ( -3.258811727360901855, -5.000000000000000000, 6.822217097514201356 ) ) ;
#298 = EDGE_CURVE ( 'NONE', #5356, #2738, #300, .T. ) ;
#299 = ORIENTED_EDGE ( 'NONE', *, *, #5197, .F. ) ;
#300 = LINE ( 'NONE', #4629, #1512 ) ;
#301 = B_SPLINE_CURVE_WITH_KNOTS ( 'NONE', 3,
 ( #6002, #6038, #1775, #2765, #3716, #313 ),
 .UNSPECIFIED., .F., .F.,
 ( 4, 2, 4 ),
 ( 0.000000000000000000, 0.0003124823142240922696, 0.0006249646284481845393 ),
 .UNSPECIFIED. ) ;
#302 = VERTEX_POINT ( 'NONE', #4119 ) ;
#303 = EDGE_CURVE ( 'NONE', #2860, #3177, #5527, .T. ) ;
#304 = CARTESIAN_POINT ( 'NONE',  ( 0.9999999999999997780, 9.404966901591491180, -7.763924983785759792 ) ) ;
#305 = CARTESIAN_POINT ( 'NONE',  ( 3.369714263716351077, -4.599999999999999645, 7.089959504884819630 ) ) ;
#306 = ITEM_DEFINED_TRANSFORMATION ( 'NONE', 'NONE', #2065,  #1169 ) ;
#307 = CARTESIAN_POINT ( 'NONE',  ( -2.502420202986902709, 24.44731221181147873, 0.5040967178654534031 ) ) ;
#308 = ORIENTED_EDGE ( 'NONE', *, *, #2250, .T. ) ;
#309 = CARTESIAN_POINT ( 'NONE',  ( -3.258811727360950705, -0.000000000000000000, -6.822217097514180928 ) ) ;
#310 = ORIENTED_EDGE ( 'NONE', *, *, #240, .T. ) ;
#311 = EDGE_CURVE ( 'NONE', #1543, #4342, #6001, .T. ) ;
#312 = B_SPLINE_CURVE_WITH_KNOTS ( 'NONE', 3,
 ( #3630, #1746, #343, #5512, #5105, #4074, #315, #5541, #1265, #5486, #2654, #2204, #4615, #1174, #5021, #1205, #2182, #3191, #3693, #4642, #795, #5573 ),
 .UNSPECIFIED., .F., .F.,
 ( 4, 3, 3, 3, 3, 3, 3, 4 ),
 ( 1.578622191578228565E-18, 3.737017153940950430E-05, 6.632414775228386147E-05, 9.559872338567348060E-05, 0.0001205902993703318376, 0.0001452370098980985545, 0.0001812528771457898855, 0.0001900682076238045662 ),
 .UNSPECIFIED. ) ;
#313 = CARTESIAN_POINT ( 'NONE',  ( -7.252454330213588207, -5.000000000000000000, 3.004064944065989451 ) ) ;
#314 = SURFACE_SIDE_STYLE ('',( #5019 ) ) ;
#315 = CARTESIAN_POINT ( 'NONE',  ( -1.435454828270503302, 24.08011071800943270, -2.542680250263154473 ) ) ;
#316 = VERTEX_POINT ( 'NONE', #4358 ) ;
#317 = ADVANCED_FACE ( 'NONE', ( #3773 ), #18, .T. ) ;
#318 = LINE ( 'NONE', #1723, #1749 ) ;
#319 = CARTESIAN_POINT ( 'NONE',  ( 0.5769522785847898128, 24.11089388095967223, 2.830911555543920155 ) ) ;
#320 = FILL_AREA_STYLE_COLOUR ( '', #3957 ) ;
#321 = CARTESIAN_POINT ( 'NONE',  ( 0.9338999314663211093, 17.50000000000000000, -2.377930449576747041 ) ) ;
#322 = EDGE_LOOP ( 'NONE', ( #5598, #3790, #1136, #2648 ) ) ;
#323 = DIRECTION ( 'NONE',  ( 1.000000000000000000, 0.000000000000000000, 3.210683727211237919E-15 ) ) ;
#324 = UNCERTAINTY_MEASURE_WITH_UNIT (LENGTH_MEASURE( 1.000000000000000082E-05 ), #4488, 'distance_accuracy_value', 'NONE');
#325 = VECTOR ( 'NONE', #3991, 1000.000000000000000 ) ;
#326 =( NAMED_UNIT ( * ) SI_UNIT ( $, .STERADIAN. ) SOLID_ANGLE_UNIT ( ) );
#327 = CARTESIAN_POINT ( 'NONE',  ( 3.464101615137757939, 2.500000000000000000, 6.000000000000004441 ) ) ;
#328 = DIRECTION ( 'NONE',  ( -0.000000000000000000, 1.000000000000000000, -0.000000000000000000 ) ) ;
#329 = DIRECTION ( 'NONE',  ( 0.000000000000000000, 1.000000000000000000, -0.000000000000000000 ) ) ;
#330 = EDGE_LOOP ( 'NONE', ( #2463, #5284, #5329, #4251 ) ) ;
#331 = PLANE ( 'NONE',  #726 ) ;
#332 = ORIENTED_EDGE ( 'NONE', *, *, #5946, .T. ) ;
#333 = PRESENTATION_STYLE_ASSIGNMENT (( #5070 ) ) ;
#334 = CARTESIAN_POINT ( 'NONE',  ( 0.9338999314605810342, 24.44525494324863502, 2.377930449574466643 ) ) ;
#335 = SURFACE_SIDE_STYLE ('',( #5010 ) ) ;
#336 = ORIENTED_EDGE ( 'NONE', *, *, #4761, .F. ) ;
#337 = EDGE_CURVE ( 'NONE', #3661, #3661, #5803, .T. ) ;
#338 = DIRECTION ( 'NONE',  ( 0.9238795325112849621, 0.000000000000000000, -0.3826834323650941116 ) ) ;
#339 = EDGE_LOOP ( 'NONE', ( #5090, #1361, #6096, #2961 ) ) ;
#340 = EDGE_CURVE ( 'NONE', #5151, #5882, #1023, .T. ) ;
#341 = CARTESIAN_POINT ( 'NONE',  ( -0.06427876096865370315, 17.50000000000000000, -2.553936284621321384 ) ) ;
#342 = DIRECTION ( 'NONE',  ( -0.3826834323650902814, 0.000000000000000000, -0.9238795325112866275 ) ) ;
#343 = CARTESIAN_POINT ( 'NONE',  ( -1.397553550899125474, 24.09647142437297873, -2.545076199333027311 ) ) ;
#344 = ORIENTED_EDGE ( 'NONE', *, *, #1236, .T. ) ;
#345 = CARTESIAN_POINT ( 'NONE',  ( 1.690878987334387018, 24.44525494324429715, 1.915111107797323964 ) ) ;
#346 = FILL_AREA_STYLE_COLOUR ( '', #757 ) ;
#347 = AXIS2_PLACEMENT_3D ( 'NONE', #212, #2100, #1620 ) ;
#348 = EDGE_CURVE ( 'NONE', #90, #5254, #1218, .T. ) ;
#349 = CARTESIAN_POINT ( 'NONE',  ( 3.101683518244848337, -5.000000000000000000, -7.212019392849181365 ) ) ;
#350 = DIRECTION ( 'NONE',  ( 0.000000000000000000, -1.000000000000000000, -0.000000000000000000 ) ) ;
#351 = ORIENTED_EDGE ( 'NONE', *, *, #2323, .T. ) ;
#352 = CIRCLE ( 'NONE', #1626, 0.1000000000000000472 ) ;
#353 = LINE ( 'NONE', #1862, #3938 ) ;
#354 = CARTESIAN_POINT ( 'NONE',  ( 2.008865503832064192, 24.22642293442397232, -1.915111107797551337 ) ) ;
#355 = CARTESIAN_POINT ( 'NONE',  ( -7.128363843406258837, -4.599999999999999645, -2.519708101351894491 ) ) ;
#356 = FILL_AREA_STYLE ('',( #808 ) ) ;
#357 = ORIENTED_EDGE ( 'NONE', *, *, #749, .F. ) ;
#358 = DIRECTION ( 'NONE',  ( 0.3826834323650902814, 0.000000000000000000, -0.9238795325112865164 ) ) ;
#359 = VECTOR ( 'NONE', #2504, 1000.000000000000000 ) ;
#360 = PRESENTATION_LAYER_ASSIGNMENT (  '', '', ( #2454 ) ) ;
#361 = DIRECTION ( 'NONE',  ( 0.9238795325112900692, 0.000000000000000000, 0.3826834323650817882 ) ) ;
#362 = CARTESIAN_POINT ( 'NONE',  ( 1.232564497704381479, 24.22653848144810595, 2.486635461717235263 ) ) ;
#363 = PRESENTATION_LAYER_ASSIGNMENT (  '', '', ( #3061 ) ) ;
#364 = AXIS2_PLACEMENT_3D ( 'NONE', #3993, #3494, #4387 ) ;
#365 = CARTESIAN_POINT ( 'NONE',  ( -0.05673178631841092889, 24.45117771391967665, -2.548190838701228422 ) ) ;
#366 = VERTEX_POINT ( 'NONE', #2346 ) ;
#367 = EDGE_LOOP ( 'NONE', ( #4793, #5852, #5078, #712 ) ) ;
#368 = CARTESIAN_POINT ( 'NONE',  ( 2.179457831497753073, 24.46379134448211445, 1.297062472973202540 ) ) ;
#369 = CARTESIAN_POINT ( 'NONE',  ( 0.000000000000000000, 9.500000000000001776, -4.250000000000000888 ) ) ;
#370 = VECTOR ( 'NONE', #815, 1000.000000000000000 ) ;
#371 = FILL_AREA_STYLE ('',( #1910 ) ) ;
#372 = EDGE_CURVE ( 'NONE', #2174, #1059, #2667, .T. ) ;
#373 = CARTESIAN_POINT ( 'NONE',  ( -0.8501159812463044974, 24.46796627992250350, -2.385057143558428461 ) ) ;
#374 = VERTEX_POINT ( 'NONE', #113 ) ;
#375 = B_SPLINE_CURVE_WITH_KNOTS ( 'NONE', 3,
 ( #4246, #515, #28, #2359 ),
 .UNSPECIFIED., .F., .F.,
 ( 4, 4 ),
 ( 0.0001003535443410311459, 0.0006790167176160630952 ),
 .UNSPECIFIED. ) ;
#376 = ORIENTED_EDGE ( 'NONE', *, *, #91, .F. ) ;
#377 = EDGE_CURVE ( 'NONE', #4294, #4416, #4265, .T. ) ;
#378 = DIRECTION ( 'NONE',  ( 0.000000000000000000, -0.000000000000000000, 1.000000000000000000 ) ) ;
#379 = CARTESIAN_POINT ( 'NONE',  ( 0.4278943801120520529, 24.10911168744626210, -2.859046016534827928 ) ) ;
#380 = CARTESIAN_POINT ( 'NONE',  ( 1.690878987334112127, 17.50000000000000000, -1.915111107797552448 ) ) ;
#381 = DIRECTION ( 'NONE',  ( 0.000000000000000000, 1.000000000000000000, 0.000000000000000000 ) ) ;
#382 = ORIENTED_EDGE ( 'NONE', *, *, #4677, .T. ) ;
#383 = ORIENTED_EDGE ( 'NONE', *, *, #3942, .T. ) ;
#384 = B_SPLINE_CURVE_WITH_KNOTS ( 'NONE', 3,
 ( #1377, #3310, #906, #5188, #5251, #1005, #2381, #607, #3910, #4857, #2988, #1071, #3969, #4790, #87, #2482, #576, #4331, #3403, #1963, #5343, #5281 ),
 .UNSPECIFIED., .F., .F.,
 ( 4, 3, 3, 3, 3, 3, 3, 4 ),
 ( 6.133173666733496745E-19, 3.737017153941239777E-05, 6.632414775228947222E-05, 9.559872338568212711E-05, 0.0001205902993703403893, 0.0001452370098981052224, 0.0001812528771457950355, 0.0001900682076238010155 ),
 .UNSPECIFIED. ) ;
#385 = CARTESIAN_POINT ( 'NONE',  ( 0.9256827505252844812, 24.45104258969298172, -2.374939640304629673 ) ) ;
#386 = CARTESIAN_POINT ( 'NONE',  ( -2.630610637707273103, -4.705661800954699991, -7.396106250776917967 ) ) ;
#387 =( NAMED_UNIT ( * ) PLANE_ANGLE_UNIT ( ) SI_UNIT ( $, .RADIAN. ) );
#388 =( LENGTH_UNIT ( ) NAMED_UNIT ( * ) SI_UNIT ( .MILLI., .METRE. ) );
#389 = VERTEX_POINT ( 'NONE', #3904 ) ;
#390 = VECTOR ( 'NONE', #1797, 1000.000000000000000 ) ;
#391 = AXIS2_PLACEMENT_3D ( 'NONE', #1501, #5879, #1561 ) ;
#392 = ORIENTED_EDGE ( 'NONE', *, *, #4268, .F. ) ;
#393 = PRESENTATION_STYLE_ASSIGNMENT (( #901 ) ) ;
#394 = CARTESIAN_POINT ( 'NONE',  ( 0.000000000000000000, 0.000000000000000000, 0.000000000000000000 ) ) ;
#395 = LINE ( 'NONE', #456, #4744 ) ;
#396 = DIRECTION ( 'NONE',  ( -0.000000000000000000, 1.000000000000000000, -0.000000000000000000 ) ) ;
#397 = ORIENTED_EDGE ( 'NONE', *, *, #4679, .F. ) ;
#398 = DIRECTION ( 'NONE',  ( 0.000000000000000000, 0.000000000000000000, 1.000000000000000000 ) ) ;
#399 = ORIENTED_EDGE ( 'NONE', *, *, #670, .T. ) ;
#400 = FILL_AREA_STYLE_COLOUR ( '', #964 ) ;
#401 = STYLED_ITEM ( 'NONE', ( #5293 ), #3018 ) ;
#402 = CARTESIAN_POINT ( 'NONE',  ( -0.9279563469594298564, 24.44929433676978547, -2.375921547184223215 ) ) ;
#403 = VERTEX_POINT ( 'NONE', #1457 ) ;
#404 = AXIS2_PLACEMENT_3D ( 'NONE', #1588, #2064, #1162 ) ;
#405 = EDGE_CURVE ( 'NONE', #1634, #3150, #2476, .T. ) ;
#406 = CARTESIAN_POINT ( 'NONE',  ( -1.663425971003613668, 24.46082274070669982, -1.918467757140397856 ) ) ;
#407 = DIRECTION ( 'NONE',  ( 0.000000000000000000, 0.000000000000000000, -1.000000000000000000 ) ) ;
#408 = CYLINDRICAL_SURFACE ( 'NONE', #3144, 0.1000000000000000472 ) ;
#409 =( NAMED_UNIT ( * ) PLANE_ANGLE_UNIT ( ) SI_UNIT ( $, .RADIAN. ) );
#410 = ORIENTED_EDGE ( 'NONE', *, *, #1030, .T. ) ;
#411 = EDGE_CURVE ( 'NONE', #302, #1543, #5405, .T. ) ;
#412 = ORIENTED_EDGE ( 'NONE', *, *, #5859, .F. ) ;
#413 = EDGE_CURVE ( 'NONE', #4217, #4217, #6106, .T. ) ;
#414 = DIRECTION ( 'NONE',  ( -0.3826834323650878389, 0.000000000000000000, 0.9238795325112875156 ) ) ;
#415 = DIRECTION ( 'NONE',  ( 0.000000000000000000, 1.000000000000000000, 0.000000000000000000 ) ) ;
#416 = CARTESIAN_POINT ( 'NONE',  ( 2.243913082607417842, 24.44525494324854975, 1.221301102390079274 ) ) ;
#417 = DIRECTION ( 'NONE',  ( 0.000000000000000000, 1.000000000000000000, 0.000000000000000000 ) ) ;
#418 = ORIENTED_EDGE ( 'NONE', *, *, #2349, .F. ) ;
#419 = DIRECTION ( 'NONE',  ( 0.3826834323650940561, -0.000000000000000000, 0.9238795325112848511 ) ) ;
#420 = B_SPLINE_CURVE_WITH_KNOTS ( 'NONE', 3,
 ( #5798, #1061, #5396, #5364, #136, #2017, #5865, #3070, #4967, #2441, #4355, #3962, #78, #3007, #3522, #5518, #5925, #1638, #4564, #4139, #2153, #1182 ),
 .UNSPECIFIED., .F., .F.,
 ( 4, 3, 3, 3, 3, 3, 3, 4 ),
 ( 2.002929634432099162E-17, 3.737017153940023437E-05, 6.632414775227663797E-05, 9.559872338566885919E-05, 0.0001205902993703293033, 0.0001452370098980963590, 0.0001812528771457880153, 0.0001900682076237978442 ),
 .UNSPECIFIED. ) ;
#421 = EDGE_CURVE ( 'NONE', #5391, #2399, #2887, .T. ) ;
#422 = AXIS2_PLACEMENT_3D ( 'NONE', #152, #2032, #1499 ) ;
#423 = EDGE_LOOP ( 'NONE', ( #1598 ) ) ;
#424 = LINE ( 'NONE', #3243, #3181 ) ;
#425 = CARTESIAN_POINT ( 'NONE',  ( -3.464101615137749501, 2.500000000000000000, 6.000000000000006217 ) ) ;
#426 = CARTESIAN_POINT ( 'NONE',  ( -0.02537608274529692953, 24.46645550312272022, 2.533431589784271853 ) ) ;
#427 = PRESENTATION_STYLE_ASSIGNMENT (( #3812 ) ) ;
#428 = VERTEX_POINT ( 'NONE', #5182 ) ;
#429 = CARTESIAN_POINT ( 'NONE',  ( -2.499225744951319772, 24.46649189398683077, -0.4154315365550013683 ) ) ;
#430 = ORIENTED_EDGE ( 'NONE', *, *, #1351, .F. ) ;
#431 = AXIS2_PLACEMENT_3D ( 'NONE', #5988, #6085, #414 ) ;
#432 = CARTESIAN_POINT ( 'NONE',  ( 1.510386574701177098, 24.11089388095961183, 2.462857397828599026 ) ) ;
#433 =( LENGTH_UNIT ( ) NAMED_UNIT ( * ) SI_UNIT ( .MILLI., .METRE. ) );
#434 =( NAMED_UNIT ( * ) SI_UNIT ( $, .STERADIAN. ) SOLID_ANGLE_UNIT ( ) );
#435 = VECTOR ( 'NONE', #2211, 1000.000000000000000 ) ;
#436 = ORIENTED_EDGE ( 'NONE', *, *, #984, .F. ) ;
#437 = AXIS2_PLACEMENT_3D ( 'NONE', #3428, #6153, #475 ) ;
#438 =( NAMED_UNIT ( * ) SI_UNIT ( $, .STERADIAN. ) SOLID_ANGLE_UNIT ( ) );
#439 = LINE ( 'NONE', #5080, #5458 ) ;
#440 = PRESENTATION_STYLE_ASSIGNMENT (( #3226 ) ) ;
#441 = SURFACE_STYLE_FILL_AREA ( #2333 ) ;
#442 = CARTESIAN_POINT ( 'NONE',  ( -2.395141502710961490, 24.33873950506902872, 1.166258458897399208 ) ) ;
#443 = VERTEX_POINT ( 'NONE', #3870 ) ;
#444 = AXIS2_PLACEMENT_3D ( 'NONE', #2768, #1850, #33 ) ;
#445 = DIRECTION ( 'NONE',  ( -0.000000000000000000, 1.000000000000000000, -0.000000000000000000 ) ) ;
#446 = ORIENTED_EDGE ( 'NONE', *, *, #5656, .F. ) ;
#447 = FACE_OUTER_BOUND ( 'NONE', #4602, .T. ) ;
#448 = CARTESIAN_POINT ( 'NONE',  ( -3.004064944065962806, -5.000000000000000000, -7.252454330213603306 ) ) ;
#449 = CARTESIAN_POINT ( 'NONE',  ( -3.319249669955566332E-15, -4.599999999999999645, -8.013377570109015555E-15 ) ) ;
#450 = VERTEX_POINT ( 'NONE', #2819 ) ;
#451 = ADVANCED_FACE ( 'NONE', ( #4724 ), #3549, .F. ) ;
#452 = CARTESIAN_POINT ( 'NONE',  ( 2.502791841330715972, 24.46402637105398981, 0.4088951524266157822 ) ) ;
#453 = COLOUR_RGB ( '',0.7764705882352941346, 0.7568627450980391913, 0.7372549019607843590 ) ;
#454 = AXIS2_PLACEMENT_3D ( 'NONE', #4247, #487, #4672 ) ;
#455 = CARTESIAN_POINT ( 'NONE',  ( -1.640462085174864360, 24.46796627992273088, 1.928750607702308439 ) ) ;
#456 = CARTESIAN_POINT ( 'NONE',  ( 0.4260709772376167770, 17.50000000000000000, -2.857515999855416933 ) ) ;
#457 = CARTESIAN_POINT ( 'NONE',  ( 2.526298143499372983, 17.50000000000000000, 0.3801841595458198553 ) ) ;
#458 = ORIENTED_EDGE ( 'NONE', *, *, #3782, .F. ) ;
#459 = AXIS2_PLACEMENT_3D ( 'NONE', #1707, #2260, #5009 ) ;
#460 = AXIS2_PLACEMENT_3D ( 'NONE', #5035, #4147, #3677 ) ;
#461 = DIRECTION ( 'NONE',  ( -1.000000000000000000, 0.000000000000000000, -0.000000000000000000 ) ) ;
#462 = VECTOR ( 'NONE', #169, 1000.000000000000000 ) ;
#463 = CARTESIAN_POINT ( 'NONE',  ( -7.089959504884854269, -4.705661800954699103, -3.369714263716276026 ) ) ;
#464 = ORIENTED_EDGE ( 'NONE', *, *, #3838, .T. ) ;
#465 = MECHANICAL_DESIGN_GEOMETRIC_PRESENTATION_REPRESENTATION (  '', ( #4171 ), #5029 ) ;
#466 = FILL_AREA_STYLE ('',( #1414 ) ) ;
#467 = DIRECTION ( 'NONE',  ( -0.7660444431189769032, 0.000000000000000000, -0.6427876096865405842 ) ) ;
#468 = DIRECTION ( 'NONE',  ( -0.9238795325112905132, -0.000000000000000000, -0.3826834323650807890 ) ) ;
#469 = EDGE_LOOP ( 'NONE', ( #4259, #5792, #38, #5191 ) ) ;
#470 = ORIENTED_EDGE ( 'NONE', *, *, #5831, .F. ) ;
#471 = AXIS2_PLACEMENT_3D ( 'NONE', #122, #2000, #3945 ) ;
#472 = CARTESIAN_POINT ( 'NONE',  ( 0.8818585568333940916, 24.46796627992243600, -2.373503790885853171 ) ) ;
#473 = CARTESIAN_POINT ( 'NONE',  ( 0.000000000000000000, 0.5000000000000000000, 0.000000000000000000 ) ) ;
#474 = ORIENTED_EDGE ( 'NONE', *, *, #595, .T. ) ;
#475 = DIRECTION ( 'NONE',  ( 0.9396926207859089830, 0.000000000000000000, 0.3420201433256671031 ) ) ;
#476 = AXIS2_PLACEMENT_3D ( 'NONE', #1241, #1669, #5494 ) ;
#477 = ORIENTED_EDGE ( 'NONE', *, *, #3209, .T. ) ;
#478 = EDGE_CURVE ( 'NONE', #3220, #3220, #1802, .T. ) ;
#479 = CARTESIAN_POINT ( 'NONE',  ( -1.672846800025855840, 24.45629017994163235, 1.916277569789668123 ) ) ;
#480 = DIRECTION ( 'NONE',  ( -0.000000000000000000, -1.000000000000000000, -0.000000000000000000 ) ) ;
#481 = EDGE_CURVE ( 'NONE', #3317, #2794, #5338, .T. ) ;
#482 = ORIENTED_EDGE ( 'NONE', *, *, #1383, .F. ) ;
#483 = B_SPLINE_CURVE_WITH_KNOTS ( 'NONE', 3,
 ( #5590, #1870, #479, #5125, #968, #6126, #455, #1839, #4269, #843, #6062, #4662, #1374, #3307, #3710, #1309, #4726, #5153, #6154 ),
 .UNSPECIFIED., .F., .F.,
 ( 4, 3, 3, 3, 3, 3, 4 ),
 ( 1.966951919820103616E-16, 3.145909545814070519E-05, 5.768159792061376960E-05, 8.411505865486578512E-05, 0.0001075980665466004467, 0.0001382024233624821455, 0.0001492729888274080740 ),
 .UNSPECIFIED. ) ;
#484 = ORIENTED_EDGE ( 'NONE', *, *, #3009, .F. ) ;
#485 = FACE_OUTER_BOUND ( 'NONE', #2617, .T. ) ;
#486 = DIRECTION ( 'NONE',  ( 0.000000000000000000, 0.000000000000000000, 1.000000000000000000 ) ) ;
#487 = DIRECTION ( 'NONE',  ( 0.000000000000000000, -1.000000000000000000, 0.000000000000000000 ) ) ;
#488 = SURFACE_STYLE_FILL_AREA ( #1384 ) ;
#489 = ORIENTED_EDGE ( 'NONE', *, *, #1348, .F. ) ;
#490 = EDGE_CURVE ( 'NONE', #99, #936, #526, .T. ) ;
#491 = DIRECTION ( 'NONE',  ( 0.3826834323650853964, 0.000000000000000000, -0.9238795325112885148 ) ) ;
#492 = CARTESIAN_POINT ( 'NONE',  ( 2.750700560393760874, 24.07614780132970722, -0.9912884502491208227 ) ) ;
#493 = CARTESIAN_POINT ( 'NONE',  ( -6.928203230275510549, 2.500000000000000000, 1.771773223306245828E-15 ) ) ;
#494 = VERTEX_POINT ( 'NONE', #1580 ) ;
#495 = EDGE_CURVE ( 'NONE', #5121, #5673, #630, .T. ) ;
#496 = ORIENTED_EDGE ( 'NONE', *, *, #6089, .F. ) ;
#497 = AXIS2_PLACEMENT_3D ( 'NONE', #5407, #3084, #3475 ) ;
#498 = CARTESIAN_POINT ( 'NONE',  ( 2.706531578267163951, 24.09647142437272649, 1.051311373421936590 ) ) ;
#499 = CARTESIAN_POINT ( 'NONE',  ( -2.740117462260086345, 24.11089388095987118, -0.9158004477463694837 ) ) ;
#500 = SURFACE_STYLE_USAGE ( .BOTH. , #4781 ) ;
#501 = DIRECTION ( 'NONE',  ( -0.000000000000000000, -1.000000000000000000, -0.000000000000000000 ) ) ;
#502 = ORIENTED_EDGE ( 'NONE', *, *, #942, .T. ) ;
#503 = CARTESIAN_POINT ( 'NONE',  ( 2.493608880278226358, 24.46038112602386150, 0.4812263264342218072 ) ) ;
#504 = ORIENTED_EDGE ( 'NONE', *, *, #3019, .F. ) ;
#505 =( NAMED_UNIT ( * ) PLANE_ANGLE_UNIT ( ) SI_UNIT ( $, .RADIAN. ) );
#506 = DIRECTION ( 'NONE',  ( -0.000000000000000000, -1.000000000000000000, -0.000000000000000000 ) ) ;
#507 = CARTESIAN_POINT ( 'NONE',  ( 0.8745059141960093152, 24.46899646116473548, 2.375124906111845124 ) ) ;
#508 = DIRECTION ( 'NONE',  ( 0.7660444431189770143, 0.000000000000000000, 0.6427876096865405842 ) ) ;
#509 = PRESENTATION_LAYER_ASSIGNMENT (  '', '', ( #1007 ) ) ;
#510 = CARTESIAN_POINT ( 'NONE',  ( 0.5347811657189146528, 24.08011071800934033, -2.870498654219548307 ) ) ;
#511 = ORIENTED_EDGE ( 'NONE', *, *, #2009, .F. ) ;
#512 = ORIENTED_EDGE ( 'NONE', *, *, #4905, .F. ) ;
#513 = PRODUCT ( 'SR16 6 position', 'SR16 6 position', '', ( #2518 ) ) ;
#514 = MECHANICAL_DESIGN_GEOMETRIC_PRESENTATION_REPRESENTATION (  '', ( #804 ), #4123 ) ;
#515 = CARTESIAN_POINT ( 'NONE',  ( -1.564452329447881818, 24.33873950472569092, 2.156235265866384587 ) ) ;
#516 = CARTESIAN_POINT ( 'NONE',  ( -6.975290470460203451, -5.000000000000000000, 2.889259914356463010 ) ) ;
#517 = EDGE_CURVE ( 'NONE', #574, #2417, #3523, .T. ) ;
#518 = DIRECTION ( 'NONE',  ( -0.9238795325112865164, -0.000000000000000000, -0.3826834323650904479 ) ) ;
#519 = DIRECTION ( 'NONE',  ( 0.000000000000000000, 1.000000000000000000, 0.000000000000000000 ) ) ;
#520 = EDGE_CURVE ( 'NONE', #1290, #1290, #3731, .T. ) ;
#521 = ORIENTED_EDGE ( 'NONE', *, *, #2286, .F. ) ;
#522 = B_SPLINE_CURVE_WITH_KNOTS ( 'NONE', 3,
 ( #4800, #463, #945, #856, #5634, #5603 ),
 .UNSPECIFIED., .F., .F.,
 ( 4, 2, 4 ),
 ( 0.000000000000000000, 0.0003124823142240917818, 0.0006249646284481835635 ),
 .UNSPECIFIED. ) ;
#523 = EDGE_LOOP ( 'NONE', ( #4560, #1176, #5997, #1744 ) ) ;
#524 =( LENGTH_UNIT ( ) NAMED_UNIT ( * ) SI_UNIT ( .MILLI., .METRE. ) );
#525 = DIRECTION ( 'NONE',  ( 0.000000000000000000, 0.000000000000000000, 1.000000000000000000 ) ) ;
#526 = CIRCLE ( 'NONE', #5905, 0.09999999999999982514 ) ;
#527 = ORIENTED_EDGE ( 'NONE', *, *, #4052, .T. ) ;
#528 = VERTEX_POINT ( 'NONE', #2019 ) ;
#529 = EDGE_CURVE ( 'NONE', #3966, #574, #2536, .T. ) ;
#530 = CARTESIAN_POINT ( 'NONE',  ( 2.752550735451419150, 24.08748573298174733, 0.9519473747801022734 ) ) ;
#531 = DIRECTION ( 'NONE',  ( 0.9238795325112885148, 0.000000000000000000, 0.3826834323650855074 ) ) ;
#532 = DIRECTION ( 'NONE',  ( -0.9238795325112885148, 0.000000000000000000, -0.3826834323650853964 ) ) ;
#533 = CARTESIAN_POINT ( 'NONE',  ( 2.163165183675333836, 17.50000000000000000, -1.915111107797550893 ) ) ;
#534 = EDGE_LOOP ( 'NONE', ( #6000 ) ) ;
#535 = CARTESIAN_POINT ( 'NONE',  ( -3.004064944065911291, -5.000000000000000000, 7.252454330213621070 ) ) ;
#536 = EDGE_CURVE ( 'NONE', #1785, #976, #3537, .T. ) ;
#537 = VECTOR ( 'NONE', #4155, 1000.000000000000000 ) ;
#538 = ORIENTED_EDGE ( 'NONE', *, *, #2850, .T. ) ;
#539 = AXIS2_PLACEMENT_3D ( 'NONE', #1667, #3670, #2660 ) ;
#540 = DIRECTION ( 'NONE',  ( -0.000000000000000000, 1.000000000000000000, -0.000000000000000000 ) ) ;
#541 = DIRECTION ( 'NONE',  ( 0.8660254037844389297, -0.000000000000000000, 0.4999999999999996114 ) ) ;
#542 = VECTOR ( 'NONE', #518, 1000.000000000000000 ) ;
#543 = CARTESIAN_POINT ( 'NONE',  ( 0.8660447954269749893, 24.46985301392155776, 2.377327468314807124 ) ) ;
#544 = PLANE ( 'NONE',  #2538 ) ;
#545 = COLOUR_RGB ( '',0.6470588235294117974, 0.6196078431372549211, 0.5882352941176470784 ) ;
#546 = ORIENTED_EDGE ( 'NONE', *, *, #348, .T. ) ;
#547 = ORIENTED_EDGE ( 'NONE', *, *, #3628, .F. ) ;
#548 = CARTESIAN_POINT ( 'NONE',  ( 2.163165183671093672, 24.11089388096343455, -1.915111107797550893 ) ) ;
#549 = CARTESIAN_POINT ( 'NONE',  ( 7.108793764933141190, -4.808964141696582040, 3.330614637021433122 ) ) ;
#550 =( NAMED_UNIT ( * ) PLANE_ANGLE_UNIT ( ) SI_UNIT ( $, .RADIAN. ) );
#551 = CYLINDRICAL_SURFACE ( 'NONE', #6147, 0.09999999999999982514 ) ;
#552 = LINE ( 'NONE', #4373, #4534 ) ;
#553 = CARTESIAN_POINT ( 'NONE',  ( -2.278115096945713791, 17.50000000000000000, -1.315270364466456288 ) ) ;
#554 = ORIENTED_EDGE ( 'NONE', *, *, #5675, .T. ) ;
#555 = LINE ( 'NONE', #1018, #4293 ) ;
#556 = EDGE_CURVE ( 'NONE', #2178, #2178, #4327, .T. ) ;
#557 = CARTESIAN_POINT ( 'NONE',  ( 2.751374610483370287, 24.09078937327012682, -0.9452217853316225993 ) ) ;
#558 = VECTOR ( 'NONE', #4720, 1000.000000000000000 ) ;
#559 = CARTESIAN_POINT ( 'NONE',  ( -1.510386574700650630, 17.50000000000000000, 2.462857397828261519 ) ) ;
#560 = ORIENTED_EDGE ( 'NONE', *, *, #3878, .T. ) ;
#561 = VECTOR ( 'NONE', #5270, 1000.000000000000000 ) ;
#562 = CYLINDRICAL_SURFACE ( 'NONE', #6127, 0.09999999999999999167 ) ;
#563 = ORIENTED_EDGE ( 'NONE', *, *, #2283, .F. ) ;
#564 = EDGE_CURVE ( 'NONE', #3252, #3121, #1550, .T. ) ;
#565 = CARTESIAN_POINT ( 'NONE',  ( -2.694410311315008411, 24.10565824199077412, 1.057055952367528029 ) ) ;
#566 = DIRECTION ( 'NONE',  ( -0.3826834323650889491, 0.000000000000000000, -0.9238795325112870716 ) ) ;
#567 = DIRECTION ( 'NONE',  ( 0.000000000000000000, 1.000000000000000000, 0.000000000000000000 ) ) ;
#568 = CARTESIAN_POINT ( 'NONE',  ( 2.261645958976552517, 24.11089388095995290, -1.797746290030845406 ) ) ;
#569 = CIRCLE ( 'NONE', #3982, 0.1000000000000000056 ) ;
#570 = ORIENTED_EDGE ( 'NONE', *, *, #377, .F. ) ;
#571 = CARTESIAN_POINT ( 'NONE',  ( -1.592398212032809068, 24.50000000000000000, -1.997746290030630867 ) ) ;
#572 = UNCERTAINTY_MEASURE_WITH_UNIT (LENGTH_MEASURE( 1.000000000000000082E-05 ), #2234, 'distance_accuracy_value', 'NONE');
#573 = ORIENTED_EDGE ( 'NONE', *, *, #1700, .T. ) ;
#574 = VERTEX_POINT ( 'NONE', #4472 ) ;
#575 = CARTESIAN_POINT ( 'NONE',  ( 1.496043154378905671, 24.08637983427266960, -2.500218373115242088 ) ) ;
#576 = CARTESIAN_POINT ( 'NONE',  ( -0.4491095353464347184, 24.09245612541776893, 2.872665458439089825 ) ) ;
#577 =( NAMED_UNIT ( * ) SI_UNIT ( $, .STERADIAN. ) SOLID_ANGLE_UNIT ( ) );
#578 = EDGE_CURVE ( 'NONE', #2958, #1281, #3027, .T. ) ;
#579 = VERTEX_POINT ( 'NONE', #4998 ) ;
#580 = VERTEX_POINT ( 'NONE', #5866 ) ;
#581 = CARTESIAN_POINT ( 'NONE',  ( -2.526298143498957760, 17.50000000000000000, 0.3801841595461689094 ) ) ;
#582 = AXIS2_PLACEMENT_3D ( 'NONE', #1083, #4407, #5354 ) ;
#583 = DIRECTION ( 'NONE',  ( 0.000000000000000000, 1.000000000000000000, 0.000000000000000000 ) ) ;
#584 = APPLICATION_PROTOCOL_DEFINITION ( 'draft international standard', 'automotive_design', 1998, #5432 ) ;
#585 = CARTESIAN_POINT ( 'NONE',  ( -3.196421199642760058, -4.956521243558936973, 7.170134877892327729 ) ) ;
#586 = CARTESIAN_POINT ( 'NONE',  ( -6.975290470460202563, -5.000000000000000000, 2.889259914356462566 ) ) ;
#587 = DIRECTION ( 'NONE',  ( -0.4999999999999996669, 0.000000000000000000, 0.8660254037844388186 ) ) ;
#588 = VERTEX_POINT ( 'NONE', #2625 ) ;
#589 = FILL_AREA_STYLE ('',( #2611 ) ) ;
#590 = CARTESIAN_POINT ( 'NONE',  ( -2.687716936213962349, 17.50000000000000000, -1.059769709824532447 ) ) ;
#591 = CARTESIAN_POINT ( 'NONE',  ( 2.769771727036460796, 24.22653848302571333, -0.1758855653987360934 ) ) ;
#592 = EDGE_LOOP ( 'NONE', ( #5740, #4953, #897, #527, #186 ) ) ;
#593 = CARTESIAN_POINT ( 'NONE',  ( 7.128363843406225087, -5.000000000000000000, -2.519708101351994411 ) ) ;
#594 = EDGE_LOOP ( 'NONE', ( #5166, #872, #5133, #3988 ) ) ;
#595 = EDGE_CURVE ( 'NONE', #4280, #5325, #687, .T. ) ;
#596 = CARTESIAN_POINT ( 'NONE',  ( 2.741307603962016781, 24.10911168744609512, 0.9178618336417293522 ) ) ;
#597 = CARTESIAN_POINT ( 'NONE',  ( 7.128363843406277489, 0.000000000000000000, 2.519708101351846086 ) ) ;
#598 = DIRECTION ( 'NONE',  ( 0.000000000000000000, -1.000000000000000000, 0.000000000000000000 ) ) ;
#599 = ADVANCED_FACE ( 'NONE', ( #3464 ), #3011, .T. ) ;
#600 = PRESENTATION_LAYER_ASSIGNMENT (  '', '', ( #1189 ) ) ;
#601 = ORIENTED_EDGE ( 'NONE', *, *, #3482, .T. ) ;
#602 = CARTESIAN_POINT ( 'NONE',  ( -2.201134169968297360, 24.46823170470898390, -1.250967392579848125 ) ) ;
#603 = EDGE_CURVE ( 'NONE', #4609, #4034, #1728, .T. ) ;
#604 = ORIENTED_EDGE ( 'NONE', *, *, #3264, .F. ) ;
#605 = CARTESIAN_POINT ( 'NONE',  ( 1.564452329448237089, 24.33873950472548486, -2.156235265866377926 ) ) ;
#606 = CARTESIAN_POINT ( 'NONE',  ( 0.03192212604804290504, 24.46402637105416389, 2.535772707593737074 ) ) ;
#607 = CARTESIAN_POINT ( 'NONE',  ( -0.5263707851406689286, 24.07755045136817884, 2.874669848738919065 ) ) ;
#608 = CARTESIAN_POINT ( 'NONE',  ( -2.254787108837598808, 24.08011071800947889, 1.855178835827665074 ) ) ;
#609 = EDGE_CURVE ( 'NONE', #1721, #1926, #5606, .T. ) ;
#610 = ORIENTED_EDGE ( 'NONE', *, *, #5707, .F. ) ;
#611 = ADVANCED_FACE ( 'NONE', ( #6018 ), #5549, .T. ) ;
#612 = ADVANCED_FACE ( 'NONE', ( #2213 ), #2156, .T. ) ;
#613 = CARTESIAN_POINT ( 'NONE',  ( -2.503974364089228466, 24.44525494324460269, -0.5067886038577151808 ) ) ;
#614 = CARTESIAN_POINT ( 'NONE',  ( 1.387073879761473227, 24.10342794339680594, 2.542872277700881423 ) ) ;
#615 = SURFACE_SIDE_STYLE ('',( #2492 ) ) ;
#616 = LINE ( 'NONE', #3480, #2224 ) ;
#617 = ORIENTED_EDGE ( 'NONE', *, *, #3751, .T. ) ;
#618 = EDGE_CURVE ( 'NONE', #90, #3845, #1699, .T. ) ;
#619 = VECTOR ( 'NONE', #5118, 1000.000000000000000 ) ;
#620 = CARTESIAN_POINT ( 'NONE',  ( 2.671576081883832110, -4.808964141696580263, 7.381776472597903371 ) ) ;
#621 = CARTESIAN_POINT ( 'NONE',  ( -0.8130953767552957512, 17.50000000000000000, -2.421899711655268295 ) ) ;
#622 = ORIENTED_EDGE ( 'NONE', *, *, #2697, .F. ) ;
#623 = LINE ( 'NONE', #5861, #5625 ) ;
#624 = ORIENTED_EDGE ( 'NONE', *, *, #2709, .T. ) ;
#625 = AXIS2_PLACEMENT_3D ( 'NONE', #753, #6022, #3674 ) ;
#626 = CARTESIAN_POINT ( 'NONE',  ( -2.519708101351870955, 0.000000000000000000, 7.128363843406268607 ) ) ;
#627 = DIRECTION ( 'NONE',  ( -0.9238795325112878487, 0.000000000000000000, -0.3826834323650872838 ) ) ;
#628 = CARTESIAN_POINT ( 'NONE',  ( 2.519708101351919805, -5.000000000000000000, -7.128363843406251732 ) ) ;
#629 = SURFACE_STYLE_FILL_AREA ( #1520 ) ;
#630 = LINE ( 'NONE', #4538, #5308 ) ;
#631 = DIRECTION ( 'NONE',  ( 0.000000000000000000, 0.000000000000000000, -1.000000000000000000 ) ) ;
#632 = CARTESIAN_POINT ( 'NONE',  ( -1.377703785066863196, 17.50000000000000000, 2.539461842140159575 ) ) ;
#633 = FACE_OUTER_BOUND ( 'NONE', #2934, .T. ) ;
#634 = ADVANCED_FACE ( 'NONE', ( #776, #748 ), #4468, .T. ) ;
#635 = SURFACE_STYLE_USAGE ( .BOTH. , #2164 ) ;
#636 = CARTESIAN_POINT ( 'NONE',  ( 2.542577648853365790, 24.22653848144623012, -1.112596090246770641 ) ) ;
#637 = VECTOR ( 'NONE', #4770, 1000.000000000000000 ) ;
#638 = CARTESIAN_POINT ( 'NONE',  ( -1.510386574700823381, 24.11089388095980013, -2.462857397828597250 ) ) ;
#639 = CARTESIAN_POINT ( 'NONE',  ( -7.292889349516084252, -5.000000000000000888, -2.906446172071083467 ) ) ;
#640 = CARTESIAN_POINT ( 'NONE',  ( 0.000000000000000000, 0.000000000000000000, 0.000000000000000000 ) ) ;
#641 = CARTESIAN_POINT ( 'NONE',  ( -2.201201675404330427, 24.46796627992259587, 1.251361635901529379 ) ) ;
#642 = ORIENTED_EDGE ( 'NONE', *, *, #3667, .T. ) ;
#643 = CARTESIAN_POINT ( 'NONE',  ( 3.258811727360997779, 0.000000000000000000, 6.822217097514156059 ) ) ;
#644 = EDGE_LOOP ( 'NONE', ( #4276, #2081, #3406, #3297 ) ) ;
#645 = VECTOR ( 'NONE', #3987, 1000.000000000000000 ) ;
#646 = SURFACE_SIDE_STYLE ('',( #1108 ) ) ;
#647 = LINE ( 'NONE', #590, #4091 ) ;
#648 = B_SPLINE_CURVE_WITH_KNOTS ( 'NONE', 3,
 ( #4332, #4399, #5252, #5710 ),
 .UNSPECIFIED., .F., .F.,
 ( 4, 4 ),
 ( 0.0001003535443410314847, 0.0006790167176160569152 ),
 .UNSPECIFIED. ) ;
#649 = CARTESIAN_POINT ( 'NONE',  ( -1.991549801973302250E-15, -4.599999999999999645, 4.808026542065424794E-15 ) ) ;
#650 = ORIENTED_EDGE ( 'NONE', *, *, #1575, .T. ) ;
#651 = DIRECTION ( 'NONE',  ( -0.1736481776669325516, 0.000000000000000000, -0.9848077530122075762 ) ) ;
#652 = AXIS2_PLACEMENT_3D ( 'NONE', #297, #4087, #1675 ) ;
#653 = ORIENTED_EDGE ( 'NONE', *, *, #853, .T. ) ;
#654 = B_SPLINE_CURVE_WITH_KNOTS ( 'NONE', 3,
 ( #1928, #3778, #3876, #5741 ),
 .UNSPECIFIED., .F., .F.,
 ( 4, 4 ),
 ( 0.001620776735234912220, 0.002200389622857326123 ),
 .UNSPECIFIED. ) ;
#655 = CARTESIAN_POINT ( 'NONE',  ( 0.5244926822405044931, 24.07731203357808170, 2.875252052742363063 ) ) ;
#656 = VECTOR ( 'NONE', #3968, 1000.000000000000000 ) ;
#657 = DIRECTION ( 'NONE',  ( 0.000000000000000000, 1.000000000000000000, 0.000000000000000000 ) ) ;
#658 = DIRECTION ( 'NONE',  ( -0.000000000000000000, -1.000000000000000000, -0.000000000000000000 ) ) ;
#659 = CARTESIAN_POINT ( 'NONE',  ( -1.596678209310988361, 24.45629017994087917, -1.980190606166749800 ) ) ;
#660 = FACE_OUTER_BOUND ( 'NONE', #3814, .T. ) ;
#661 = AXIS2_PLACEMENT_3D ( 'NONE', #1931, #1042, #508 ) ;
#662 = CARTESIAN_POINT ( 'NONE',  ( 0.05938070355106893350, 24.44929433676972153, 2.550015708242339141 ) ) ;
#663 = CARTESIAN_POINT ( 'NONE',  ( 2.687716936214680441, 24.11089388095954078, -1.059769709824642803 ) ) ;
#664 = EDGE_CURVE ( 'NONE', #3707, #580, #2873, .T. ) ;
#665 = LINE ( 'NONE', #209, #5481 ) ;
#666 = LINE ( 'NONE', #179, #3273 ) ;
#667 = FACE_OUTER_BOUND ( 'NONE', #3210, .T. ) ;
#668 = CARTESIAN_POINT ( 'NONE',  ( -2.180082519975313549, 24.46402637105431666, 1.295531725897134390 ) ) ;
#669 = ORIENTED_EDGE ( 'NONE', *, *, #3019, .T. ) ;
#670 = EDGE_CURVE ( 'NONE', #839, #4895, #1211, .T. ) ;
#671 = LINE ( 'NONE', #2103, #5614 ) ;
#672 = EDGE_LOOP ( 'NONE', ( #6123 ) ) ;
#673 = PRESENTATION_LAYER_ASSIGNMENT (  '', '', ( #1657 ) ) ;
#674 = PRESENTATION_STYLE_ASSIGNMENT (( #4955 ) ) ;
#675 = CARTESIAN_POINT ( 'NONE',  ( 2.263728145804575931, 24.09647142437275846, -1.818269416213029510 ) ) ;
#676 = SURFACE_SIDE_STYLE ('',( #3126 ) ) ;
#677 = ORIENTED_EDGE ( 'NONE', *, *, #2788, .T. ) ;
#678 = EDGE_CURVE ( 'NONE', #2079, #3647, #3119, .T. ) ;
#679 = CARTESIAN_POINT ( 'NONE',  ( 3.000162450711787887, -5.000000000000000000, -7.243032877830883010 ) ) ;
#680 =( GEOMETRIC_REPRESENTATION_CONTEXT ( 3 ) GLOBAL_UNCERTAINTY_ASSIGNED_CONTEXT ( ( #2811 ) ) GLOBAL_UNIT_ASSIGNED_CONTEXT ( ( #1472, #1847, #1382 ) ) REPRESENTATION_CONTEXT ( 'NONE', 'WORKASPACE' ) );
#681 = ORIENTED_EDGE ( 'NONE', *, *, #2583, .T. ) ;
#682 = EDGE_CURVE ( 'NONE', #403, #3092, #4077, .T. ) ;
#683 = CARTESIAN_POINT ( 'NONE',  ( 0.4337095484186220817, 24.10342794339686279, 2.863925522115822631 ) ) ;
#684 = EDGE_CURVE ( 'NONE', #5285, #4294, #4950, .T. ) ;
#685 = DIRECTION ( 'NONE',  ( 0.000000000000000000, 0.000000000000000000, -1.000000000000000000 ) ) ;
#686 = CARTESIAN_POINT ( 'NONE',  ( -6.928203230275510549, 2.500000000000000000, 1.771773223306245828E-15 ) ) ;
#687 = LINE ( 'NONE', #1989, #2115 ) ;
#688 = UNCERTAINTY_MEASURE_WITH_UNIT (LENGTH_MEASURE( 1.000000000000000082E-05 ), #3179, 'distance_accuracy_value', 'NONE');
#689 = DIRECTION ( 'NONE',  ( -0.3826834323650902814, 0.000000000000000000, -0.9238795325112865164 ) ) ;
#690 = DIRECTION ( 'NONE',  ( 0.000000000000000000, 1.000000000000000000, 0.000000000000000000 ) ) ;
#691 = LINE ( 'NONE', #5004, #711 ) ;
#692 = CYLINDRICAL_SURFACE ( 'NONE', #4952, 0.1000000000000000472 ) ;
#693 = FACE_OUTER_BOUND ( 'NONE', #2975, .T. ) ;
#694 = DIRECTION ( 'NONE',  ( -0.000000000000000000, -1.000000000000000000, -0.000000000000000000 ) ) ;
#695 = AXIS2_PLACEMENT_3D ( 'NONE', #3886, #5751, #5162 ) ;
#696 = SURFACE_STYLE_FILL_AREA ( #5591 ) ;
#697 = CARTESIAN_POINT ( 'NONE',  ( 1.592398212033163230, 24.44525494324431847, 1.997746290030629979 ) ) ;
#698 =( NAMED_UNIT ( * ) PLANE_ANGLE_UNIT ( ) SI_UNIT ( $, .RADIAN. ) );
#699 = PLANE ( 'NONE',  #6012 ) ;
#700 = CARTESIAN_POINT ( 'NONE',  ( -2.183936626264188607, 24.46823170470898390, 1.280754412040750134 ) ) ;
#701 = ORIENTED_EDGE ( 'NONE', *, *, #1050, .T. ) ;
#702 = LINE ( 'NONE', #1222, #5214 ) ;
#703 = ORIENTED_EDGE ( 'NONE', *, *, #4383, .T. ) ;
#704 =( LENGTH_UNIT ( ) NAMED_UNIT ( * ) SI_UNIT ( .MILLI., .METRE. ) );
#705 = CARTESIAN_POINT ( 'NONE',  ( 2.163165183671093672, 24.11089388096343455, -1.915111107797550893 ) ) ;
#706 = DIRECTION ( 'NONE',  ( 0.000000000000000000, 0.000000000000000000, 1.000000000000000000 ) ) ;
#707 = EDGE_CURVE ( 'NONE', #1495, #1815, #182, .T. ) ;
#708 = B_SPLINE_CURVE_WITH_KNOTS ( 'NONE', 3,
 ( #5259, #30, #1411, #5754 ),
 .UNSPECIFIED., .F., .F.,
 ( 4, 4 ),
 ( 0.0001496924492151253461, 0.0007283556224831055090 ),
 .UNSPECIFIED. ) ;
#709 = CARTESIAN_POINT ( 'NONE',  ( -0.8660447954266301540, 24.46985301392167855, -2.377327468314803571 ) ) ;
#710 = ORIENTED_EDGE ( 'NONE', *, *, #1401, .T. ) ;
#711 = VECTOR ( 'NONE', #2161, 999.9999999999998863 ) ;
#712 = ORIENTED_EDGE ( 'NONE', *, *, #5093, .T. ) ;
#713 = CARTESIAN_POINT ( 'NONE',  ( -2.163165183669119696, 24.11089388096474551, -1.915111107797322632 ) ) ;
#714 = DIRECTION ( 'NONE',  ( 0.000000000000000000, -1.000000000000000000, 0.000000000000000000 ) ) ;
#715 = FILL_AREA_STYLE ('',( #4081 ) ) ;
#716 = ORIENTED_EDGE ( 'NONE', *, *, #3757, .F. ) ;
#717 = CARTESIAN_POINT ( 'NONE',  ( -2.206418036534361526, 24.46649189398681656, -1.245163496834002403 ) ) ;
#718 = CARTESIAN_POINT ( 'NONE',  ( 2.462019382530719724, 17.50000000000000000, 0.4341204441671498437 ) ) ;
#719 = CARTESIAN_POINT ( 'NONE',  ( 0.9999999999999997780, 11.50000000000000178, -7.786045209218862340 ) ) ;
#720 = CYLINDRICAL_SURFACE ( 'NONE', #5588, 0.1000000000000000472 ) ;
#721 = LINE ( 'NONE', #3140, #265 ) ;
#722 = VERTEX_POINT ( 'NONE', #2644 ) ;
#723 = VECTOR ( 'NONE', #350, 1000.000000000000000 ) ;
#724 = EDGE_CURVE ( 'NONE', #4593, #4748, #3088, .T. ) ;
#725 = CARTESIAN_POINT ( 'NONE',  ( -2.190551627362990583, 24.09245612541787196, 1.911907366664215013 ) ) ;
#726 = AXIS2_PLACEMENT_3D ( 'NONE', #3738, #1341, #358 ) ;
#727 = FACE_OUTER_BOUND ( 'NONE', #5478, .T. ) ;
#728 = DIRECTION ( 'NONE',  ( -0.5000000000000017764, 0.000000000000000000, -0.8660254037844377084 ) ) ;
#729 = CARTESIAN_POINT ( 'NONE',  ( -7.212019310911111702, -5.000000000000000888, 3.101683716060842144 ) ) ;
#730 = CARTESIAN_POINT ( 'NONE',  ( 0.7326284156241235079, 24.33873950571206990, 2.561272576665740708 ) ) ;
#731 = ORIENTED_EDGE ( 'NONE', *, *, #140, .F. ) ;
#732 = CARTESIAN_POINT ( 'NONE',  ( 2.178115847981857645, 24.45104258969284317, 1.324023490154660143 ) ) ;
#733 = CIRCLE ( 'NONE', #2734, 0.4000000000000003553 ) ;
#734 = CARTESIAN_POINT ( 'NONE',  ( 0.06427876096865388356, 24.50000000000000000, -2.553936284621321384 ) ) ;
#735 = PRESENTATION_STYLE_ASSIGNMENT (( #2946 ) ) ;
#736 = PLANE ( 'NONE',  #454 ) ;
#737 = AXIS2_PLACEMENT_3D ( 'NONE', #4685, #5667, #39 ) ;
#738 = CARTESIAN_POINT ( 'NONE',  ( -0.8300502164769523183, 24.46038112602409242, -2.400141800640366974 ) ) ;
#739 = B_SPLINE_CURVE_WITH_KNOTS ( 'NONE', 3,
 ( #5384, #3947, #5755, #4951 ),
 .UNSPECIFIED., .F., .F.,
 ( 4, 4 ),
 ( 0.0001004224161591158842, 0.0006790855898711141468 ),
 .UNSPECIFIED. ) ;
#740 = VERTEX_POINT ( 'NONE', #1653 ) ;
#741 = STYLED_ITEM ( 'NONE', ( #2108 ), #4565 ) ;
#742 = EDGE_LOOP ( 'NONE', ( #3517, #4436, #2558, #2755 ) ) ;
#743 = ADVANCED_FACE ( 'NONE', ( #5382 ), #764, .F. ) ;
#744 = VECTOR ( 'NONE', #4707, 1000.000000000000000 ) ;
#745 = CARTESIAN_POINT ( 'NONE',  ( -2.245392924229379084, 24.07622500002016608, -1.872629331289780374 ) ) ;
#746 = CARTESIAN_POINT ( 'NONE',  ( 6.975290470460185688, -4.599999999999999645, -2.889259914356507863 ) ) ;
#747 = SURFACE_SIDE_STYLE ('',( #1668 ) ) ;
#748 = FACE_OUTER_BOUND ( 'NONE', #2827, .T. ) ;
#749 = EDGE_CURVE ( 'NONE', #1355, #5315, #5969, .T. ) ;
#750 = UNCERTAINTY_MEASURE_WITH_UNIT (LENGTH_MEASURE( 1.000000000000000082E-05 ), #4731, 'distance_accuracy_value', 'NONE');
#751 =( GEOMETRIC_REPRESENTATION_CONTEXT ( 3 ) GLOBAL_UNCERTAINTY_ASSIGNED_CONTEXT ( ( #2687 ) ) GLOBAL_UNIT_ASSIGNED_CONTEXT ( ( #996, #4878, #3125 ) ) REPRESENTATION_CONTEXT ( 'NONE', 'WORKASPACE' ) );
#752 = VECTOR ( 'NONE', #5005, 1000.000000000000227 ) ;
#753 = CARTESIAN_POINT ( 'NONE',  ( -2.163165183675169967, 17.50000000000000000, -1.815111107797322543 ) ) ;
#754 = CARTESIAN_POINT ( 'NONE',  ( 1.619665548755066853, 24.46899646116451876, -1.944906790510446903 ) ) ;
#755 = LINE ( 'NONE', #269, #5830 ) ;
#756 = CARTESIAN_POINT ( 'NONE',  ( 1.592398212033163230, 24.44525494324431847, 1.997746290030629979 ) ) ;
#757 = COLOUR_RGB ( '',0.6470588235294117974, 0.6196078431372549211, 0.5882352941176470784 ) ;
#758 = ORIENTED_EDGE ( 'NONE', *, *, #1359, .F. ) ;
#759 = CARTESIAN_POINT ( 'NONE',  ( 1.606969024216384323, 17.50000000000000000, -1.915111107797552670 ) ) ;
#760 = CLOSED_SHELL ( 'NONE', ( #2969, #4393, #982, #5642, #2618, #1814, #3362, #5543, #5437 ) ) ;
#761 = ADVANCED_FACE ( 'NONE', ( #213 ), #5849, .T. ) ;
#762 =( LENGTH_UNIT ( ) NAMED_UNIT ( * ) SI_UNIT ( .MILLI., .METRE. ) );
#763 = EDGE_CURVE ( 'NONE', #838, #580, #3507, .T. ) ;
#764 = CYLINDRICAL_SURFACE ( 'NONE', #5061, 0.09999999999999982514 ) ;
#765 = DIRECTION ( 'NONE',  ( 0.1736481776669281663, 0.000000000000000000, 0.9848077530122084644 ) ) ;
#766 = ORIENTED_EDGE ( 'NONE', *, *, #5811, .F. ) ;
#767 = DIRECTION ( 'NONE',  ( 0.000000000000000000, 0.000000000000000000, 1.000000000000000000 ) ) ;
#768 = CARTESIAN_POINT ( 'NONE',  ( -3.369714263716251601, -4.599999999999999645, 7.089959504884866703 ) ) ;
#769 = CARTESIAN_POINT ( 'NONE',  ( 2.206704156876087897, 24.46645550312256390, -1.244739462586021972 ) ) ;
#770 = EDGE_LOOP ( 'NONE', ( #2302, #5810, #5820, #1736, #3271 ) ) ;
#771 = VERTEX_POINT ( 'NONE', #4982 ) ;
#772 = CARTESIAN_POINT ( 'NONE',  ( 2.234825302805137248, 24.22653848112886266, -1.645638790295681275 ) ) ;
#773 =( NAMED_UNIT ( * ) SI_UNIT ( $, .STERADIAN. ) SOLID_ANGLE_UNIT ( ) );
#774 = FACE_OUTER_BOUND ( 'NONE', #1413, .T. ) ;
#775 = EDGE_CURVE ( 'NONE', #2550, #1001, #1458, .T. ) ;
#776 = FACE_BOUND ( 'NONE', #3774, .T. ) ;
#777 = CARTESIAN_POINT ( 'NONE',  ( 2.900512267738606376, 24.09876993821314883, -0.06491376191112284422 ) ) ;
#778 = EDGE_CURVE ( 'NONE', #5419, #1495, #3622, .T. ) ;
#779 = FACE_OUTER_BOUND ( 'NONE', #5488, .T. ) ;
#780 =( NAMED_UNIT ( * ) SI_UNIT ( $, .STERADIAN. ) SOLID_ANGLE_UNIT ( ) );
#781 = CARTESIAN_POINT ( 'NONE',  ( 1.609019228726681128, 24.46645550312260298, 1.957032622947490141 ) ) ;
#782 = ORIENTED_EDGE ( 'NONE', *, *, #1359, .T. ) ;
#783 = ORIENTED_EDGE ( 'NONE', *, *, #3818, .F. ) ;
#784 = EDGE_CURVE ( 'NONE', #4708, #5628, #3148, .T. ) ;
#785 = CARTESIAN_POINT ( 'NONE',  ( 7.089959504884879138, 0.000000000000000000, 3.369714263716227620 ) ) ;
#786 = COLOUR_RGB ( '',0.7764705882352941346, 0.7568627450980391913, 0.7372549019607843590 ) ;
#787 = CARTESIAN_POINT ( 'NONE',  ( 0.9999999999999997780, 9.300000000000000711, -7.786045209218862340 ) ) ;
#788 = DIRECTION ( 'NONE',  ( 0.000000000000000000, 0.000000000000000000, 1.000000000000000000 ) ) ;
#789 =( NAMED_UNIT ( * ) SI_UNIT ( $, .STERADIAN. ) SOLID_ANGLE_UNIT ( ) );
#790 = VERTEX_POINT ( 'NONE', #156 ) ;
#791 = DIRECTION ( 'NONE',  ( -0.3826834323650969982, -0.000000000000000000, -0.9238795325112838519 ) ) ;
#792 = VERTEX_POINT ( 'NONE', #5447 ) ;
#793 =( NAMED_UNIT ( * ) PLANE_ANGLE_UNIT ( ) SI_UNIT ( $, .RADIAN. ) );
#794 = CARTESIAN_POINT ( 'NONE',  ( -2.503974364085935989, 24.44525494324886949, 0.5067886038524687109 ) ) ;
#795 = CARTESIAN_POINT ( 'NONE',  ( -1.509973242825520146, 24.10911168744635447, -2.465201519378406925 ) ) ;
#796 = EDGE_CURVE ( 'NONE', #579, #5980, #4512, .T. ) ;
#797 = ORIENTED_EDGE ( 'NONE', *, *, #1567, .T. ) ;
#798 = FACE_OUTER_BOUND ( 'NONE', #5377, .T. ) ;
#799 = SURFACE_STYLE_FILL_AREA ( #4711 ) ;
#800 =( LENGTH_UNIT ( ) NAMED_UNIT ( * ) SI_UNIT ( .MILLI., .METRE. ) );
#801 = ORIENTED_EDGE ( 'NONE', *, *, #778, .F. ) ;
#802 = VECTOR ( 'NONE', #5554, 1000.000000000000000 ) ;
#803 = UNCERTAINTY_MEASURE_WITH_UNIT (LENGTH_MEASURE( 1.000000000000000082E-05 ), #1901, 'distance_accuracy_value', 'NONE');
#804 = STYLED_ITEM ( 'NONE', ( #5335 ), #4008 ) ;
#805 = DIRECTION ( 'NONE',  ( 0.000000000000000000, 1.000000000000000000, 0.000000000000000000 ) ) ;
#806 = DIRECTION ( 'NONE',  ( 0.000000000000000000, 0.000000000000000000, -1.000000000000000000 ) ) ;
#807 = CARTESIAN_POINT ( 'NONE',  ( -2.261645958976199910, 17.50000000000000000, 1.797746290030857841 ) ) ;
#808 = FILL_AREA_STYLE_COLOUR ( '', #5334 ) ;
#809 = ORIENTED_EDGE ( 'NONE', *, *, #1859, .F. ) ;
#810 = PRESENTATION_STYLE_ASSIGNMENT (( #5587 ) ) ;
#811 = ORIENTED_EDGE ( 'NONE', *, *, #1212, .T. ) ;
#812 = ADVANCED_FACE ( 'NONE', ( #4695 ), #1343, .F. ) ;
#813 =( GEOMETRIC_REPRESENTATION_CONTEXT ( 3 ) GLOBAL_UNCERTAINTY_ASSIGNED_CONTEXT ( ( #4817 ) ) GLOBAL_UNIT_ASSIGNED_CONTEXT ( ( #5547, #409, #4225 ) ) REPRESENTATION_CONTEXT ( 'NONE', 'WORKASPACE' ) );
#814 = PLANE ( 'NONE',  #5000 ) ;
#815 = DIRECTION ( 'NONE',  ( -0.9396926207859078728, 0.000000000000000000, 0.3420201433256701562 ) ) ;
#816 = AXIS2_PLACEMENT_3D ( 'NONE', #5835, #3496, #1639 ) ;
#817 = CARTESIAN_POINT ( 'NONE',  ( 0.06427876096865399458, 24.44525494324442150, -2.553936284621321384 ) ) ;
#818 = ORIENTED_EDGE ( 'NONE', *, *, #4890, .F. ) ;
#819 = DIRECTION ( 'NONE',  ( -0.000000000000000000, -1.000000000000000000, -0.000000000000000000 ) ) ;
#820 = EDGE_CURVE ( 'NONE', #4017, #1765, #5242, .T. ) ;
#821 = ORIENTED_EDGE ( 'NONE', *, *, #3757, .T. ) ;
#822 = DIRECTION ( 'NONE',  ( 0.000000000000000000, 0.000000000000000000, 1.000000000000000000 ) ) ;
#823 = CARTESIAN_POINT ( 'NONE',  ( 2.235695901672287267, 24.45104258969283961, -1.224291911660289278 ) ) ;
#824 = ORIENTED_EDGE ( 'NONE', *, *, #490, .F. ) ;
#825 = CIRCLE ( 'NONE', #2628, 0.09999999999999999167 ) ;
#826 = VECTOR ( 'NONE', #1356, 1000.000000000000114 ) ;
#827 = DIRECTION ( 'NONE',  ( 0.000000000000000000, 1.000000000000000000, 0.000000000000000000 ) ) ;
#828 = FACE_BOUND ( 'NONE', #1111, .T. ) ;
#829 =( NAMED_UNIT ( * ) SI_UNIT ( $, .STERADIAN. ) SOLID_ANGLE_UNIT ( ) );
#830 = AXIS2_PLACEMENT_3D ( 'NONE', #2068, #1474, #2461 ) ;
#831 = LINE ( 'NONE', #4224, #3547 ) ;
#832 = ORIENTED_EDGE ( 'NONE', *, *, #4640, .F. ) ;
#833 =( NAMED_UNIT ( * ) PLANE_ANGLE_UNIT ( ) SI_UNIT ( $, .RADIAN. ) );
#834 = PRESENTATION_LAYER_ASSIGNMENT (  '', '', ( #5326 ) ) ;
#835 = PRESENTATION_LAYER_ASSIGNMENT (  '', '', ( #1336 ) ) ;
#836 = CARTESIAN_POINT ( 'NONE',  ( -2.741307603961663286, 24.10911168744642907, -0.9178618336417309065 ) ) ;
#837 = DIRECTION ( 'NONE',  ( 0.000000000000000000, -1.000000000000000000, 0.000000000000000000 ) ) ;
#838 = VERTEX_POINT ( 'NONE', #4237 ) ;
#839 = VERTEX_POINT ( 'NONE', #2313 ) ;
#840 = LINE ( 'NONE', #2720, #2317 ) ;
#841 = VERTEX_POINT ( 'NONE', #3777 ) ;
#842 = PRESENTATION_LAYER_ASSIGNMENT (  '', '', ( #1541 ) ) ;
#843 = CARTESIAN_POINT ( 'NONE',  ( -1.619665548755105267, 24.46899646116479943, 1.944906790510048555 ) ) ;
#844 = VECTOR ( 'NONE', #3139, 1000.000000000000000 ) ;
#845 = CARTESIAN_POINT ( 'NONE',  ( 0.008361421540029946933, 24.46948457643204833, -2.530515947507586461 ) ) ;
#846 = ORIENTED_EDGE ( 'NONE', *, *, #282, .F. ) ;
#847 = DIRECTION ( 'NONE',  ( 0.000000000000000000, 0.000000000000000000, 1.000000000000000000 ) ) ;
#848 = EDGE_CURVE ( 'NONE', #5745, #5613, #424, .T. ) ;
#849 = ORIENTED_EDGE ( 'NONE', *, *, #1809, .F. ) ;
#850 = DIRECTION ( 'NONE',  ( 0.000000000000000000, 0.000000000000000000, -1.000000000000000000 ) ) ;
#851 = EDGE_CURVE ( 'NONE', #4748, #3404, #2855, .T. ) ;
#852 = VERTEX_POINT ( 'NONE', #3189 ) ;
#853 = EDGE_CURVE ( 'NONE', #2047, #1347, #483, .T. ) ;
#854 = VECTOR ( 'NONE', #4348, 1000.000000000000000 ) ;
#855 = PRESENTATION_STYLE_ASSIGNMENT (( #5601 ) ) ;
#856 = CARTESIAN_POINT ( 'NONE',  ( -7.170134877892313519, -4.956521243558937861, -3.196421199642784927 ) ) ;
#857 = VERTEX_POINT ( 'NONE', #1898 ) ;
#858 = FACE_OUTER_BOUND ( 'NONE', #4572, .T. ) ;
#859 = DIRECTION ( 'NONE',  ( 0.000000000000000000, -0.000000000000000000, 1.000000000000000000 ) ) ;
#860 = FACE_OUTER_BOUND ( 'NONE', #947, .T. ) ;
#861 = CARTESIAN_POINT ( 'NONE',  ( -3.101683716060816387, -5.000000000000000000, -7.212019310911128578 ) ) ;
#862 = ORIENTED_EDGE ( 'NONE', *, *, #618, .F. ) ;
#863 = ORIENTED_EDGE ( 'NONE', *, *, #185, .T. ) ;
#864 = MANIFOLD_SOLID_BREP ( 'Скругление2', #1739 ) ;
#865 = EDGE_CURVE ( 'NONE', #1481, #4844, #4208, .T. ) ;
#866 = VECTOR ( 'NONE', #3513, 1000.000000000000000 ) ;
#867 = FILL_AREA_STYLE_COLOUR ( '', #3871 ) ;
#868 = CARTESIAN_POINT ( 'NONE',  ( -2.752550735451066100, 24.08748573298207774, -0.9519473747801086017 ) ) ;
#869 = CARTESIAN_POINT ( 'NONE',  ( 1.687770665133399017, 24.44731221180878222, 1.915111107797319079 ) ) ;
#870 = VERTEX_POINT ( 'NONE', #2351 ) ;
#871 = DIRECTION ( 'NONE',  ( -0.000000000000000000, -1.000000000000000000, -0.000000000000000000 ) ) ;
#872 = ORIENTED_EDGE ( 'NONE', *, *, #4028, .F. ) ;
#873 = CARTESIAN_POINT ( 'NONE',  ( -7.089959504884829400, -4.599999999999999645, 3.369714263716327984 ) ) ;
#874 = B_SPLINE_CURVE_WITH_KNOTS ( 'NONE', 3,
 ( #3822, #128, #620, #5417, #5857, #252 ),
 .UNSPECIFIED., .F., .F.,
 ( 4, 2, 4 ),
 ( 0.000000000000000000, 0.0003124823142240922154, 0.0006249646284481844309 ),
 .UNSPECIFIED. ) ;
#875 = FACE_OUTER_BOUND ( 'NONE', #4777, .T. ) ;
#876 = B_SPLINE_CURVE_WITH_KNOTS ( 'NONE', 3,
 ( #5218, #5187, #5652, #1376 ),
 .UNSPECIFIED., .F., .F.,
 ( 4, 4 ),
 ( 0.0001003866226309418647, 0.0006790497961158864677 ),
 .UNSPECIFIED. ) ;
#877 = DIRECTION ( 'NONE',  ( -0.4999999999999983902, 0.000000000000000000, 0.8660254037844395958 ) ) ;
#878 = EDGE_LOOP ( 'NONE', ( #1373, #2312, #5889, #863 ) ) ;
#879 = CARTESIAN_POINT ( 'NONE',  ( -2.523917030546697582, 24.44731221181147873, -0.3821821505461269197 ) ) ;
#880 = VERTEX_POINT ( 'NONE', #5624 ) ;
#881 = CARTESIAN_POINT ( 'NONE',  ( 1.606969024216656106, 17.50000000000000000, 1.915111107797324186 ) ) ;
#882 = COLOUR_RGB ( '',0.7764705882352941346, 0.7568627450980391913, 0.7372549019607843590 ) ;
#883 = SURFACE_STYLE_USAGE ( .BOTH. , #3852 ) ;
#884 = ORIENTED_EDGE ( 'NONE', *, *, #1967, .F. ) ;
#885 = LINE ( 'NONE', #5690, #203 ) ;
#886 = EDGE_CURVE ( 'NONE', #5391, #99, #1959, .T. ) ;
#887 = DIRECTION ( 'NONE',  ( 0.000000000000000000, 1.000000000000000000, 0.000000000000000000 ) ) ;
#888 = DIRECTION ( 'NONE',  ( 0.000000000000000000, -1.000000000000000000, 0.000000000000000000 ) ) ;
#889 = CARTESIAN_POINT ( 'NONE',  ( -2.542577648853011851, 24.22653848144654987, 1.112596090246770864 ) ) ;
#890 = ORIENTED_EDGE ( 'NONE', *, *, #2481, .F. ) ;
#891 =( NAMED_UNIT ( * ) SI_UNIT ( $, .STERADIAN. ) SOLID_ANGLE_UNIT ( ) );
#892 = EDGE_LOOP ( 'NONE', ( #2818, #2835, #1866, #5952 ) ) ;
#893 = CARTESIAN_POINT ( 'NONE',  ( 0.8297288285232093941, 24.46082274070658258, -2.399803026774223635 ) ) ;
#894 = CARTESIAN_POINT ( 'NONE',  ( -2.743500515392547356, 24.10565824199077767, -0.9221817251480696198 ) ) ;
#895 =( NAMED_UNIT ( * ) SI_UNIT ( $, .STERADIAN. ) SOLID_ANGLE_UNIT ( ) );
#896 = DIRECTION ( 'NONE',  ( -0.000000000000000000, 1.000000000000000000, 0.000000000000000000 ) ) ;
#897 = ORIENTED_EDGE ( 'NONE', *, *, #5089, .T. ) ;
#898 = CARTESIAN_POINT ( 'NONE',  ( -0.4260709772376703453, 24.11089388095972907, 2.857515999855759770 ) ) ;
#899 = PRODUCT_RELATED_PRODUCT_CATEGORY ( 'part', '', ( #3377 ) ) ;
#900 = AXIS2_PLACEMENT_3D ( 'NONE', #5530, #2259, #275 ) ;
#901 = SURFACE_STYLE_USAGE ( .BOTH. , #2886 ) ;
#902 = EDGE_CURVE ( 'NONE', #2377, #4808, #3906, .T. ) ;
#903 = LINE ( 'NONE', #2792, #2300 ) ;
#904 = CARTESIAN_POINT ( 'NONE',  ( 3.258811727360948929, -5.000000000000000000, -6.822217097514179152 ) ) ;
#905 = EDGE_CURVE ( 'NONE', #1663, #4808, #2954, .T. ) ;
#906 = CARTESIAN_POINT ( 'NONE',  ( -0.5653553150115956383, 24.09647142437292544, 2.847971586204932404 ) ) ;
#907 = ORIENTED_EDGE ( 'NONE', *, *, #2195, .T. ) ;
#908 = CARTESIAN_POINT ( 'NONE',  ( -2.521586590739993028, 24.44929433676989561, -0.3843270035220850978 ) ) ;
#909 = ORIENTED_EDGE ( 'NONE', *, *, #1117, .T. ) ;
#910 = CIRCLE ( 'NONE', #1409, 0.1000000000000000472 ) ;
#911 = DIRECTION ( 'NONE',  ( -0.000000000000000000, -1.000000000000000000, -0.000000000000000000 ) ) ;
#912 = FILL_AREA_STYLE_COLOUR ( '', #4541 ) ;
#913 = CIRCLE ( 'NONE', #5602, 7.850000000000004974 ) ;
#914 = CARTESIAN_POINT ( 'NONE',  ( -1.000000000000000222, 9.500000000000001776, -7.786045209218862340 ) ) ;
#915 = ORIENTED_EDGE ( 'NONE', *, *, #1890, .T. ) ;
#916 = CARTESIAN_POINT ( 'NONE',  ( 2.745103185509765620, 24.10342794339672068, -0.9244359737271322652 ) ) ;
#917 = CARTESIAN_POINT ( 'NONE',  ( 0.8130953767585394898, 24.44525494324870252, -2.421899711649730502 ) ) ;
#918 = CARTESIAN_POINT ( 'NONE',  ( -3.004064944065962806, -5.000000000000000000, -7.252454330213603306 ) ) ;
#919 = ORIENTED_EDGE ( 'NONE', *, *, #1462, .T. ) ;
#920 = VECTOR ( 'NONE', #519, 1000.000000000000000 ) ;
#921 = ORIENTED_EDGE ( 'NONE', *, *, #2709, .F. ) ;
#922 = PRODUCT_DEFINITION_CONTEXT ( 'detailed design', #5747, 'design' ) ;
#923 = EDGE_CURVE ( 'NONE', #3489, #2726, #1094, .T. ) ;
#924 = PLANE ( 'NONE',  #1342 ) ;
#925 = FACE_BOUND ( 'NONE', #194, .T. ) ;
#926 = VECTOR ( 'NONE', #689, 1000.000000000000227 ) ;
#927 = CARTESIAN_POINT ( 'NONE',  ( 1.640533489973369896, 24.46823170470871744, 1.928357051942716227 ) ) ;
#928 = ADVANCED_FACE ( 'NONE', ( #1002, #1461 ), #1962, .T. ) ;
#929 = VERTEX_POINT ( 'NONE', #3399 ) ;
#930 = DIRECTION ( 'NONE',  ( 0.000000000000000000, -1.000000000000000000, -0.000000000000000000 ) ) ;
#931 = VERTEX_POINT ( 'NONE', #141 ) ;
#932 = CARTESIAN_POINT ( 'NONE',  ( -2.913274203315596722, 24.08637983427292895, -0.04550219029215248762 ) ) ;
#933 = SURFACE_SIDE_STYLE ('',( #2889 ) ) ;
#934 = EDGE_CURVE ( 'NONE', #5215, #17, #3995, .T. ) ;
#935 = CARTESIAN_POINT ( 'NONE',  ( 2.687716936214316288, 17.50000000000000000, 1.059769709824532224 ) ) ;
#936 = VERTEX_POINT ( 'NONE', #5805 ) ;
#937 = PRESENTATION_LAYER_ASSIGNMENT (  '', '', ( #3763 ) ) ;
#938 = CARTESIAN_POINT ( 'NONE',  ( -2.491848378388391794, 24.46985301392179224, -0.4386469405024900348 ) ) ;
#939 = VERTEX_POINT ( 'NONE', #5278 ) ;
#940 = MECHANICAL_DESIGN_GEOMETRIC_PRESENTATION_REPRESENTATION (  '', ( #3971 ), #2248 ) ;
#941 = VECTOR ( 'NONE', #3393, 1000.000000000000000 ) ;
#942 = EDGE_CURVE ( 'NONE', #4702, #65, #2985, .T. ) ;
#943 = FACE_OUTER_BOUND ( 'NONE', #3036, .T. ) ;
#944 = CARTESIAN_POINT ( 'NONE',  ( -2.526298143498956872, 24.44525494324460269, 0.3801841595461695200 ) ) ;
#945 = CARTESIAN_POINT ( 'NONE',  ( -7.108793764933114545, -4.808964141696580263, -3.330614637021482860 ) ) ;
#946 = ORIENTED_EDGE ( 'NONE', *, *, #1305, .T. ) ;
#947 = EDGE_LOOP ( 'NONE', ( #4859, #5074, #3633, #2922 ) ) ;
#948 = ORIENTED_EDGE ( 'NONE', *, *, #886, .F. ) ;
#949 = CLOSED_SHELL ( 'NONE', ( #5001, #3047, #4008, #1514, #3090, #1876, #6142 ) ) ;
#950 = PRODUCT_DEFINITION_SHAPE ( 'NONE', 'NONE',  #2175 ) ;
#951 = CARTESIAN_POINT ( 'NONE',  ( -7.089959504884855157, -4.599999999999999645, -3.369714263716276026 ) ) ;
#952 = DIRECTION ( 'NONE',  ( -0.000000000000000000, 1.000000000000000000, -0.000000000000000000 ) ) ;
#953 = CARTESIAN_POINT ( 'NONE',  ( -6.822217097514164941, 0.000000000000000000, 3.258811727360975130 ) ) ;
#954 = ORIENTED_EDGE ( 'NONE', *, *, #2522, .T. ) ;
#955 = CARTESIAN_POINT ( 'NONE',  ( -2.590576904467611907, 17.50000000000000000, 0.4567886038580664665 ) ) ;
#956 = VERTEX_POINT ( 'NONE', #5310 ) ;
#957 = CARTESIAN_POINT ( 'NONE',  ( -2.749093400415445476, 24.09647142437306044, 0.9343737281377177961 ) ) ;
#958 = CYLINDRICAL_SURFACE ( 'NONE', #5394, 0.09999999999999999167 ) ;
#959 = CARTESIAN_POINT ( 'NONE',  ( 7.292889349516106456, -5.000000000000000000, 2.906446172071032397 ) ) ;
#960 = CARTESIAN_POINT ( 'NONE',  ( -2.243913082613147036, 17.50000000000000000, -1.221301102387865489 ) ) ;
#961 = ORIENTED_EDGE ( 'NONE', *, *, #2368, .T. ) ;
#962 = DIRECTION ( 'NONE',  ( -0.000000000000000000, -1.000000000000000000, -0.000000000000000000 ) ) ;
#963 = COLOUR_RGB ( '',0.4980392156862745168, 0.4980392156862745168, 0.4980392156862745168 ) ;
#964 = COLOUR_RGB ( '',0.7764705882352941346, 0.7568627450980391913, 0.7372549019607843590 ) ;
#965 = VERTEX_POINT ( 'NONE', #1491 ) ;
#966 = ADVANCED_FACE ( 'NONE', ( #4854 ), #3967, .F. ) ;
#967 = MANIFOLD_SOLID_BREP ( 'Бобышка-Вытянуть1', #3167 ) ;
#968 = CARTESIAN_POINT ( 'NONE',  ( -1.655816060265646206, 24.46379134448270065, 1.921114435070339743 ) ) ;
#969 = CARTESIAN_POINT ( 'NONE',  ( -2.915662456093024879, 24.08406744546888589, 0.04024867501270822101 ) ) ;
#970 = DIRECTION ( 'NONE',  ( -0.000000000000000000, -1.000000000000000000, -0.000000000000000000 ) ) ;
#971 = EDGE_CURVE ( 'NONE', #2794, #2418, #2524, .T. ) ;
#972 = AXIS2_PLACEMENT_3D ( 'NONE', #5319, #2001, #2963 ) ;
#973 = CARTESIAN_POINT ( 'NONE',  ( 0.8130953767556489131, 24.44525494324437176, 2.421899711655269627 ) ) ;
#974 = CARTESIAN_POINT ( 'NONE',  ( 7.396106250776888658, -4.705661800954699991, -2.630610637707348598 ) ) ;
#975 = CARTESIAN_POINT ( 'NONE',  ( 0.4824415982377762702, 24.07928144543834392, -2.880598371736418084 ) ) ;
#976 = VERTEX_POINT ( 'NONE', #2123 ) ;
#977 = ORIENTED_EDGE ( 'NONE', *, *, #2323, .F. ) ;
#978 = CARTESIAN_POINT ( 'NONE',  ( 2.165063509461355729, 17.50000000000000000, 1.249999999999841682 ) ) ;
#979 =( NAMED_UNIT ( * ) PLANE_ANGLE_UNIT ( ) SI_UNIT ( $, .RADIAN. ) );
#980 = LINE ( 'NONE', #516, #1848 ) ;
#981 = CARTESIAN_POINT ( 'NONE',  ( 2.165063509461355729, 17.50000000000000000, 1.249999999999841682 ) ) ;
#982 = ADVANCED_FACE ( 'NONE', ( #660 ), #5930, .F. ) ;
#983 = ORIENTED_EDGE ( 'NONE', *, *, #6119, .T. ) ;
#984 = EDGE_CURVE ( 'NONE', #6075, #1877, #2502, .T. ) ;
#985 = FILL_AREA_STYLE_COLOUR ( '', #1674 ) ;
#986 = CARTESIAN_POINT ( 'NONE',  ( 2.687716936214680441, 24.11089388095954078, -1.059769709824642803 ) ) ;
#987 = EDGE_CURVE ( 'NONE', #1665, #5548, #1732, .T. ) ;
#988 = CARTESIAN_POINT ( 'NONE',  ( -7.396106250776925073, -5.000000000000000000, -2.630610637707245125 ) ) ;
#989 = EDGE_LOOP ( 'NONE', ( #5022, #4214, #5850, #2685 ) ) ;
#990 =( NAMED_UNIT ( * ) PLANE_ANGLE_UNIT ( ) SI_UNIT ( $, .RADIAN. ) );
#991 = VERTEX_POINT ( 'NONE', #5961 ) ;
#992 = VECTOR ( 'NONE', #4426, 1000.000000000000000 ) ;
#993 = CARTESIAN_POINT ( 'NONE',  ( 2.728493785017958029, 24.08265420111444755, 1.032622238644591350 ) ) ;
#994 = CARTESIAN_POINT ( 'NONE',  ( -2.163165183674979009, 17.50000000000000000, 1.915111107797550893 ) ) ;
#995 = PLANE ( 'NONE',  #3972 ) ;
#996 =( LENGTH_UNIT ( ) NAMED_UNIT ( * ) SI_UNIT ( .MILLI., .METRE. ) );
#997 = VERTEX_POINT ( 'NONE', #232 ) ;
#998 = CARTESIAN_POINT ( 'NONE',  ( 2.499602093434651451, 24.45104258969281830, 0.4992156089389335749 ) ) ;
#999 = APPLICATION_CONTEXT ( 'automotive_design' ) ;
#1000 = UNCERTAINTY_MEASURE_WITH_UNIT (LENGTH_MEASURE( 1.000000000000000082E-05 ), #108, 'distance_accuracy_value', 'NONE');
#1001 = VERTEX_POINT ( 'NONE', #2091 ) ;
#1002 = FACE_BOUND ( 'NONE', #1307, .T. ) ;
#1003 = SURFACE_SIDE_STYLE ('',( #5371 ) ) ;
#1004 = CARTESIAN_POINT ( 'NONE',  ( -3.464101615137757051, 2.500000000000000000, -6.000000000000002665 ) ) ;
#1005 = CARTESIAN_POINT ( 'NONE',  ( -0.5431364130059570527, 24.08265420111464294, 2.866354803490113845 ) ) ;
#1006 = ORIENTED_EDGE ( 'NONE', *, *, #5586, .F. ) ;
#1007 = STYLED_ITEM ( 'NONE', ( #5773 ), #3706 ) ;
#1008 = ORIENTED_EDGE ( 'NONE', *, *, #4640, .T. ) ;
#1009 = VERTEX_POINT ( 'NONE', #5003 ) ;
#1010 = ADVANCED_FACE ( 'NONE', ( #1641 ), #4145, .F. ) ;
#1011 = AXIS2_PLACEMENT_3D ( 'NONE', #1518, #5269, #4810 ) ;
#1012 = CARTESIAN_POINT ( 'NONE',  ( -3.464101615137757051, 2.500000000000000000, -6.000000000000002665 ) ) ;
#1013 = CARTESIAN_POINT ( 'NONE',  ( 1.690878987334383909, 17.50000000000000000, 2.015111107797324053 ) ) ;
#1014 = CARTESIAN_POINT ( 'NONE',  ( -2.499349581870493164, 24.46645550312289075, 0.4149352157810530795 ) ) ;
#1015 = EDGE_CURVE ( 'NONE', #494, #4581, #3334, .T. ) ;
#1016 = LINE ( 'NONE', #2521, #3247 ) ;
#1017 = ORIENTED_EDGE ( 'NONE', *, *, #4310, .T. ) ;
#1018 = CARTESIAN_POINT ( 'NONE',  ( -6.822217097514164941, -4.599999999999999645, 3.258811727360975130 ) ) ;
#1019 = CARTESIAN_POINT ( 'NONE',  ( 2.731341701219979434, 24.08122916413011438, -1.029104628694539114 ) ) ;
#1020 = AXIS2_PLACEMENT_3D ( 'NONE', #5058, #4169, #3198 ) ;
#1021 = CARTESIAN_POINT ( 'NONE',  ( -0.06427876096829909791, 24.50000000000000000, 2.553936284621320940 ) ) ;
#1022 = AXIS2_PLACEMENT_3D ( 'NONE', #5521, #4594, #323 ) ;
#1023 = CIRCLE ( 'NONE', #239, 7.850000000000003197 ) ;
#1024 = ORIENTED_EDGE ( 'NONE', *, *, #5353, .T. ) ;
#1025 = FACE_OUTER_BOUND ( 'NONE', #2428, .T. ) ;
#1026 = EDGE_LOOP ( 'NONE', ( #4409, #1935, #4175, #1916, #6008 ) ) ;
#1027 = B_SPLINE_CURVE_WITH_KNOTS ( 'NONE', 3,
 ( #3804, #386, #3832, #2373, #5670, #448 ),
 .UNSPECIFIED., .F., .F.,
 ( 4, 2, 4 ),
 ( 0.000000000000000000, 0.0003124823142240921612, 0.0006249646284481843225 ),
 .UNSPECIFIED. ) ;
#1028 = DIRECTION ( 'NONE',  ( 0.000000000000000000, 0.000000000000000000, -1.000000000000000000 ) ) ;
#1029 = VECTOR ( 'NONE', #4894, 1000.000000000000000 ) ;
#1030 = EDGE_CURVE ( 'NONE', #80, #2363, #5553, .T. ) ;
#1031 = DIRECTION ( 'NONE',  ( -0.3826834323650853964, 0.000000000000000000, 0.9238795325112885148 ) ) ;
#1032 = CARTESIAN_POINT ( 'NONE',  ( -2.740117462259839431, 17.50000000000000000, -0.9158004477459419368 ) ) ;
#1033 = CARTESIAN_POINT ( 'NONE',  ( 0.000000000000000000, 2.500000000000000000, 0.000000000000000000 ) ) ;
#1034 = ORIENTED_EDGE ( 'NONE', *, *, #1348, .T. ) ;
#1035 = DIRECTION ( 'NONE',  ( 0.000000000000000000, -1.000000000000000000, 0.000000000000000000 ) ) ;
#1036 = COLOUR_RGB ( '',0.6470588235294117974, 0.6196078431372549211, 0.5882352941176470784 ) ;
#1037 = EDGE_LOOP ( 'NONE', ( #1867, #6114, #167, #6112 ) ) ;
#1038 = CARTESIAN_POINT ( 'NONE',  ( 1.672846800025442393, 24.45629017994177090, -1.916277569789843982 ) ) ;
#1039 = DIRECTION ( 'NONE',  ( 0.7660444431189793457, -0.000000000000000000, -0.6427876096865378086 ) ) ;
#1040 = MECHANICAL_DESIGN_GEOMETRIC_PRESENTATION_REPRESENTATION (  '', ( #1336 ), #4347 ) ;
#1041 = CARTESIAN_POINT ( 'NONE',  ( -0.9338999314659713891, 24.44525494324449255, 2.377930449576800331 ) ) ;
#1042 = DIRECTION ( 'NONE',  ( -0.6427876096865405842, 0.000000000000000000, 0.7660444431189770143 ) ) ;
#1043 = ORIENTED_EDGE ( 'NONE', *, *, #3684, .T. ) ;
#1044 = ORIENTED_EDGE ( 'NONE', *, *, #1769, .F. ) ;
#1045 = AXIS2_PLACEMENT_3D ( 'NONE', #2589, #1544, #5793 ) ;
#1046 = CARTESIAN_POINT ( 'NONE',  ( 1.510386574701177098, 24.11089388095961183, 2.462857397828599026 ) ) ;
#1047 = SHAPE_REPRESENTATION_RELATIONSHIP ( 'NONE' , 'NONE' ,  #3890, #5868 ) ;
#1048 = FACE_OUTER_BOUND ( 'NONE', #3861, .T. ) ;
#1049 = CARTESIAN_POINT ( 'NONE',  ( 0.000000000000000000, 0.000000000000000000, 0.000000000000000000 ) ) ;
#1050 = EDGE_CURVE ( 'NONE', #4745, #3666, #910, .T. ) ;
#1051 = DIRECTION ( 'NONE',  ( -0.000000000000000000, 1.000000000000000000, -0.000000000000000000 ) ) ;
#1052 = ORIENTED_EDGE ( 'NONE', *, *, #5891, .F. ) ;
#1053 = ADVANCED_FACE ( 'NONE', ( #4475 ), #201, .T. ) ;
#1054 = CARTESIAN_POINT ( 'NONE',  ( -2.261645958976477022, 24.11089388095984631, -1.797746290031116301 ) ) ;
#1055 = PRESENTATION_LAYER_ASSIGNMENT (  '', '', ( #1936 ) ) ;
#1056 = CARTESIAN_POINT ( 'NONE',  ( 1.576643593228869514E-14, -4.599999999999999645, 3.806354345801792091E-14 ) ) ;
#1057 = EDGE_CURVE ( 'NONE', #5643, #366, #3129, .T. ) ;
#1058 = EDGE_LOOP ( 'NONE', ( #3010, #5114, #3397, #132 ) ) ;
#1059 = VERTEX_POINT ( 'NONE', #4172 ) ;
#1060 = CYLINDRICAL_SURFACE ( 'NONE', #5045, 0.09999999999999999167 ) ;
#1061 = CARTESIAN_POINT ( 'NONE',  ( 2.173136630174869133, 24.10342794339673489, 1.915111107797323076 ) ) ;
#1062 = CARTESIAN_POINT ( 'NONE',  ( 0.000000000000000000, 0.5000000000000000000, 0.000000000000000000 ) ) ;
#1063 = EDGE_CURVE ( 'NONE', #3252, #1690, #353, .T. ) ;
#1064 = VECTOR ( 'NONE', #1473, 1000.000000000000000 ) ;
#1065 = ORIENTED_EDGE ( 'NONE', *, *, #4550, .T. ) ;
#1066 = CARTESIAN_POINT ( 'NONE',  ( -2.187310384453114320, 24.46948457643220465, -1.272499177219057032 ) ) ;
#1067 = ADVANCED_FACE ( 'NONE', ( #1829 ), #5117, .F. ) ;
#1068 = LINE ( 'NONE', #5279, #24 ) ;
#1069 = DIRECTION ( 'NONE',  ( 0.4999999999999996669, 0.000000000000000000, -0.8660254037844388186 ) ) ;
#1070 = EDGE_CURVE ( 'NONE', #5548, #4264, #3107, .T. ) ;
#1071 = CARTESIAN_POINT ( 'NONE',  ( -0.4905322160187439162, 24.07731203357813854, 2.881240199214635478 ) ) ;
#1072 = CARTESIAN_POINT ( 'NONE',  ( -2.888090359767948367, 17.50000000000000000, -0.07660444431174838475 ) ) ;
#1073 = VERTEX_POINT ( 'NONE', #4289 ) ;
#1074 = FACE_OUTER_BOUND ( 'NONE', #2896, .T. ) ;
#1075 = AXIS2_PLACEMENT_3D ( 'NONE', #4072, #3093, #4490 ) ;
#1076 = CYLINDRICAL_SURFACE ( 'NONE', #5054, 0.09999999999999982514 ) ;
#1077 = CARTESIAN_POINT ( 'NONE',  ( 0.000000000000000000, 0.000000000000000000, 0.000000000000000000 ) ) ;
#1078 = CARTESIAN_POINT ( 'NONE',  ( -3.464101615137749501, 2.500000000000000000, 6.000000000000006217 ) ) ;
#1079 = DIRECTION ( 'NONE',  ( -0.5000000000000032196, -0.000000000000000000, 0.8660254037844368202 ) ) ;
#1080 = VERTEX_POINT ( 'NONE', #5582 ) ;
#1081 = AXIS2_PLACEMENT_3D ( 'NONE', #1077, #2578, #3023 ) ;
#1082 = SURFACE_SIDE_STYLE ('',( #3512 ) ) ;
#1083 = CARTESIAN_POINT ( 'NONE',  ( -2.278115096945536155, 17.50000000000000000, 1.315270364466764041 ) ) ;
#1084 = DIRECTION ( 'NONE',  ( -0.000000000000000000, 1.000000000000000000, -0.000000000000000000 ) ) ;
#1085 = EDGE_LOOP ( 'NONE', ( #248, #2284, #2762, #1145, #279 ) ) ;
#1086 = FILL_AREA_STYLE ('',( #5330 ) ) ;
#1087 = ORIENTED_EDGE ( 'NONE', *, *, #5583, .T. ) ;
#1088 = ADVANCED_FACE ( 'NONE', ( #447 ), #924, .T. ) ;
#1089 = LINE ( 'NONE', #626, #462 ) ;
#1090 = DIRECTION ( 'NONE',  ( 0.9238795325112892920, 0.000000000000000000, 0.3826834323650837311 ) ) ;
#1091 = CARTESIAN_POINT ( 'NONE',  ( -0.9999999999999967804, 11.50000000000000178, -7.786045209218863228 ) ) ;
#1092 = VECTOR ( 'NONE', #6139, 1000.000000000000000 ) ;
#1093 = CARTESIAN_POINT ( 'NONE',  ( -2.177651805992476763, 24.45629017994092180, -1.314674390370895063 ) ) ;
#1094 = LINE ( 'NONE', #3014, #4093 ) ;
#1095 =( NAMED_UNIT ( * ) SI_UNIT ( $, .STERADIAN. ) SOLID_ANGLE_UNIT ( ) );
#1096 = CARTESIAN_POINT ( 'NONE',  ( 1.454271494532002773, 24.07622500002011634, -2.536459031164926881 ) ) ;
#1097 = CARTESIAN_POINT ( 'NONE',  ( -0.9338999314659713891, 24.44525494324449255, 2.377930449576800331 ) ) ;
#1098 = CARTESIAN_POINT ( 'NONE',  ( -2.239484734615775352, 24.07618934483403095, 1.879727871444418552 ) ) ;
#1099 = ORIENTED_EDGE ( 'NONE', *, *, #1364, .T. ) ;
#1100 =( NAMED_UNIT ( * ) PLANE_ANGLE_UNIT ( ) SI_UNIT ( $, .RADIAN. ) );
#1101 = CARTESIAN_POINT ( 'NONE',  ( 1.496676217713377666, 24.08748573298181839, 2.498539504373629594 ) ) ;
#1102 = APPLICATION_PROTOCOL_DEFINITION ( 'draft international standard', 'automotive_design', 1998, #3694 ) ;
#1103 = CARTESIAN_POINT ( 'NONE',  ( -2.243913082612969845, 24.44525494324458137, 1.221301102388173021 ) ) ;
#1104 = ORIENTED_EDGE ( 'NONE', *, *, #148, .F. ) ;
#1105 = CARTESIAN_POINT ( 'NONE',  ( -0.4260709772376703453, 24.11089388095972907, 2.857515999855759770 ) ) ;
#1106 = ORIENTED_EDGE ( 'NONE', *, *, #2173, .T. ) ;
#1107 = AXIS2_PLACEMENT_3D ( 'NONE', #473, #415, #4201 ) ;
#1108 = SURFACE_STYLE_FILL_AREA ( #5386 ) ;
#1109 = CARTESIAN_POINT ( 'NONE',  ( 2.165545467075876029, 24.10911168744839728, -1.915111107797649481 ) ) ;
#1110 = CARTESIAN_POINT ( 'NONE',  ( 1.000000000000000000, 11.50000000000000178, -6.850000000000000533 ) ) ;
#1111 = EDGE_LOOP ( 'NONE', ( #1223 ) ) ;
#1112 = SURFACE_STYLE_USAGE ( .BOTH. , #2049 ) ;
#1113 = ORIENTED_EDGE ( 'NONE', *, *, #1057, .F. ) ;
#1114 = CARTESIAN_POINT ( 'NONE',  ( 0.4610738466712911987, 24.08637983427272644, 2.876916394499923424 ) ) ;
#1115 = DIRECTION ( 'NONE',  ( -0.3826834323650872283, 0.000000000000000000, 0.9238795325112877377 ) ) ;
#1116 = CYLINDRICAL_SURFACE ( 'NONE', #364, 0.09999999999999982514 ) ;
#1117 = EDGE_CURVE ( 'NONE', #1965, #5628, #6053, .T. ) ;
#1118 = CARTESIAN_POINT ( 'NONE',  ( -2.178636766784199708, 24.46038112602418835, -1.305069294509006106 ) ) ;
#1119 = UNCERTAINTY_MEASURE_WITH_UNIT (LENGTH_MEASURE( 1.000000000000000082E-05 ), #800, 'distance_accuracy_value', 'NONE');
#1120 = EDGE_LOOP ( 'NONE', ( #5506, #3346, #4011, #3089 ) ) ;
#1121 = CARTESIAN_POINT ( 'NONE',  ( 7.128363843406277489, 0.000000000000000000, 2.519708101351846086 ) ) ;
#1122 = ADVANCED_FACE ( 'NONE', ( #14 ), #2339, .T. ) ;
#1123 = DIRECTION ( 'NONE',  ( -0.3826834323650841196, 0.000000000000000000, 0.9238795325112890700 ) ) ;
#1124 = LINE ( 'NONE', #2094, #6032 ) ;
#1125 = CARTESIAN_POINT ( 'NONE',  ( -2.167953576304304519, 24.10736372361451174, 1.915026094620823738 ) ) ;
#1126 = AXIS2_PLACEMENT_3D ( 'NONE', #1624, #5942, #247 ) ;
#1127 = PRESENTATION_LAYER_ASSIGNMENT (  '', '', ( #5322 ) ) ;
#1128 = VECTOR ( 'NONE', #728, 999.9999999999998863 ) ;
#1129 = EDGE_CURVE ( 'NONE', #997, #939, #4151, .T. ) ;
#1130 = CARTESIAN_POINT ( 'NONE',  ( 2.261645958976746584, 17.50000000000000000, 1.797746290030630245 ) ) ;
#1131 = CARTESIAN_POINT ( 'NONE',  ( 1.435454828270858130, 24.08011071800925507, 2.542680250263155806 ) ) ;
#1132 = SURFACE_STYLE_FILL_AREA ( #1908 ) ;
#1133 = CARTESIAN_POINT ( 'NONE',  ( 2.519708101351970875, 0.000000000000000000, 7.128363843406233080 ) ) ;
#1134 = VECTOR ( 'NONE', #5611, 1000.000000000000000 ) ;
#1135 = CARTESIAN_POINT ( 'NONE',  ( 6.928203230275514102, 0.000000000000000000, -3.543546446612491656E-15 ) ) ;
#1136 = ORIENTED_EDGE ( 'NONE', *, *, #749, .T. ) ;
#1137 = CARTESIAN_POINT ( 'NONE',  ( -0.8550503583141598751, 17.50000000000000000, -2.349231551964701126 ) ) ;
#1138 = ORIENTED_EDGE ( 'NONE', *, *, #3980, .T. ) ;
#1139 = EDGE_CURVE ( 'NONE', #1059, #5454, #3960, .T. ) ;
#1140 = FACE_OUTER_BOUND ( 'NONE', #6120, .T. ) ;
#1141 = CARTESIAN_POINT ( 'NONE',  ( 2.503974364089522009, 17.50000000000000000, -0.5067886038580664554 ) ) ;
#1142 = CARTESIAN_POINT ( 'NONE',  ( -6.975290470460202563, -4.599999999999999645, 2.889259914356461234 ) ) ;
#1143 =( NAMED_UNIT ( * ) SI_UNIT ( $, .STERADIAN. ) SOLID_ANGLE_UNIT ( ) );
#1144 = STYLED_ITEM ( 'NONE', ( #1454 ), #2923 ) ;
#1145 = ORIENTED_EDGE ( 'NONE', *, *, #934, .T. ) ;
#1146 = FACE_OUTER_BOUND ( 'NONE', #164, .T. ) ;
#1147 = AXIS2_PLACEMENT_3D ( 'NONE', #5679, #4698, #1405 ) ;
#1148 = PRESENTATION_LAYER_ASSIGNMENT (  '', '', ( #4944 ) ) ;
#1149 = DIRECTION ( 'NONE',  ( -0.3826834323650916136, -0.000000000000000000, 0.9238795325112859613 ) ) ;
#1150 = DIRECTION ( 'NONE',  ( -0.000000000000000000, -1.000000000000000000, -0.000000000000000000 ) ) ;
#1151 = ORIENTED_EDGE ( 'NONE', *, *, #4014, .F. ) ;
#1152 = CARTESIAN_POINT ( 'NONE',  ( -2.191545443828863071, 24.46985301392177448, -1.264455632642803140 ) ) ;
#1153 = CARTESIAN_POINT ( 'NONE',  ( -1.634107315208026101, 24.46899646116491311, -1.932788709605717026 ) ) ;
#1154 = CARTESIAN_POINT ( 'NONE',  ( 2.923773703913390420, 24.07622500002001331, -0.008793457318358594010 ) ) ;
#1155 = VECTOR ( 'NONE', #4058, 1000.000000000000000 ) ;
#1156 = CARTESIAN_POINT ( 'NONE',  ( 1.592937966519428317, 24.44731221181080727, -1.994685190225293336 ) ) ;
#1157 = LINE ( 'NONE', #234, #5944 ) ;
#1158 =( NAMED_UNIT ( * ) SI_UNIT ( $, .STERADIAN. ) SOLID_ANGLE_UNIT ( ) );
#1159 = CARTESIAN_POINT ( 'NONE',  ( -1.510386574700653073, 24.11089388096018382, 2.462857397828247752 ) ) ;
#1160 = ADVANCED_FACE ( 'NONE', ( #3422 ), #4411, .T. ) ;
#1161 = ADVANCED_FACE ( 'NONE', ( #4385 ), #1060, .F. ) ;
#1162 = DIRECTION ( 'NONE',  ( -1.000000000000000000, 0.000000000000000000, 2.503857664561932376E-16 ) ) ;
#1163 = CARTESIAN_POINT ( 'NONE',  ( 1.502475899555307803, 24.09245612541764459, 2.489271456089980461 ) ) ;
#1164 = APPLICATION_PROTOCOL_DEFINITION ( 'draft international standard', 'automotive_design', 1998, #5747 ) ;
#1165 = CARTESIAN_POINT ( 'NONE',  ( -2.491705403299429467, 24.46402637105433797, 0.4717694668757676513 ) ) ;
#1166 = CARTESIAN_POINT ( 'NONE',  ( -2.179094567158013529, 24.44731221181146097, 1.329574082427247728 ) ) ;
#1167 = CARTESIAN_POINT ( 'NONE',  ( -0.8130953767552957512, 24.50000000000000000, -2.421899711655268295 ) ) ;
#1168 = ORIENTED_EDGE ( 'NONE', *, *, #3095, .T. ) ;
#1169 = AXIS2_PLACEMENT_3D ( 'NONE', #2735, #2677, #4639 ) ;
#1170 = CARTESIAN_POINT ( 'NONE',  ( 2.496443857302656166, 24.46796627992226547, -0.4230399826806978125 ) ) ;
#1171 = DIRECTION ( 'NONE',  ( 0.9396926207859089830, 0.000000000000000000, 0.3420201433256671031 ) ) ;
#1172 = CARTESIAN_POINT ( 'NONE',  ( -0.5769522785843954615, 24.11089388096012698, 2.830911555543533353 ) ) ;
#1173 = STYLED_ITEM ( 'NONE', ( #2024 ), #966 ) ;
#1174 = CARTESIAN_POINT ( 'NONE',  ( -1.487762726001466307, 24.08122916413037018, -2.511144340085404991 ) ) ;
#1175 = ADVANCED_FACE ( 'NONE', ( #2943 ), #2402, .T. ) ;
#1176 = ORIENTED_EDGE ( 'NONE', *, *, #4539, .T. ) ;
#1177 = EDGE_LOOP ( 'NONE', ( #5515, #5261, #1416, #2262 ) ) ;
#1178 = EDGE_CURVE ( 'NONE', #4163, #302, #2646, .T. ) ;
#1179 = SURFACE_SIDE_STYLE ('',( #1695 ) ) ;
#1180 = B_SPLINE_CURVE_WITH_KNOTS ( 'NONE', 3,
 ( #756, #2192, #4117, #5525, #1248, #781, #2692, #1304, #3735, #3331, #927, #4658, #3705, #3806, #5211, #5672, #4782, #869, #1761 ),
 .UNSPECIFIED., .F., .F.,
 ( 4, 3, 3, 3, 3, 3, 4 ),
 ( 8.940560153363745023E-19, 3.145909546063216790E-05, 5.768159792251762184E-05, 8.411505865617887592E-05, 0.0001075980665475189285, 0.0001382024233624957793, 0.0001492729888363271006 ),
 .UNSPECIFIED. ) ;
#1181 = CARTESIAN_POINT ( 'NONE',  ( 4.407357663559956031E-15, -4.599999999999999645, -1.825587318475567557E-15 ) ) ;
#1182 = CARTESIAN_POINT ( 'NONE',  ( 2.261645958976832294, 24.11089388095956565, 1.797746290031116301 ) ) ;
#1183 = VECTOR ( 'NONE', #1737, 1000.000000000000000 ) ;
#1184 = CARTESIAN_POINT ( 'NONE',  ( -2.179457831497398246, 24.46379134448241999, -1.297062472973201652 ) ) ;
#1185 = UNCERTAINTY_MEASURE_WITH_UNIT (LENGTH_MEASURE( 1.000000000000000082E-05 ), #5357, 'distance_accuracy_value', 'NONE');
#1186 = DIRECTION ( 'NONE',  ( -0.000000000000000000, -1.000000000000000000, -0.000000000000000000 ) ) ;
#1187 = CARTESIAN_POINT ( 'NONE',  ( 2.913274203315952882, 24.08637983427257367, 0.04550219029214997574 ) ) ;
#1188 = CARTESIAN_POINT ( 'NONE',  ( -2.747634456180314100, 24.07618934483406292, -0.9995867358426631100 ) ) ;
#1189 = STYLED_ITEM ( 'NONE', ( #674 ), #3071 ) ;
#1190 = CARTESIAN_POINT ( 'NONE',  ( 0.000000000000000000, 0.000000000000000000, 0.000000000000000000 ) ) ;
#1191 = SURFACE_STYLE_FILL_AREA ( #356 ) ;
#1192 = DIRECTION ( 'NONE',  ( 0.000000000000000000, 0.000000000000000000, -1.000000000000000000 ) ) ;
#1193 = VECTOR ( 'NONE', #2832, 1000.000000000000114 ) ;
#1194 = PLANE ( 'NONE',  #3232 ) ;
#1195 = PRESENTATION_STYLE_ASSIGNMENT (( #5938 ) ) ;
#1196 =( LENGTH_UNIT ( ) NAMED_UNIT ( * ) SI_UNIT ( .MILLI., .METRE. ) );
#1197 = CARTESIAN_POINT ( 'NONE',  ( -2.179634321643191264, 24.44525494324885528, 1.332635182227083881 ) ) ;
#1198 = CARTESIAN_POINT ( 'NONE',  ( -2.495968456153465631, 24.45629017994094312, -0.4905890405687312605 ) ) ;
#1199 = EDGE_CURVE ( 'NONE', #1080, #5151, #1089, .T. ) ;
#1200 = EDGE_LOOP ( 'NONE', ( #3029, #1966, #2681, #1099 ) ) ;
#1201 = CARTESIAN_POINT ( 'NONE',  ( -2.687716936213949914, 24.11089388096025843, -1.059769709824537109 ) ) ;
#1202 = EDGE_CURVE ( 'NONE', #5181, #3404, #4359, .T. ) ;
#1203 = LINE ( 'NONE', #5271, #1932 ) ;
#1204 = CARTESIAN_POINT ( 'NONE',  ( 0.4903497382065931109, 17.50000000000000000, 2.780911555543491787 ) ) ;
#1205 = CARTESIAN_POINT ( 'NONE',  ( -1.496676217713022616, 24.08748573298200313, -2.498539504373630482 ) ) ;
#1206 = EDGE_LOOP ( 'NONE', ( #4633, #5649, #1779, #538 ) ) ;
#1207 = PRESENTATION_LAYER_ASSIGNMENT (  '', '', ( #5787 ) ) ;
#1208 = ORIENTED_EDGE ( 'NONE', *, *, #4020, .T. ) ;
#1209 = CYLINDRICAL_SURFACE ( 'NONE', #2941, 0.4000000000000000222 ) ;
#1210 = LINE ( 'NONE', #4592, #4521 ) ;
#1211 = LINE ( 'NONE', #5986, #5256 ) ;
#1212 = EDGE_CURVE ( 'NONE', #1765, #965, #3775, .T. ) ;
#1213 = CARTESIAN_POINT ( 'NONE',  ( 0.000000000000000000, 0.000000000000000000, 0.000000000000000000 ) ) ;
#1214 = CARTESIAN_POINT ( 'NONE',  ( -2.753592352289637279, 24.08406744546887168, -0.9593939082164207877 ) ) ;
#1215 = PRESENTATION_STYLE_ASSIGNMENT (( #2162 ) ) ;
#1216 = VECTOR ( 'NONE', #2841, 1000.000000000000000 ) ;
#1217 =( NAMED_UNIT ( * ) SI_UNIT ( $, .STERADIAN. ) SOLID_ANGLE_UNIT ( ) );
#1218 = CIRCLE ( 'NONE', #4719, 0.1000000000000000472 ) ;
#1219 = VECTOR ( 'NONE', #1079, 999.9999999999998863 ) ;
#1220 = DIRECTION ( 'NONE',  ( -0.000000000000000000, 1.000000000000000000, -0.000000000000000000 ) ) ;
#1221 = DIRECTION ( 'NONE',  ( 0.7660444431189795678, 0.000000000000000000, 0.6427876096865374755 ) ) ;
#1222 = CARTESIAN_POINT ( 'NONE',  ( 0.06427876096900846103, 17.50000000000000000, 2.553936284621320940 ) ) ;
#1223 = ORIENTED_EDGE ( 'NONE', *, *, #1608, .T. ) ;
#1224 = CIRCLE ( 'NONE', #4836, 0.3999999999999999112 ) ;
#1225 = VECTOR ( 'NONE', #2989, 1000.000000000000000 ) ;
#1226 = CARTESIAN_POINT ( 'NONE',  ( 6.975290470460246084, -4.599999999999999645, 2.889259914356361758 ) ) ;
#1227 = CIRCLE ( 'NONE', #539, 0.1000000000000000472 ) ;
#1228 = EDGE_CURVE ( 'NONE', #4431, #5979, #3411, .T. ) ;
#1229 = VERTEX_POINT ( 'NONE', #5102 ) ;
#1230 = DIRECTION ( 'NONE',  ( 0.000000000000000000, 0.000000000000000000, 1.000000000000000000 ) ) ;
#1231 = PRESENTATION_LAYER_ASSIGNMENT (  '', '', ( #2130 ) ) ;
#1232 = CARTESIAN_POINT ( 'NONE',  ( 6.822217097514144513, 0.000000000000000000, -3.258811727361020427 ) ) ;
#1233 = EDGE_LOOP ( 'NONE', ( #2561, #3130, #4227, #4191 ) ) ;
#1234 = ORIENTED_EDGE ( 'NONE', *, *, #4961, .F. ) ;
#1235 = ADVANCED_FACE ( 'NONE', ( #1146 ), #3068, .T. ) ;
#1236 = EDGE_CURVE ( 'NONE', #991, #6016, #3794, .T. ) ;
#1237 = DIRECTION ( 'NONE',  ( -0.000000000000000000, 1.000000000000000000, -0.000000000000000000 ) ) ;
#1238 = DIRECTION ( 'NONE',  ( -0.9238795325112839629, 0.000000000000000000, 0.3826834323650964431 ) ) ;
#1239 = FILL_AREA_STYLE_COLOUR ( '', #4425 ) ;
#1240 = COLOUR_RGB ( '',0.6470588235294117974, 0.6196078431372549211, 0.5882352941176470784 ) ;
#1241 = CARTESIAN_POINT ( 'NONE',  ( 0.4903497382065931109, 17.50000000000000000, 2.780911555543491787 ) ) ;
#1242 = UNCERTAINTY_MEASURE_WITH_UNIT (LENGTH_MEASURE( 1.000000000000000082E-05 ), #1884, 'distance_accuracy_value', 'NONE');
#1243 = AXIS2_PLACEMENT_3D ( 'NONE', #904, #1872, #2413 ) ;
#1244 = VECTOR ( 'NONE', #4935, 1000.000000000000000 ) ;
#1245 = CARTESIAN_POINT ( 'NONE',  ( 2.907010267667143655, 24.09245612541756287, -0.05654656954363268540 ) ) ;
#1246 = CARTESIAN_POINT ( 'NONE',  ( 1.609387136664832241, 24.46649189398613089, -1.956677216643885053 ) ) ;
#1247 = FACE_OUTER_BOUND ( 'NONE', #4587, .T. ) ;
#1248 = CARTESIAN_POINT ( 'NONE',  ( 1.604398948663865898, 24.46379134448215353, 1.964258514452292381 ) ) ;
#1249 =( GEOMETRIC_REPRESENTATION_CONTEXT ( 3 ) GLOBAL_UNCERTAINTY_ASSIGNED_CONTEXT ( ( #3396 ) ) GLOBAL_UNIT_ASSIGNED_CONTEXT ( ( #5085, #3234, #3328 ) ) REPRESENTATION_CONTEXT ( 'NONE', 'WORKASPACE' ) );
#1250 = ORIENTED_EDGE ( 'NONE', *, *, #127, .F. ) ;
#1251 = CARTESIAN_POINT ( 'NONE',  ( -2.163165183670608727, 24.11089388096348074, 1.915111107797550893 ) ) ;
#1252 = ADVANCED_FACE ( 'NONE', ( #860 ), #2239, .T. ) ;
#1253 = EDGE_LOOP ( 'NONE', ( #4, #1399, #1450, #1945 ) ) ;
#1254 = EDGE_CURVE ( 'NONE', #4034, #120, #3059, .T. ) ;
#1255 = DIRECTION ( 'NONE',  ( 0.3826834323650964986, 0.000000000000000000, 0.9238795325112839629 ) ) ;
#1256 = CARTESIAN_POINT ( 'NONE',  ( 3.196191035088731258, -4.956669073102030865, 7.170238016404981707 ) ) ;
#1257 = B_SPLINE_CURVE_WITH_KNOTS ( 'NONE', 3,
 ( #334, #3592, #362, #3212 ),
 .UNSPECIFIED., .F., .F.,
 ( 4, 4 ),
 ( 0.0001003651230099112361, 0.0006790282963584148368 ),
 .UNSPECIFIED. ) ;
#1258 = CARTESIAN_POINT ( 'NONE',  ( -2.500963888819605518, 24.44929433676989561, 0.5012841579945723769 ) ) ;
#1259 = ORIENTED_EDGE ( 'NONE', *, *, #778, .T. ) ;
#1260 = CARTESIAN_POINT ( 'NONE',  ( 2.630610637707272659, -4.705661585819406412, -7.396106250776918856 ) ) ;
#1261 = AXIS2_PLACEMENT_3D ( 'NONE', #3712, #2670, #2197 ) ;
#1262 = EDGE_LOOP ( 'NONE', ( #1684, #915, #2256, #3892 ) ) ;
#1263 = DIRECTION ( 'NONE',  ( 0.3826834323650815106, 0.000000000000000000, -0.9238795325112902912 ) ) ;
#1264 = CARTESIAN_POINT ( 'NONE',  ( -0.8550503583141598751, 17.50000000000000000, -2.349231551964701126 ) ) ;
#1265 = CARTESIAN_POINT ( 'NONE',  ( -1.453882690896363128, 24.07614780132995946, -2.536775805162589936 ) ) ;
#1266 = EDGE_LOOP ( 'NONE', ( #1497, #3800, #5713, #2415 ) ) ;
#1267 = AXIS2_PLACEMENT_3D ( 'NONE', #2258, #5185, #3742 ) ;
#1268 = AXIS2_PLACEMENT_3D ( 'NONE', #5974, #2705, #2266 ) ;
#1269 = ORIENTED_EDGE ( 'NONE', *, *, #4318, .T. ) ;
#1270 = CARTESIAN_POINT ( 'NONE',  ( 2.179634321643546979, 24.44525494324854975, -1.332635182227087434 ) ) ;
#1271 = PLANE ( 'NONE',  #4641 ) ;
#1272 = LINE ( 'NONE', #6014, #2206 ) ;
#1273 = EDGE_LOOP ( 'NONE', ( #3515, #4988, #3953, #2003, #1234 ) ) ;
#1274 = ADVANCED_FACE ( 'NONE', ( #6011 ), #1271, .F. ) ;
#1275 = CARTESIAN_POINT ( 'NONE',  ( 2.278115096945890983, 17.50000000000000000, -1.315270364466763375 ) ) ;
#1276 = CARTESIAN_POINT ( 'NONE',  ( -2.649580679115019155, 24.33873950678640341, -0.2767378293798325450 ) ) ;
#1277 = CARTESIAN_POINT ( 'NONE',  ( 6.928203230275514102, 2.500000000000000000, -3.543546446612491656E-15 ) ) ;
#1278 = EDGE_CURVE ( 'NONE', #1592, #17, #6109, .T. ) ;
#1279 = ORIENTED_EDGE ( 'NONE', *, *, #3753, .T. ) ;
#1280 = DIRECTION ( 'NONE',  ( -0.9848077530122077983, 0.000000000000000000, -0.1736481776669322186 ) ) ;
#1281 = VERTEX_POINT ( 'NONE', #2209 ) ;
#1282 = AXIS2_PLACEMENT_3D ( 'NONE', #2201, #2265, #4158 ) ;
#1283 = CARTESIAN_POINT ( 'NONE',  ( 0.9999999999999997780, 9.500000000000001776, -7.584358905009704444 ) ) ;
#1284 = LINE ( 'NONE', #2168, #4451 ) ;
#1285 = EDGE_LOOP ( 'NONE', ( #846 ) ) ;
#1286 = CARTESIAN_POINT ( 'NONE',  ( -1.000000000000000222, 9.500000000000001776, -6.850000000000000533 ) ) ;
#1287 = COLOUR_RGB ( '',0.6470588235294117974, 0.6196078431372549211, 0.5882352941176470784 ) ;
#1288 = ORIENTED_EDGE ( 'NONE', *, *, #4833, .T. ) ;
#1289 = FACE_OUTER_BOUND ( 'NONE', #5422, .T. ) ;
#1290 = VERTEX_POINT ( 'NONE', #4188 ) ;
#1291 = FACE_OUTER_BOUND ( 'NONE', #3105, .T. ) ;
#1292 = CARTESIAN_POINT ( 'NONE',  ( -0.8174676474102274826, 24.45104258969304922, -2.414326716736484357 ) ) ;
#1293 = ORIENTED_EDGE ( 'NONE', *, *, #3242, .T. ) ;
#1294 = SHAPE_REPRESENTATION ( 'SR16 6 position', ( #1169 ), #5358 ) ;
#1295 = CARTESIAN_POINT ( 'NONE',  ( 0.4297937442209259773, 24.10736372361309776, -2.860528795437309757 ) ) ;
#1296 = CARTESIAN_POINT ( 'NONE',  ( -0.8550503583138250319, 17.50000000000000000, 2.349231551964823694 ) ) ;
#1297 = DIRECTION ( 'NONE',  ( 0.000000000000000000, -1.000000000000000000, 0.000000000000000000 ) ) ;
#1298 = ORIENTED_EDGE ( 'NONE', *, *, #5018, .T. ) ;
#1299 = AXIS2_PLACEMENT_3D ( 'NONE', #2287, #4663, #6093 ) ;
#1300 = CARTESIAN_POINT ( 'NONE',  ( 3.258811727360997779, -5.000000000000000000, 6.822217097514156059 ) ) ;
#1301 = UNCERTAINTY_MEASURE_WITH_UNIT (LENGTH_MEASURE( 1.000000000000000082E-05 ), #5445, 'distance_accuracy_value', 'NONE');
#1302 = VECTOR ( 'NONE', #2053, 1000.000000000000000 ) ;
#1303 = CARTESIAN_POINT ( 'NONE',  ( 0.9338999314663214424, 24.44525494324441439, -2.377930449576747041 ) ) ;
#1304 = CARTESIAN_POINT ( 'NONE',  ( 1.620179076665066109, 24.46948457643193819, 1.943862297977326126 ) ) ;
#1305 = EDGE_CURVE ( 'NONE', #4923, #2275, #4221, .T. ) ;
#1306 = ORIENTED_EDGE ( 'NONE', *, *, #6004, .T. ) ;
#1307 = EDGE_LOOP ( 'NONE', ( #2882 ) ) ;
#1308 = EDGE_CURVE ( 'NONE', #3749, #5884, #273, .T. ) ;
#1309 = CARTESIAN_POINT ( 'NONE',  ( -1.594486428575828008, 24.45117771391906203, 1.988493921315922952 ) ) ;
#1310 = STYLED_ITEM ( 'NONE', ( #4497 ), #1646 ) ;
#1311 = AXIS2_PLACEMENT_3D ( 'NONE', #5341, #1583, #3996 ) ;
#1312 = FACE_OUTER_BOUND ( 'NONE', #2198, .T. ) ;
#1313 = APPLICATION_CONTEXT ( 'automotive_design' ) ;
#1314 = LINE ( 'NONE', #2131, #70 ) ;
#1315 = AXIS2_PLACEMENT_3D ( 'NONE', #2686, #3134, #3672 ) ;
#1316 =( NAMED_UNIT ( * ) PLANE_ANGLE_UNIT ( ) SI_UNIT ( $, .RADIAN. ) );
#1317 = VERTEX_POINT ( 'NONE', #1969 ) ;
#1318 = FACE_OUTER_BOUND ( 'NONE', #1857, .T. ) ;
#1319 = ORIENTED_EDGE ( 'NONE', *, *, #987, .F. ) ;
#1320 = CARTESIAN_POINT ( 'NONE',  ( 2.191545443829217454, 24.46985301392146539, 1.264455632642804028 ) ) ;
#1321 = CARTESIAN_POINT ( 'NONE',  ( 0.000000000000000000, 15.50000000000001066, 4.250000000000000000 ) ) ;
#1322 = CARTESIAN_POINT ( 'NONE',  ( -2.888090359768326731, 24.11089388095988184, 0.07660444431172985791 ) ) ;
#1323 = ORIENTED_EDGE ( 'NONE', *, *, #3082, .F. ) ;
#1324 = AXIS2_PLACEMENT_3D ( 'NONE', #6034, #5565, #3745 ) ;
#1325 = ADVANCED_FACE ( 'NONE', ( #5464 ), #5119, .F. ) ;
#1326 = MECHANICAL_DESIGN_GEOMETRIC_PRESENTATION_REPRESENTATION (  '', ( #4438 ), #6017 ) ;
#1327 = CARTESIAN_POINT ( 'NONE',  ( -2.584441325220752983, 24.33873950571229372, -0.6461614688681869278 ) ) ;
#1328 = CARTESIAN_POINT ( 'NONE',  ( -0.8372883586053740945, 24.46402637105422428, 2.393764911442288756 ) ) ;
#1329 = AXIS2_PLACEMENT_3D ( 'NONE', #1612, #4509, #3701 ) ;
#1330 = SURFACE_SIDE_STYLE ('',( #3761 ) ) ;
#1331 = B_SPLINE_CURVE_WITH_KNOTS ( 'NONE', 3,
 ( #3597, #5476, #1198, #3120, #1349, #3312, #5222, #4302, #938, #5629, #6133, #429, #4274, #2290, #5655, #2795, #908, #879, #3813 ),
 .UNSPECIFIED., .F., .F.,
 ( 4, 3, 3, 3, 3, 3, 4 ),
 ( 9.697399036122160616E-19, 3.145909546063662668E-05, 5.768159792252292766E-05, 8.411505865618546245E-05, 0.0001075980665475258403, 0.0001382024233625031519, 0.0001492729888286402698 ),
 .UNSPECIFIED. ) ;
#1332 = DIRECTION ( 'NONE',  ( 0.000000000000000000, -1.000000000000000000, 0.000000000000000000 ) ) ;
#1333 = ORIENTED_EDGE ( 'NONE', *, *, #1879, .T. ) ;
#1334 =( LENGTH_UNIT ( ) NAMED_UNIT ( * ) SI_UNIT ( .MILLI., .METRE. ) );
#1335 = ORIENTED_EDGE ( 'NONE', *, *, #311, .T. ) ;
#1336 = STYLED_ITEM ( 'NONE', ( #1787 ), #4985 ) ;
#1337 = CARTESIAN_POINT ( 'NONE',  ( -2.740117462259731518, 24.11089388096025843, 0.9158004477462100557 ) ) ;
#1338 = LINE ( 'NONE', #2782, #2409 ) ;
#1339 = CARTESIAN_POINT ( 'NONE',  ( -2.462019382530365341, 17.50000000000000000, -0.4341204441671489556 ) ) ;
#1340 = ORIENTED_EDGE ( 'NONE', *, *, #5369, .F. ) ;
#1341 = DIRECTION ( 'NONE',  ( 0.9238795325112866275, 0.000000000000000000, 0.3826834323650903369 ) ) ;
#1342 = AXIS2_PLACEMENT_3D ( 'NONE', #3769, #805, #6148 ) ;
#1343 = CYLINDRICAL_SURFACE ( 'NONE', #1267, 0.1000000000000000472 ) ;
#1344 = DIRECTION ( 'NONE',  ( -0.000000000000000000, -1.000000000000000000, -0.000000000000000000 ) ) ;
#1345 = CARTESIAN_POINT ( 'NONE',  ( -0.04971551676951077581, 24.45629017994077259, 2.543238979772148411 ) ) ;
#1346 = CARTESIAN_POINT ( 'NONE',  ( -2.462019382530304057, 17.50000000000000000, 0.4341204441674988423 ) ) ;
#1347 = VERTEX_POINT ( 'NONE', #1644 ) ;
#1348 = EDGE_CURVE ( 'NONE', #3317, #3978, #3483, .T. ) ;
#1349 = CARTESIAN_POINT ( 'NONE',  ( -2.491641934480792742, 24.46379134448244130, -0.4734215546501841509 ) ) ;
#1350 = ORIENTED_EDGE ( 'NONE', *, *, #35, .F. ) ;
#1351 = EDGE_CURVE ( 'NONE', #2226, #5643, #3585, .T. ) ;
#1352 = FACE_BOUND ( 'NONE', #1408, .T. ) ;
#1353 =( LENGTH_UNIT ( ) NAMED_UNIT ( * ) SI_UNIT ( .MILLI., .METRE. ) );
#1354 = LINE ( 'NONE', #2799, #920 ) ;
#1355 = VERTEX_POINT ( 'NONE', #2279 ) ;
#1356 = DIRECTION ( 'NONE',  ( -0.3826834323650872283, -0.000000000000000000, 0.9238795325112877377 ) ) ;
#1357 = DIRECTION ( 'NONE',  ( 0.000000000000000000, -1.000000000000000000, 0.000000000000000000 ) ) ;
#1358 = CARTESIAN_POINT ( 'NONE',  ( -0.8903303531439914487, 24.46645550312277706, 2.371967838728541444 ) ) ;
#1359 = EDGE_CURVE ( 'NONE', #5673, #4294, #5139, .T. ) ;
#1360 = CARTESIAN_POINT ( 'NONE',  ( 6.975290470460246084, -4.599999999999999645, 2.889259914356362202 ) ) ;
#1361 = ORIENTED_EDGE ( 'NONE', *, *, #1139, .T. ) ;
#1362 = LINE ( 'NONE', #593, #645 ) ;
#1363 = VERTEX_POINT ( 'NONE', #2691 ) ;
#1364 = EDGE_CURVE ( 'NONE', #5537, #3902, #2253, .T. ) ;
#1365 = VECTOR ( 'NONE', #2682, 1000.000000000000227 ) ;
#1366 = CARTESIAN_POINT ( 'NONE',  ( 0.8733445931748813340, 24.46948457643204478, -2.375047388060416598 ) ) ;
#1367 = SURFACE_STYLE_USAGE ( .BOTH. , #296 ) ;
#1368 = FACE_OUTER_BOUND ( 'NONE', #4460, .T. ) ;
#1369 = ORIENTED_EDGE ( 'NONE', *, *, #1677, .F. ) ;
#1370 = ORIENTED_EDGE ( 'NONE', *, *, #5397, .F. ) ;
#1371 = CARTESIAN_POINT ( 'NONE',  ( -0.1875612965876727600, 24.33873950678312070, 2.657382614790137154 ) ) ;
#1372 = COLOUR_RGB ( '',0.6470588235294117974, 0.6196078431372549211, 0.5882352941176470784 ) ;
#1373 = ORIENTED_EDGE ( 'NONE', *, *, #6089, .T. ) ;
#1374 = CARTESIAN_POINT ( 'NONE',  ( -1.605509510150313401, 24.46402637105393296, 1.963033738764253133 ) ) ;
#1375 = FACE_OUTER_BOUND ( 'NONE', #5448, .T. ) ;
#1376 = CARTESIAN_POINT ( 'NONE',  ( 0.5769522785847206459, 24.11089388096008790, -2.830911555543508040 ) ) ;
#1377 = CARTESIAN_POINT ( 'NONE',  ( -0.5769522785843954615, 24.11089388096012698, 2.830911555543533353 ) ) ;
#1378 = ORIENTED_EDGE ( 'NONE', *, *, #4492, .T. ) ;
#1379 = SURFACE_STYLE_USAGE ( .BOTH. , #4634 ) ;
#1380 = ORIENTED_EDGE ( 'NONE', *, *, #4833, .F. ) ;
#1381 = CARTESIAN_POINT ( 'NONE',  ( 1.564452329447742374, 24.33873950472236203, 2.156235265870496409 ) ) ;
#1382 =( NAMED_UNIT ( * ) SI_UNIT ( $, .STERADIAN. ) SOLID_ANGLE_UNIT ( ) );
#1383 = EDGE_CURVE ( 'NONE', #428, #936, #4597, .T. ) ;
#1384 = FILL_AREA_STYLE ('',( #5660 ) ) ;
#1385 = ORIENTED_EDGE ( 'NONE', *, *, #3398, .T. ) ;
#1386 = DIRECTION ( 'NONE',  ( -0.7660444431189800119, -0.000000000000000000, 0.6427876096865369204 ) ) ;
#1387 = PLANE ( 'NONE',  #1861 ) ;
#1388 = DIRECTION ( 'NONE',  ( 0.9396926207859088720, 0.000000000000000000, -0.3420201433256674362 ) ) ;
#1389 = PRESENTATION_STYLE_ASSIGNMENT (( #1855 ) ) ;
#1390 = CARTESIAN_POINT ( 'NONE',  ( -0.9338999314663063434, 17.50000000000000000, -2.377930449576677763 ) ) ;
#1391 = VERTEX_POINT ( 'NONE', #4545 ) ;
#1392 = LINE ( 'NONE', #3765, #4245 ) ;
#1393 = ORIENTED_EDGE ( 'NONE', *, *, #6060, .F. ) ;
#1394 = ADVANCED_BREP_SHAPE_REPRESENTATION ( '', ( #864, #2923, #5063, #2947, #5109, #4994, #3071, #3018, #2981, #1169 ), #5358 ) ;
#1395 = EDGE_CURVE ( 'NONE', #1281, #6105, #3169, .T. ) ;
#1396 = CARTESIAN_POINT ( 'NONE',  ( 0.8372883586057113803, 24.46402637105416034, -2.393764911442237686 ) ) ;
#1397 = CARTESIAN_POINT ( 'NONE',  ( 2.519708101351970875, -5.000000000000000000, 7.128363843406233080 ) ) ;
#1398 =( NAMED_UNIT ( * ) PLANE_ANGLE_UNIT ( ) SI_UNIT ( $, .RADIAN. ) );
#1399 = ORIENTED_EDGE ( 'NONE', *, *, #5931, .T. ) ;
#1400 = CARTESIAN_POINT ( 'NONE',  ( 2.653514921881749533, 17.50000000000000000, 0.9658004477459414261 ) ) ;
#1401 = EDGE_CURVE ( 'NONE', #6146, #528, #755, .T. ) ;
#1402 = ORIENTED_EDGE ( 'NONE', *, *, #5750, .T. ) ;
#1403 =( NAMED_UNIT ( * ) PLANE_ANGLE_UNIT ( ) SI_UNIT ( $, .RADIAN. ) );
#1404 = CARTESIAN_POINT ( 'NONE',  ( -2.888090359768326731, 24.11089388095988184, 0.07660444431172985791 ) ) ;
#1405 = DIRECTION ( 'NONE',  ( 0.000000000000000000, 0.000000000000000000, 1.000000000000000000 ) ) ;
#1406 = CARTESIAN_POINT ( 'NONE',  ( -0.03192212604769539136, 24.46402637105416389, -2.535772707593739739 ) ) ;
#1407 = CARTESIAN_POINT ( 'NONE',  ( -3.258811727360901855, -4.599999999999999645, 6.822217097514201356 ) ) ;
#1408 = EDGE_LOOP ( 'NONE', ( #4424 ) ) ;
#1409 = AXIS2_PLACEMENT_3D ( 'NONE', #2189, #4543, #3613 ) ;
#1410 = FACE_OUTER_BOUND ( 'NONE', #1120, .T. ) ;
#1411 = CARTESIAN_POINT ( 'NONE',  ( -2.207580204229912635, 24.33873950472261427, -1.491124158073015238 ) ) ;
#1412 = ORIENTED_EDGE ( 'NONE', *, *, #2004, .F. ) ;
#1413 = EDGE_LOOP ( 'NONE', ( #1558, #4154, #832, #2410 ) ) ;
#1414 = FILL_AREA_STYLE_COLOUR ( '', #786 ) ;
#1415 = CARTESIAN_POINT ( 'NONE',  ( 2.687716936214215036, 17.50000000000000000, -1.059769709824812001 ) ) ;
#1416 = ORIENTED_EDGE ( 'NONE', *, *, #3402, .T. ) ;
#1417 = AXIS2_PLACEMENT_3D ( 'NONE', #4473, #819, #847 ) ;
#1418 = CARTESIAN_POINT ( 'NONE',  ( 7.089959504884808084, -5.000000000000000000, -3.369714263716374614 ) ) ;
#1419 = ORIENTED_EDGE ( 'NONE', *, *, #2271, .T. ) ;
#1420 = EDGE_CURVE ( 'NONE', #4495, #40, #3615, .T. ) ;
#1421 = CIRCLE ( 'NONE', #5219, 7.850000000000003197 ) ;
#1422 = CARTESIAN_POINT ( 'NONE',  ( -2.165063509460822377, 17.50000000000000000, 1.250000000000150324 ) ) ;
#1423 = FACE_OUTER_BOUND ( 'NONE', #5135, .T. ) ;
#1424 = CARTESIAN_POINT ( 'NONE',  ( -1.000000000000000222, 11.50000000000000178, -6.850000000000000533 ) ) ;
#1425 = DIRECTION ( 'NONE',  ( 0.3826834323650939451, 0.000000000000000000, 0.9238795325112849621 ) ) ;
#1426 = ORIENTED_EDGE ( 'NONE', *, *, #6013, .T. ) ;
#1427 = CARTESIAN_POINT ( 'NONE',  ( 2.496245583785165145, 24.46823170470865705, 0.4226926033594292087 ) ) ;
#1428 = ORIENTED_EDGE ( 'NONE', *, *, #4573, .T. ) ;
#1429 = CARTESIAN_POINT ( 'NONE',  ( -2.923810621749077132, 24.07618934483407358, 0.0004420510025808358271 ) ) ;
#1430 = DIRECTION ( 'NONE',  ( 0.000000000000000000, 0.000000000000000000, -1.000000000000000000 ) ) ;
#1431 = CARTESIAN_POINT ( 'NONE',  ( 0.9069544929132334898, 24.46082274070652574, 2.371695183614879632 ) ) ;
#1432 = CARTESIAN_POINT ( 'NONE',  ( 7.252454330213567779, -5.000000000000000000, -3.004064944066035636 ) ) ;
#1433 = VECTOR ( 'NONE', #3586, 1000.000000000000000 ) ;
#1434 = CARTESIAN_POINT ( 'NONE',  ( -2.179634321644492889, 17.50000000000000000, -1.332635182233149029 ) ) ;
#1435 = ORIENTED_EDGE ( 'NONE', *, *, #2933, .F. ) ;
#1436 = EDGE_LOOP ( 'NONE', ( #3324 ) ) ;
#1437 = ADVANCED_FACE ( 'NONE', ( #2217 ), #5524, .T. ) ;
#1438 = VECTOR ( 'NONE', #1039, 1000.000000000000114 ) ;
#1439 = AXIS2_PLACEMENT_3D ( 'NONE', #4442, #598, #2979 ) ;
#1440 = LINE ( 'NONE', #1846, #208 ) ;
#1441 = DIRECTION ( 'NONE',  ( -0.000000000000000000, 1.000000000000000000, 0.000000000000000000 ) ) ;
#1442 = DIRECTION ( 'NONE',  ( -0.9238795325112865164, 0.000000000000000000, -0.3826834323650903924 ) ) ;
#1443 = CARTESIAN_POINT ( 'NONE',  ( 3.258811727360997779, 0.000000000000000000, 6.822217097514156059 ) ) ;
#1444 = ORIENTED_EDGE ( 'NONE', *, *, #5399, .F. ) ;
#1445 = VECTOR ( 'NONE', #2641, 1000.000000000000000 ) ;
#1446 = PRODUCT_DEFINITION_SHAPE ( 'NONE', 'NONE',  #5599 ) ;
#1447 = CARTESIAN_POINT ( 'NONE',  ( 2.689953670964017274, 24.10911168744609512, -1.058955604953922824 ) ) ;
#1448 = FACE_BOUND ( 'NONE', #672, .T. ) ;
#1449 = EDGE_LOOP ( 'NONE', ( #610, #547, #376, #1340 ) ) ;
#1450 = ORIENTED_EDGE ( 'NONE', *, *, #2631, .T. ) ;
#1451 = CARTESIAN_POINT ( 'NONE',  ( -2.735892167142484954, 24.07928144543851090, 1.022492505952074637 ) ) ;
#1452 = DIRECTION ( 'NONE',  ( -0.3826834323651010505, -0.000000000000000000, -0.9238795325112820755 ) ) ;
#1453 = CARTESIAN_POINT ( 'NONE',  ( 2.163165183675333392, 17.50000000000000000, -1.815111107797550805 ) ) ;
#1454 = PRESENTATION_STYLE_ASSIGNMENT (( #5483 ) ) ;
#1455 = ORIENTED_EDGE ( 'NONE', *, *, #684, .F. ) ;
#1456 = ADVANCED_FACE ( 'NONE', ( #1247 ), #2717, .F. ) ;
#1457 = CARTESIAN_POINT ( 'NONE',  ( -2.243913082612969845, 24.44525494324458137, 1.221301102388173021 ) ) ;
#1458 = CIRCLE ( 'NONE', #4277, 0.3999999999999999112 ) ;
#1459 = VECTOR ( 'NONE', #5570, 1000.000000000000000 ) ;
#1460 = VERTEX_POINT ( 'NONE', #1864 ) ;
#1461 = FACE_OUTER_BOUND ( 'NONE', #4069, .T. ) ;
#1462 = EDGE_CURVE ( 'NONE', #1982, #3700, #2848, .T. ) ;
#1463 = FACE_OUTER_BOUND ( 'NONE', #1436, .T. ) ;
#1464 = CARTESIAN_POINT ( 'NONE',  ( -7.128363843406259726, -0.000000000000000000, -2.519708101351894936 ) ) ;
#1465 = CARTESIAN_POINT ( 'NONE',  ( -1.377703785067108999, 24.11089388096017672, -2.539461842140004144 ) ) ;
#1466 = B_SPLINE_CURVE_WITH_KNOTS ( 'NONE', 3,
 ( #200, #4474, #659, #4503, #5110, #266, #2739, #1609, #2568, #1153, #5461, #4542, #2157, #406, #2090, #5636, #4646, #4678, #2122 ),
 .UNSPECIFIED., .F., .F.,
 ( 4, 3, 3, 3, 3, 3, 4 ),
 ( 4.336808689942017736E-19, 3.145909546063916778E-05, 5.768159792252300897E-05, 8.411505865618315852E-05, 0.0001075980665475241734, 0.0001382024233624981645, 0.0001492729888316271113 ),
 .UNSPECIFIED. ) ;
#1467 = ORIENTED_EDGE ( 'NONE', *, *, #3375, .F. ) ;
#1468 = EDGE_LOOP ( 'NONE', ( #4754, #4164, #1538, #954 ) ) ;
#1469 = B_SPLINE_CURVE_WITH_KNOTS ( 'NONE', 3,
 ( #5159, #3783, #6068, #5596, #3250, #2416, #510, #4333, #56, #1933, #3880, #5746, #975, #3372, #5253, #2891, #4792, #3195, #3759, #1295, #379, #1819 ),
 .UNSPECIFIED., .F., .F.,
 ( 4, 3, 3, 3, 3, 3, 3, 4 ),
 ( 1.022834283856302764E-18, 3.737017153941002607E-05, 6.632414775228135425E-05, 9.559872338567018733E-05, 0.0001205902993703277583, 0.0001452370098980935672, 0.0001812528771457873106, 0.0001900682076238026147 ),
 .UNSPECIFIED. ) ;
#1470 = CARTESIAN_POINT ( 'NONE',  ( -2.526298143494066561, 24.44525494324887305, -0.3801841595499744209 ) ) ;
#1471 = COLOUR_RGB ( '',0.6470588235294117974, 0.6196078431372549211, 0.5882352941176470784 ) ;
#1472 =( LENGTH_UNIT ( ) NAMED_UNIT ( * ) SI_UNIT ( .MILLI., .METRE. ) );
#1473 = DIRECTION ( 'NONE',  ( -0.000000000000000000, -1.000000000000000000, -0.000000000000000000 ) ) ;
#1474 = DIRECTION ( 'NONE',  ( -0.000000000000000000, 1.000000000000000000, -0.000000000000000000 ) ) ;
#1475 = CARTESIAN_POINT ( 'NONE',  ( 3.258811727360948929, -5.000000000000000000, -6.822217097514179152 ) ) ;
#1476 = VERTEX_POINT ( 'NONE', #1424 ) ;
#1477 =( NAMED_UNIT ( * ) PLANE_ANGLE_UNIT ( ) SI_UNIT ( $, .RADIAN. ) );
#1478 = MECHANICAL_DESIGN_GEOMETRIC_PRESENTATION_REPRESENTATION (  '', ( #4200 ), #1880 ) ;
#1479 = CARTESIAN_POINT ( 'NONE',  ( 2.753144936827310651, 24.08637983427258789, -0.9536403881178993069 ) ) ;
#1480 = CARTESIAN_POINT ( 'NONE',  ( 2.526298143499311699, 24.44525494324425452, -0.3801841595461694645 ) ) ;
#1481 = VERTEX_POINT ( 'NONE', #416 ) ;
#1482 = ORIENTED_EDGE ( 'NONE', *, *, #682, .T. ) ;
#1483 = CARTESIAN_POINT ( 'NONE',  ( -2.687716936214325614, 24.11089388095986763, 1.059769709824643469 ) ) ;
#1484 =( NAMED_UNIT ( * ) SI_UNIT ( $, .STERADIAN. ) SOLID_ANGLE_UNIT ( ) );
#1485 = CARTESIAN_POINT ( 'NONE',  ( -2.526298143498957760, 24.50000000000000000, 0.3801841595461688539 ) ) ;
#1486 = CARTESIAN_POINT ( 'NONE',  ( -2.179634321644492889, 24.44525494324457782, -1.332635182233149251 ) ) ;
#1487 = VERTEX_POINT ( 'NONE', #6117 ) ;
#1488 = CARTESIAN_POINT ( 'NONE',  ( 2.491848378388745289, 24.46985301392144407, 0.4386469405024970292 ) ) ;
#1489 = EDGE_CURVE ( 'NONE', #5911, #450, #3266, .T. ) ;
#1490 = ORIENTED_EDGE ( 'NONE', *, *, #4649, .T. ) ;
#1491 = CARTESIAN_POINT ( 'NONE',  ( 0.5769522785847898128, 24.11089388095967223, 2.830911555543920155 ) ) ;
#1492 = CARTESIAN_POINT ( 'NONE',  ( 1.682134446025284502, 24.45104258970276945, -1.915111107797552448 ) ) ;
#1493 = CARTESIAN_POINT ( 'NONE',  ( 0.06189764801646169268, 24.44731221181130465, 2.551938293621272003 ) ) ;
#1494 = CARTESIAN_POINT ( 'NONE',  ( -1.377703785067327491, 24.11089388095978947, 2.539461842140328329 ) ) ;
#1495 = VERTEX_POINT ( 'NONE', #4752 ) ;
#1496 = EDGE_CURVE ( 'NONE', #2014, #1665, #3473, .T. ) ;
#1497 = ORIENTED_EDGE ( 'NONE', *, *, #848, .T. ) ;
#1498 = ORIENTED_EDGE ( 'NONE', *, *, #3436, .F. ) ;
#1499 = DIRECTION ( 'NONE',  ( 0.000000000000000000, 0.000000000000000000, 1.000000000000000000 ) ) ;
#1500 = CARTESIAN_POINT ( 'NONE',  ( -7.252454330213610412, -5.000000000000000000, -3.004064944065936604 ) ) ;
#1501 = CARTESIAN_POINT ( 'NONE',  ( 0.000000000000000000, 11.50000000000000000, 0.000000000000000000 ) ) ;
#1502 = FACE_OUTER_BOUND ( 'NONE', #892, .T. ) ;
#1503 = FACE_OUTER_BOUND ( 'NONE', #5785, .T. ) ;
#1504 = DIRECTION ( 'NONE',  ( 0.000000000000000000, 0.000000000000000000, 1.000000000000000000 ) ) ;
#1505 = ORIENTED_EDGE ( 'NONE', *, *, #1617, .T. ) ;
#1506 = EDGE_CURVE ( 'NONE', #5884, #4827, #2721, .T. ) ;
#1507 = PRESENTATION_STYLE_ASSIGNMENT (( #2075 ) ) ;
#1508 = DIRECTION ( 'NONE',  ( -0.9238795325112876267, 0.000000000000000000, -0.3826834323650879499 ) ) ;
#1509 = AXIS2_PLACEMENT_3D ( 'NONE', #2777, #5694, #4776 ) ;
#1510 = EDGE_CURVE ( 'NONE', #120, #4771, #1831, .T. ) ;
#1511 = CARTESIAN_POINT ( 'NONE',  ( -1.411905799399429950, 17.50000000000000000, 2.445492580061568777 ) ) ;
#1512 = VECTOR ( 'NONE', #2194, 1000.000000000000000 ) ;
#1513 = ORIENTED_EDGE ( 'NONE', *, *, #3217, .F. ) ;
#1514 = ADVANCED_FACE ( 'NONE', ( #3301 ), #995, .F. ) ;
#1515 = ORIENTED_EDGE ( 'NONE', *, *, #5475, .T. ) ;
#1516 = CARTESIAN_POINT ( 'NONE',  ( 2.753592352289990774, 24.08406744546854128, 0.9593939082164144594 ) ) ;
#1517 = AXIS2_PLACEMENT_3D ( 'NONE', #2582, #791, #4098 ) ;
#1518 = CARTESIAN_POINT ( 'NONE',  ( 0.000000000000000000, 9.300000000000000711, 0.000000000000000000 ) ) ;
#1519 = SURFACE_STYLE_FILL_AREA ( #5833 ) ;
#1520 = FILL_AREA_STYLE ('',( #3868 ) ) ;
#1521 = VERTEX_POINT ( 'NONE', #4203 ) ;
#1522 = CARTESIAN_POINT ( 'NONE',  ( -2.240992215174296920, 24.44731221181146452, -1.222364211194026717 ) ) ;
#1523 = VECTOR ( 'NONE', #3558, 1000.000000000000000 ) ;
#1524 = PRESENTATION_LAYER_ASSIGNMENT (  '', '', ( #5618 ) ) ;
#1525 = VERTEX_POINT ( 'NONE', #1032 ) ;
#1526 = CARTESIAN_POINT ( 'NONE',  ( -1.377703785067327491, 24.11089388095978947, 2.539461842140328329 ) ) ;
#1527 = CARTESIAN_POINT ( 'NONE',  ( -1.690878987333757966, 17.50000000000000000, 2.015111107797552314 ) ) ;
#1528 =( NAMED_UNIT ( * ) SI_UNIT ( $, .STERADIAN. ) SOLID_ANGLE_UNIT ( ) );
#1529 = CARTESIAN_POINT ( 'NONE',  ( 7.396106250776888658, -4.599999999999999645, -2.630610637707348598 ) ) ;
#1530 = PRESENTATION_LAYER_ASSIGNMENT (  '', '', ( #5822 ) ) ;
#1531 = EDGE_LOOP ( 'NONE', ( #563, #4233, #2435, #4149 ) ) ;
#1532 = CARTESIAN_POINT ( 'NONE',  ( -2.888090359767948367, 17.50000000000000000, -0.07660444431174838475 ) ) ;
#1533 = FACE_OUTER_BOUND ( 'NONE', #3695, .T. ) ;
#1534 = APPLICATION_PROTOCOL_DEFINITION ( 'draft international standard', 'automotive_design', 1998, #1313 ) ;
#1535 = LINE ( 'NONE', #2965, #542 ) ;
#1536 = CARTESIAN_POINT ( 'NONE',  ( -3.369714263716252045, -5.000000000000000000, 7.089959504884867592 ) ) ;
#1537 = EDGE_CURVE ( 'NONE', #3463, #2207, #4848, .T. ) ;
#1538 = ORIENTED_EDGE ( 'NONE', *, *, #2583, .F. ) ;
#1539 = VECTOR ( 'NONE', #501, 1000.000000000000000 ) ;
#1540 = CARTESIAN_POINT ( 'NONE',  ( 2.888090359768293869, 24.11089388095991382, 0.07660444431175644775 ) ) ;
#1541 = STYLED_ITEM ( 'NONE', ( #3203 ), #1122 ) ;
#1542 = CARTESIAN_POINT ( 'NONE',  ( 0.000000000000000000, 17.50000000000000000, -2.499999999999992006 ) ) ;
#1543 = VERTEX_POINT ( 'NONE', #197 ) ;
#1544 = DIRECTION ( 'NONE',  ( 0.8660254037844397068, 0.000000000000000000, 0.4999999999999982236 ) ) ;
#1545 = VERTEX_POINT ( 'NONE', #1579 ) ;
#1546 = CARTESIAN_POINT ( 'NONE',  ( -2.823811598799294220, 17.50000000000000000, 1.492946391512539606E-13 ) ) ;
#1547 = B_SPLINE_CURVE_WITH_KNOTS ( 'NONE', 3,
 ( #3877, #5128, #1345, #3841, #3276, #426, #5709, #5155, #2316, #3337, #1841, #3779, #606, #1554, #5873, #3997, #662, #1493, #86 ),
 .UNSPECIFIED., .F., .F.,
 ( 4, 3, 3, 3, 3, 3, 4 ),
 ( 1.006269437396372051E-18, 3.145909546063428887E-05, 5.768159792251629370E-05, 8.411505865617547424E-05, 0.0001075980665475157979, 0.0001382024233624927706, 0.0001492729888286369359 ),
 .UNSPECIFIED. ) ;
#1548 = CARTESIAN_POINT ( 'NONE',  ( -7.128363843406259726, -0.000000000000000000, -2.519708101351894936 ) ) ;
#1549 = VECTOR ( 'NONE', #2093, 1000.000000000000000 ) ;
#1550 = LINE ( 'NONE', #171, #4038 ) ;
#1551 = UNCERTAINTY_MEASURE_WITH_UNIT (LENGTH_MEASURE( 1.000000000000000082E-05 ), #1760, 'distance_accuracy_value', 'NONE');
#1552 = SURFACE_SIDE_STYLE ('',( #173 ) ) ;
#1553 = CARTESIAN_POINT ( 'NONE',  ( 0.000000000000000000, 0.000000000000000000, 0.000000000000000000 ) ) ;
#1554 = CARTESIAN_POINT ( 'NONE',  ( 0.04109091775444258937, 24.46082274070658613, 2.538861168452365646 ) ) ;
#1555 = CARTESIAN_POINT ( 'NONE',  ( -1.232564497706012840, 24.22653848144647171, 2.486635461718201601 ) ) ;
#1556 = CARTESIAN_POINT ( 'NONE',  ( 0.5769522785850369484, 17.50000000000000000, 2.830911555543492053 ) ) ;
#1557 = VECTOR ( 'NONE', #1622, 1000.000000000000000 ) ;
#1558 = ORIENTED_EDGE ( 'NONE', *, *, #4654, .F. ) ;
#1559 = DIRECTION ( 'NONE',  ( 0.3826834323650916136, -0.000000000000000000, -0.9238795325112859613 ) ) ;
#1560 = CARTESIAN_POINT ( 'NONE',  ( 1.444578745731712521, 24.07755045136805805, 2.540469482217635022 ) ) ;
#1561 = DIRECTION ( 'NONE',  ( 1.000000000000000000, 0.000000000000000000, 0.000000000000000000 ) ) ;
#1562 = FILL_AREA_STYLE_COLOUR ( '', #2328 ) ;
#1563 = DIRECTION ( 'NONE',  ( 0.000000000000000000, -1.000000000000000000, 0.000000000000000000 ) ) ;
#1564 = ORIENTED_EDGE ( 'NONE', *, *, #478, .F. ) ;
#1565 = FACE_OUTER_BOUND ( 'NONE', #4207, .T. ) ;
#1566 = ORIENTED_EDGE ( 'NONE', *, *, #3479, .F. ) ;
#1567 = EDGE_CURVE ( 'NONE', #1721, #4495, #2293, .T. ) ;
#1568 = FACE_OUTER_BOUND ( 'NONE', #644, .T. ) ;
#1569 = EDGE_CURVE ( 'NONE', #5580, #1317, #4904, .T. ) ;
#1570 = CARTESIAN_POINT ( 'NONE',  ( 2.239484734616131512, 24.07618934483376094, -1.879727871444416998 ) ) ;
#1571 = CARTESIAN_POINT ( 'NONE',  ( 2.888090359768681115, 24.11089388095953012, -0.07660444431172966362 ) ) ;
#1572 = EDGE_LOOP ( 'NONE', ( #4740, #221, #797, #4042 ) ) ;
#1573 = CARTESIAN_POINT ( 'NONE',  ( -1.690878987330078020, 24.44525494324714998, -1.915111107797323742 ) ) ;
#1574 = ORIENTED_EDGE ( 'NONE', *, *, #2545, .T. ) ;
#1575 = EDGE_CURVE ( 'NONE', #4801, #956, #2085, .T. ) ;
#1576 = MECHANICAL_DESIGN_GEOMETRIC_PRESENTATION_REPRESENTATION (  '', ( #1189 ), #5669 ) ;
#1577 = CARTESIAN_POINT ( 'NONE',  ( 0.5318758581411114905, 24.07928144543831550, 2.871881777944133241 ) ) ;
#1578 = DIRECTION ( 'NONE',  ( 0.000000000000000000, -0.000000000000000000, 1.000000000000000000 ) ) ;
#1579 = CARTESIAN_POINT ( 'NONE',  ( 0.06427876096865399458, 24.44525494324442150, -2.553936284621321384 ) ) ;
#1580 = CARTESIAN_POINT ( 'NONE',  ( -2.261645958976390869, 17.50000000000000000, -1.797746290030629801 ) ) ;
#1581 = ADVANCED_FACE ( 'NONE', ( #3425 ), #2535, .F. ) ;
#1582 = CARTESIAN_POINT ( 'NONE',  ( -7.396106250776904645, -4.599999999999999645, 2.630610637707299304 ) ) ;
#1583 = DIRECTION ( 'NONE',  ( -0.000000000000000000, -1.000000000000000000, -0.000000000000000000 ) ) ;
#1584 = CARTESIAN_POINT ( 'NONE',  ( 1.461522483476811463, 24.07618934483381423, -2.532315299790903307 ) ) ;
#1585 = CARTESIAN_POINT ( 'NONE',  ( -7.396106250776905533, -5.000000000000000000, 2.630610637707299748 ) ) ;
#1586 = CARTESIAN_POINT ( 'NONE',  ( -1.505323867739722044, 24.09647142437298228, 2.482854977894458859 ) ) ;
#1587 = ADVANCED_FACE ( 'NONE', ( #2565 ), #1116, .F. ) ;
#1588 = CARTESIAN_POINT ( 'NONE',  ( -3.464101615137749501, 2.500000000000000000, 6.000000000000006217 ) ) ;
#1589 = DIRECTION ( 'NONE',  ( -0.3420201433256701562, 0.000000000000000000, -0.9396926207859078728 ) ) ;
#1590 = DIRECTION ( 'NONE',  ( -1.000000000000000000, 0.000000000000000000, 2.247478609048135426E-15 ) ) ;
#1591 = CARTESIAN_POINT ( 'NONE',  ( -2.219541546135845422, 24.46038112602419190, 1.234220138399561684 ) ) ;
#1592 = VERTEX_POINT ( 'NONE', #5304 ) ;
#1593 = DIRECTION ( 'NONE',  ( 0.000000000000000000, 1.000000000000000000, -0.000000000000000000 ) ) ;
#1594 = ORIENTED_EDGE ( 'NONE', *, *, #1567, .F. ) ;
#1595 =( GEOMETRIC_REPRESENTATION_CONTEXT ( 3 ) GLOBAL_UNCERTAINTY_ASSIGNED_CONTEXT ( ( #1670 ) ) GLOBAL_UNIT_ASSIGNED_CONTEXT ( ( #5239, #1863, #6149 ) ) REPRESENTATION_CONTEXT ( 'NONE', 'WORKASPACE' ) );
#1596 = CARTESIAN_POINT ( 'NONE',  ( 2.200685977351277245, 24.08748573298177931, -1.907805174716261876 ) ) ;
#1597 = CARTESIAN_POINT ( 'NONE',  ( -1.411905799399688410, 17.50000000000000000, -2.445492580061418231 ) ) ;
#1598 = ORIENTED_EDGE ( 'NONE', *, *, #2951, .T. ) ;
#1599 = DIRECTION ( 'NONE',  ( 1.000000000000000000, -0.000000000000000000, -0.000000000000000000 ) ) ;
#1600 = EDGE_LOOP ( 'NONE', ( #3895, #383, #1905, #4406 ) ) ;
#1601 = AXIS2_PLACEMENT_3D ( 'NONE', #649, #5791, #103 ) ;
#1602 = CARTESIAN_POINT ( 'NONE',  ( -2.263647066753879944, 24.09876993821217539, -1.814686520854171370 ) ) ;
#1603 = VECTOR ( 'NONE', #4566, 1000.000000000000114 ) ;
#1604 = LINE ( 'NONE', #5894, #251 ) ;
#1605 = SURFACE_STYLE_USAGE ( .BOTH. , #5895 ) ;
#1606 = ADVANCED_FACE ( 'NONE', ( #2054 ), #5766, .F. ) ;
#1607 = CARTESIAN_POINT ( 'NONE',  ( -2.227221513610019965, 24.45632721815586663, -1.228741789066712053 ) ) ;
#1608 = EDGE_CURVE ( 'NONE', #6003, #6003, #5802, .T. ) ;
#1609 = CARTESIAN_POINT ( 'NONE',  ( -1.620179076664713502, 24.46948457643216202, -1.943862297977324349 ) ) ;
#1610 = CARTESIAN_POINT ( 'NONE',  ( -2.519708101351870955, -5.000000000000000000, 7.128363843406268607 ) ) ;
#1611 = CARTESIAN_POINT ( 'NONE',  ( 0.4903497382062705912, 17.50000000000000000, -2.780911555543518876 ) ) ;
#1612 = CARTESIAN_POINT ( 'NONE',  ( -2.519708101351870955, -5.000000000000000000, 7.128363843406268607 ) ) ;
#1613 = CARTESIAN_POINT ( 'NONE',  ( -1.382232478506710605, 24.10736372361317947, 2.541019682619200193 ) ) ;
#1614 = CIRCLE ( 'NONE', #5414, 0.09999999999999982514 ) ;
#1615 = AXIS2_PLACEMENT_3D ( 'NONE', #4620, #1297, #2712 ) ;
#1616 = COLOUR_RGB ( '',0.6470588235294117974, 0.6196078431372549211, 0.5882352941176470784 ) ;
#1617 = EDGE_CURVE ( 'NONE', #857, #1460, #420, .T. ) ;
#1618 = CARTESIAN_POINT ( 'NONE',  ( 1.469502209381573499, 24.07622500002010568, 2.527665573846586966 ) ) ;
#1619 = CARTESIAN_POINT ( 'NONE',  ( 1.925929944387235853E-31, 12.00000000000000000, -2.407412430484044816E-32 ) ) ;
#1620 = DIRECTION ( 'NONE',  ( 0.000000000000000000, 0.000000000000000000, -1.000000000000000000 ) ) ;
#1621 =( GEOMETRIC_REPRESENTATION_CONTEXT ( 3 ) GLOBAL_UNCERTAINTY_ASSIGNED_CONTEXT ( ( #5551 ) ) GLOBAL_UNIT_ASSIGNED_CONTEXT ( ( #4189, #2362, #2 ) ) REPRESENTATION_CONTEXT ( 'NONE', 'WORKASPACE' ) );
#1622 = DIRECTION ( 'NONE',  ( 0.000000000000000000, -1.000000000000000000, -0.000000000000000000 ) ) ;
#1623 = ORIENTED_EDGE ( 'NONE', *, *, #603, .T. ) ;
#1624 = CARTESIAN_POINT ( 'NONE',  ( 3.464101615137756163, 2.500000000000000000, -6.000000000000002665 ) ) ;
#1625 = EDGE_LOOP ( 'NONE', ( #2468, #3680, #470, #3249, #3394, #4311, #5595, #5175, #1774, #782, #1455, #5084, #1594, #71, #2254, #4382, #5631, #484, #1426, #1380, #4737, #4692, #1168, #2908, #3936, #3596, #4429, #5676, #4075, #1566, #701, #4675, #1402, #4125, #4457, #6090, #3429, #862, #546, #4296, #3772, #2012, #5273, #3574, #3928, #2374, #5207, #496, #4256, #1369, #4244, #2938, #2807, #2531, #5921, #482, #2139, #1904, #5526, #3541, #2501, #2255, #5589, #4176, #2369, #4661, #2386, #512, #2365, #890, #2844 ) ) ;
#1626 = AXIS2_PLACEMENT_3D ( 'NONE', #955, #2370, #4350 ) ;
#1627 = EDGE_CURVE ( 'NONE', #494, #5756, #2242, .T. ) ;
#1628 = CARTESIAN_POINT ( 'NONE',  ( 2.165063509461177205, 17.50000000000000000, -1.250000000000149436 ) ) ;
#1629 = CARTESIAN_POINT ( 'NONE',  ( 2.214647128878039162, 24.08122916413014636, -1.901215905723452337 ) ) ;
#1630 = DIRECTION ( 'NONE',  ( -0.9238795325112866275, 0.000000000000000000, 0.3826834323650902814 ) ) ;
#1631 = CARTESIAN_POINT ( 'NONE',  ( 2.179634321643546979, 24.44525494324854975, -1.332635182227087434 ) ) ;
#1632 = AXIS2_PLACEMENT_3D ( 'NONE', #2718, #3646, #5465 ) ;
#1633 = ORIENTED_EDGE ( 'NONE', *, *, #5216, .T. ) ;
#1634 = VERTEX_POINT ( 'NONE', #292 ) ;
#1635 = STYLED_ITEM ( 'NONE', ( #1215 ), #1325 ) ;
#1636 = FILL_AREA_STYLE_COLOUR ( '', #4852 ) ;
#1637 = MECHANICAL_DESIGN_GEOMETRIC_PRESENTATION_REPRESENTATION (  '', ( #3061 ), #5829 ) ;
#1638 = CARTESIAN_POINT ( 'NONE',  ( 2.263647066754237880, 24.09876993821318791, 1.814686520852107021 ) ) ;
#1639 = DIRECTION ( 'NONE',  ( -0.9238795325112865164, 0.000000000000000000, 0.3826834323650903924 ) ) ;
#1640 = LINE ( 'NONE', #3582, #826 ) ;
#1641 = FACE_OUTER_BOUND ( 'NONE', #3376, .T. ) ;
#1642 = AXIS2_PLACEMENT_3D ( 'NONE', #96, #2390, #4306 ) ;
#1643 = CARTESIAN_POINT ( 'NONE',  ( -2.739593826771520746, 24.07755045136831384, -1.017555210793417375 ) ) ;
#1644 = CARTESIAN_POINT ( 'NONE',  ( -1.592398212033660831, 24.44525494324881265, 1.997746290024486449 ) ) ;
#1645 = DIRECTION ( 'NONE',  ( 0.000000000000000000, 0.000000000000000000, -1.000000000000000000 ) ) ;
#1646 = ADVANCED_FACE ( 'NONE', ( #4048 ), #4621, .T. ) ;
#1647 = SURFACE_SIDE_STYLE ('',( #6083 ) ) ;
#1648 = CARTESIAN_POINT ( 'NONE',  ( -2.227794978837900786, 24.07731203357824867, 1.891850013290343524 ) ) ;
#1649 = EDGE_CURVE ( 'NONE', #4264, #2014, #5083, .T. ) ;
#1650 = CARTESIAN_POINT ( 'NONE',  ( 2.821362219462132696E-15, -4.599999999999999645, -6.811370934592703927E-15 ) ) ;
#1651 = DIRECTION ( 'NONE',  ( 0.000000000000000000, 0.000000000000000000, 1.000000000000000000 ) ) ;
#1652 = FACE_OUTER_BOUND ( 'NONE', #592, .T. ) ;
#1653 = CARTESIAN_POINT ( 'NONE',  ( 2.179634321644848161, 24.44525494324427584, 1.332635182233147919 ) ) ;
#1654 = EDGE_LOOP ( 'NONE', ( #4866, #2876, #3313, #3026 ) ) ;
#1655 = CARTESIAN_POINT ( 'NONE',  ( -1.690878987334029748, 17.50000000000000000, -1.915111107797323742 ) ) ;
#1656 = ORIENTED_EDGE ( 'NONE', *, *, #2505, .F. ) ;
#1657 = STYLED_ITEM ( 'NONE', ( #6046 ), #5926 ) ;
#1658 = DIRECTION ( 'NONE',  ( 4.336808689942025625E-15, 0.000000000000000000, 1.000000000000000000 ) ) ;
#1659 = LINE ( 'NONE', #2143, #2959 ) ;
#1660 = CARTESIAN_POINT ( 'NONE',  ( 2.823811598799649492, 17.50000000000000000, -1.491320088253811349E-13 ) ) ;
#1661 = VECTOR ( 'NONE', #2447, 1000.000000000000114 ) ;
#1662 = CARTESIAN_POINT ( 'NONE',  ( -0.8426389177432465072, 24.46645550312277351, -2.389326101643839628 ) ) ;
#1663 = VERTEX_POINT ( 'NONE', #3699 ) ;
#1664 = EDGE_CURVE ( 'NONE', #1391, #2291, #5459, .T. ) ;
#1665 = VERTEX_POINT ( 'NONE', #321 ) ;
#1666 = CARTESIAN_POINT ( 'NONE',  ( 0.5163678405380973668, 24.07622500002016253, 2.877828043828226878 ) ) ;
#1667 = CARTESIAN_POINT ( 'NONE',  ( 2.278115096946069063, 17.50000000000000000, 1.315270364466455399 ) ) ;
#1668 = SURFACE_STYLE_FILL_AREA ( #715 ) ;
#1669 = DIRECTION ( 'NONE',  ( -0.000000000000000000, -1.000000000000000000, -0.000000000000000000 ) ) ;
#1670 = UNCERTAINTY_MEASURE_WITH_UNIT (LENGTH_MEASURE( 1.000000000000000082E-05 ), #5239, 'distance_accuracy_value', 'NONE');
#1671 = FACE_OUTER_BOUND ( 'NONE', #4921, .T. ) ;
#1672 = CARTESIAN_POINT ( 'NONE',  ( -3.258811727360901855, -5.000000000000000000, 6.822217097514201356 ) ) ;
#1673 = CARTESIAN_POINT ( 'NONE',  ( -2.706531578266807792, 24.09647142437306044, -1.051311373421938367 ) ) ;
#1674 = COLOUR_RGB ( '',0.6470588235294117974, 0.6196078431372549211, 0.5882352941176470784 ) ;
#1675 = DIRECTION ( 'NONE',  ( 0.3826834323650853964, 0.000000000000000000, -0.9238795325112885148 ) ) ;
#1676 = CARTESIAN_POINT ( 'NONE',  ( -1.377703785067327491, 24.11089388095978947, 2.539461842140328329 ) ) ;
#1677 = EDGE_CURVE ( 'NONE', #3707, #3335, #1210, .T. ) ;
#1678 = CARTESIAN_POINT ( 'NONE',  ( 3.258811727360997779, -5.000000000000000000, 6.822217097514156059 ) ) ;
#1679 = CARTESIAN_POINT ( 'NONE',  ( 2.526298143499372983, 17.50000000000000000, 0.3801841595458198553 ) ) ;
#1680 = CARTESIAN_POINT ( 'NONE',  ( -2.503974364085935989, 24.44525494324886949, 0.5067886038524687109 ) ) ;
#1681 = CARTESIAN_POINT ( 'NONE',  ( 7.396106250776887769, -4.599999999999999645, -2.630610637707348154 ) ) ;
#1682 = EDGE_CURVE ( 'NONE', #3720, #841, #5028, .T. ) ;
#1683 = CARTESIAN_POINT ( 'NONE',  ( -2.163165183670608727, 24.11089388096348074, 1.915111107797550893 ) ) ;
#1684 = ORIENTED_EDGE ( 'NONE', *, *, #264, .T. ) ;
#1685 = EDGE_CURVE ( 'NONE', #1363, #5160, #5579, .T. ) ;
#1686 = CARTESIAN_POINT ( 'NONE',  ( 2.240992215174652635, 24.44731221181115544, 1.222364211194025829 ) ) ;
#1687 = CARTESIAN_POINT ( 'NONE',  ( 0.000000000000000000, 0.000000000000000000, 4.599999999999999645 ) ) ;
#1688 = CYLINDRICAL_SURFACE ( 'NONE', #1817, 0.1000000000000000056 ) ;
#1689 = CARTESIAN_POINT ( 'NONE',  ( 2.181552238390756404, 24.46649189398650748, -1.288232322590090018 ) ) ;
#1690 = VERTEX_POINT ( 'NONE', #686 ) ;
#1691 =( GEOMETRIC_REPRESENTATION_CONTEXT ( 3 ) GLOBAL_UNCERTAINTY_ASSIGNED_CONTEXT ( ( #2952 ) ) GLOBAL_UNIT_ASSIGNED_CONTEXT ( ( #762, #3840, #2856 ) ) REPRESENTATION_CONTEXT ( 'NONE', 'WORKASPACE' ) );
#1692 = EDGE_LOOP ( 'NONE', ( #758, #2953, #4379, #570 ) ) ;
#1693 = ADVANCED_FACE ( 'NONE', ( #4997 ), #4112, .F. ) ;
#1694 = CARTESIAN_POINT ( 'NONE',  ( 2.261645958976552517, 24.11089388095995290, -1.797746290030845406 ) ) ;
#1695 = SURFACE_STYLE_FILL_AREA ( #289 ) ;
#1696 = SURFACE_STYLE_USAGE ( .BOTH. , #3133 ) ;
#1697 = B_SPLINE_CURVE_WITH_KNOTS ( 'NONE', 3,
 ( #5051, #823, #6007, #6042, #2707, #769, #3096, #2267, #5453, #2235, #2737, #1689, #4585, #4559, #2615, #3128, #4161, #5077, #1631 ),
 .UNSPECIFIED., .F., .F.,
 ( 4, 3, 3, 3, 3, 3, 4 ),
 ( 9.697399036122160616E-19, 3.145909546063867311E-05, 5.768159792252141655E-05, 8.411505865618056999E-05, 0.0001075980665475225200, 0.0001382024233624972159, 0.0001492729888286401614 ),
 .UNSPECIFIED. ) ;
#1698 = CARTESIAN_POINT ( 'NONE',  ( -2.165063509461000457, 17.50000000000000000, -1.249999999999842348 ) ) ;
#1699 = LINE ( 'NONE', #5030, #2420 ) ;
#1700 = EDGE_CURVE ( 'NONE', #2703, #4745, #2398, .T. ) ;
#1701 = DIRECTION ( 'NONE',  ( 0.000000000000000000, 0.000000000000000000, 1.000000000000000000 ) ) ;
#1702 = CARTESIAN_POINT ( 'NONE',  ( 1.632989517678126834, 24.46948457643208030, -1.933113061647867781 ) ) ;
#1703 = CARTESIAN_POINT ( 'NONE',  ( -2.888090359767938153, 24.11089388096026909, -0.07660444431175696123 ) ) ;
#1704 = CARTESIAN_POINT ( 'NONE',  ( 2.687716936214680441, 24.11089388095954078, -1.059769709824642803 ) ) ;
#1705 = VERTEX_POINT ( 'NONE', #953 ) ;
#1706 = DIRECTION ( 'NONE',  ( 0.000000000000000000, 0.000000000000000000, -1.000000000000000000 ) ) ;
#1707 = CARTESIAN_POINT ( 'NONE',  ( -2.462019382530365341, 17.50000000000000000, -0.4341204441671489556 ) ) ;
#1708 = CIRCLE ( 'NONE', #5912, 0.4000000000000000777 ) ;
#1709 = LINE ( 'NONE', #4608, #3453 ) ;
#1710 = ORIENTED_EDGE ( 'NONE', *, *, #2767, .T. ) ;
#1711 = CARTESIAN_POINT ( 'NONE',  ( 2.810075569242713733, -4.956669073102030865, -7.330172279000409574 ) ) ;
#1712 = ORIENTED_EDGE ( 'NONE', *, *, #2159, .T. ) ;
#1713 = AXIS2_PLACEMENT_3D ( 'NONE', #3024, #3889, #97 ) ;
#1714 = CYLINDRICAL_SURFACE ( 'NONE', #1766, 0.09999999999999993616 ) ;
#1715 = CIRCLE ( 'NONE', #4626, 0.1000000000000000472 ) ;
#1716 = FACE_OUTER_BOUND ( 'NONE', #2137, .T. ) ;
#1717 = CYLINDRICAL_SURFACE ( 'NONE', #2129, 0.1000000000000000472 ) ;
#1718 = EDGE_CURVE ( 'NONE', #939, #403, #4819, .T. ) ;
#1719 = AXIS2_PLACEMENT_3D ( 'NONE', #1300, #4976, #2126 ) ;
#1720 = CARTESIAN_POINT ( 'NONE',  ( -6.822217097514189810, -4.599999999999999645, -3.258811727360924948 ) ) ;
#1721 = VERTEX_POINT ( 'NONE', #1390 ) ;
#1722 = ORIENTED_EDGE ( 'NONE', *, *, #5108, .F. ) ;
#1723 = CARTESIAN_POINT ( 'NONE',  ( -2.462019382530365341, 17.50000000000000000, -0.4341204441671489556 ) ) ;
#1724 =( LENGTH_UNIT ( ) NAMED_UNIT ( * ) SI_UNIT ( .MILLI., .METRE. ) );
#1725 = PRESENTATION_STYLE_ASSIGNMENT (( #6015 ) ) ;
#1726 = MECHANICAL_DESIGN_GEOMETRIC_PRESENTATION_REPRESENTATION (  '', ( #3763 ), #4738 ) ;
#1727 = ORIENTED_EDGE ( 'NONE', *, *, #2078, .F. ) ;
#1728 = LINE ( 'NONE', #5059, #1603 ) ;
#1729 = UNCERTAINTY_MEASURE_WITH_UNIT (LENGTH_MEASURE( 1.000000000000000082E-05 ), #3823, 'distance_accuracy_value', 'NONE');
#1730 = COLOUR_RGB ( '',0.6470588235294117974, 0.6196078431372549211, 0.5882352941176470784 ) ;
#1731 = STYLED_ITEM ( 'NONE', ( #1986 ), #1606 ) ;
#1732 = LINE ( 'NONE', #4504, #5995 ) ;
#1733 = CARTESIAN_POINT ( 'NONE',  ( 1.605509510150398444, 24.46402637105353861, -1.963033738764694780 ) ) ;
#1734 = CARTESIAN_POINT ( 'NONE',  ( -2.395141502706992664, 24.33873950507215511, -1.166258458898600692 ) ) ;
#1735 = CARTESIAN_POINT ( 'NONE',  ( 0.000000000000000000, 11.50000000000000178, 0.000000000000000000 ) ) ;
#1736 = ORIENTED_EDGE ( 'NONE', *, *, #5134, .T. ) ;
#1737 = DIRECTION ( 'NONE',  ( -0.000000000000000000, -1.000000000000000000, -0.000000000000000000 ) ) ;
#1738 = VERTEX_POINT ( 'NONE', #5203 ) ;
#1739 = CLOSED_SHELL ( 'NONE', ( #1764, #3668, #3284, #2304, #3607, #4420, #5943, #5208, #3286, #4325, #5300, #5147, #1053, #3560, #3051, #5167, #5999, #4389, #2627, #3127, #3280, #3319, #2089, #317, #2343, #5564, #1795, #2741, #1252, #3294, #599, #1175, #4838, #3801, #47, #2471, #4250, #2269, #5630, #4768, #274, #6021, #5131, #634, #1088, #3935, #75, #3369, #3251, #2748, #2095, #5183, #4469, #1581, #3821, #451, #4487, #2111, #2309, #743, #2119, #4199, #218, #2674, #2812, #1587, #761, #5790, #6099, #1161, #1160, #3122, #812, #2245, #4275, #1882, #1067, #4499, #3101, #2693, #928, #112, #3222, #1010, #4088, #4070 ) ) ;
#1740 =( NAMED_UNIT ( * ) PLANE_ANGLE_UNIT ( ) SI_UNIT ( $, .RADIAN. ) );
#1741 =( LENGTH_UNIT ( ) NAMED_UNIT ( * ) SI_UNIT ( .MILLI., .METRE. ) );
#1742 = EDGE_LOOP ( 'NONE', ( #74, #2797, #1924, #299 ) ) ;
#1743 = CARTESIAN_POINT ( 'NONE',  ( 3.464101615137757939, 0.000000000000000000, 6.000000000000004441 ) ) ;
#1744 = ORIENTED_EDGE ( 'NONE', *, *, #5197, .T. ) ;
#1745 = CARTESIAN_POINT ( 'NONE',  ( 2.234825302805743430, 24.22653848112707209, 1.645638790297802245 ) ) ;
#1746 = CARTESIAN_POINT ( 'NONE',  ( -1.387073879761118844, 24.10342794339697647, -2.542872277700879646 ) ) ;
#1747 = EDGE_LOOP ( 'NONE', ( #5689, #3467, #4486, #4599 ) ) ;
#1748 = AXIS2_PLACEMENT_3D ( 'NONE', #278, #3564, #2136 ) ;
#1749 = VECTOR ( 'NONE', #3225, 1000.000000000000114 ) ;
#1750 = ORIENTED_EDGE ( 'NONE', *, *, #1401, .F. ) ;
#1751 = EDGE_CURVE ( 'NONE', #3121, #2221, #3323, .T. ) ;
#1752 = CARTESIAN_POINT ( 'NONE',  ( -2.278115096945713791, 17.50000000000000000, -1.315270364466456288 ) ) ;
#1753 = CARTESIAN_POINT ( 'NONE',  ( -0.9165562646199548746, 24.45629017994083299, 2.372859194015891404 ) ) ;
#1754 = FILL_AREA_STYLE ('',( #3698 ) ) ;
#1755 = ORIENTED_EDGE ( 'NONE', *, *, #35, .T. ) ;
#1756 = FILL_AREA_STYLE ('',( #4478 ) ) ;
#1757 = ADVANCED_FACE ( 'NONE', ( #5725 ), #3860, .T. ) ;
#1758 = B_SPLINE_CURVE_WITH_KNOTS ( 'NONE', 3,
 ( #3149, #5567, #730, #3091 ),
 .UNSPECIFIED., .F., .F.,
 ( 4, 4 ),
 ( 0.0001497275135150138753, 0.0007283906869928655735 ),
 .UNSPECIFIED. ) ;
#1759 = CARTESIAN_POINT ( 'NONE',  ( 1.690878987330010963, 24.44525494324702564, -1.915111107797552448 ) ) ;
#1760 =( LENGTH_UNIT ( ) NAMED_UNIT ( * ) SI_UNIT ( .MILLI., .METRE. ) );
#1761 = CARTESIAN_POINT ( 'NONE',  ( 1.690878987334387018, 24.44525494324429715, 1.915111107797323964 ) ) ;
#1762 = ORIENTED_EDGE ( 'NONE', *, *, #3838, .F. ) ;
#1763 = FILL_AREA_STYLE ('',( #5500 ) ) ;
#1764 = ADVANCED_FACE ( 'NONE', ( #1448, #3797 ), #5113, .T. ) ;
#1765 = VERTEX_POINT ( 'NONE', #2871 ) ;
#1766 = AXIS2_PLACEMENT_3D ( 'NONE', #5569, #5075, #6070 ) ;
#1767 =( LENGTH_UNIT ( ) NAMED_UNIT ( * ) SI_UNIT ( .MILLI., .METRE. ) );
#1768 = LINE ( 'NONE', #1679, #1445 ) ;
#1769 = EDGE_CURVE ( 'NONE', #1073, #931, #5546, .T. ) ;
#1770 = CARTESIAN_POINT ( 'NONE',  ( 0.04971551676986494389, 24.45629017994076548, -2.543238979772147967 ) ) ;
#1771 = EDGE_LOOP ( 'NONE', ( #4723, #5173, #1513, #6029 ) ) ;
#1772 = DIRECTION ( 'NONE',  ( -0.000000000000000000, -1.000000000000000000, -0.000000000000000000 ) ) ;
#1773 = AXIS2_PLACEMENT_3D ( 'NONE', #196, #4965, #4470 ) ;
#1774 = ORIENTED_EDGE ( 'NONE', *, *, #5936, .F. ) ;
#1775 = CARTESIAN_POINT ( 'NONE',  ( -7.381776472597909589, -4.808964141696580263, 2.671576081883807685 ) ) ;
#1776 =( LENGTH_UNIT ( ) NAMED_UNIT ( * ) SI_UNIT ( .MILLI., .METRE. ) );
#1777 = SURFACE_SIDE_STYLE ('',( #3850 ) ) ;
#1778 = CARTESIAN_POINT ( 'NONE',  ( -0.9309790640273437612, 24.44731221181137215, -2.376867340770840720 ) ) ;
#1779 = ORIENTED_EDGE ( 'NONE', *, *, #3903, .T. ) ;
#1780 = CARTESIAN_POINT ( 'NONE',  ( -1.592398212032809068, 24.44525494324453874, -1.997746290030631311 ) ) ;
#1781 = CARTESIAN_POINT ( 'NONE',  ( -1.000000000000000222, 9.500000000000001776, -7.584358905009703555 ) ) ;
#1782 = CARTESIAN_POINT ( 'NONE',  ( -0.8988982987835474336, 24.46379134448233117, 2.371579504573945396 ) ) ;
#1783 = PLANE ( 'NONE',  #2729 ) ;
#1784 = PLANE ( 'NONE',  #1509 ) ;
#1785 = VERTEX_POINT ( 'NONE', #1887 ) ;
#1786 = AXIS2_PLACEMENT_3D ( 'NONE', #118, #5806, #1123 ) ;
#1787 = PRESENTATION_STYLE_ASSIGNMENT (( #2543 ) ) ;
#1788 = UNCERTAINTY_MEASURE_WITH_UNIT (LENGTH_MEASURE( 1.000000000000000082E-05 ), #1776, 'distance_accuracy_value', 'NONE');
#1789 = AXIS2_PLACEMENT_3D ( 'NONE', #2440, #2534, #1578 ) ;
#1790 = CARTESIAN_POINT ( 'NONE',  ( -3.258811727360950705, -0.000000000000000000, -6.822217097514180928 ) ) ;
#1791 = DIRECTION ( 'NONE',  ( 0.000000000000000000, 0.000000000000000000, -1.000000000000000000 ) ) ;
#1792 = DIRECTION ( 'NONE',  ( 0.9238795325112866275, 0.000000000000000000, -0.3826834323650903369 ) ) ;
#1793 = CYLINDRICAL_SURFACE ( 'NONE', #5431, 0.09999999999999982514 ) ;
#1794 = EDGE_LOOP ( 'NONE', ( #2708, #4205, #4349, #3065 ) ) ;
#1795 = ADVANCED_FACE ( 'NONE', ( #6081 ), #1784, .T. ) ;
#1796 = SURFACE_STYLE_FILL_AREA ( #1763 ) ;
#1797 = DIRECTION ( 'NONE',  ( -0.000000000000000000, -1.000000000000000000, 0.000000000000000000 ) ) ;
#1798 = AXIS2_PLACEMENT_3D ( 'NONE', #8, #5612, #2743 ) ;
#1799 =( GEOMETRIC_REPRESENTATION_CONTEXT ( 3 ) GLOBAL_UNCERTAINTY_ASSIGNED_CONTEXT ( ( #3905 ) ) GLOBAL_UNIT_ASSIGNED_CONTEXT ( ( #1767, #2196, #4121 ) ) REPRESENTATION_CONTEXT ( 'NONE', 'WORKASPACE' ) );
#1800 = CARTESIAN_POINT ( 'NONE',  ( -2.922400482005161670, 24.07755045136832450, -0.01919284953824445389 ) ) ;
#1801 = FILL_AREA_STYLE_COLOUR ( '', #1730 ) ;
#1802 = CIRCLE ( 'NONE', #6104, 4.250000000000000000 ) ;
#1803 = CIRCLE ( 'NONE', #3732, 7.850000000000001421 ) ;
#1804 = CARTESIAN_POINT ( 'NONE',  ( 0.04090477935182279534, 24.46038112602403203, -2.539289432908567345 ) ) ;
#1805 = ORIENTED_EDGE ( 'NONE', *, *, #3959, .F. ) ;
#1806 = DIRECTION ( 'NONE',  ( 0.000000000000000000, 1.000000000000000000, 0.000000000000000000 ) ) ;
#1807 = ORIENTED_EDGE ( 'NONE', *, *, #5485, .T. ) ;
#1808 = B_SPLINE_CURVE_WITH_KNOTS ( 'NONE', 3,
 ( #1571, #591, #5388, #1480 ),
 .UNSPECIFIED., .F., .F.,
 ( 4, 4 ),
 ( 0.0001497654562690918447, 0.0007284286299740400962 ),
 .UNSPECIFIED. ) ;
#1809 = EDGE_CURVE ( 'NONE', #4879, #5972, #913, .T. ) ;
#1810 = PLANE ( 'NONE',  #5276 ) ;
#1811 = VERTEX_POINT ( 'NONE', #3627 ) ;
#1812 = DIRECTION ( 'NONE',  ( 0.000000000000000000, -0.000000000000000000, -1.000000000000000000 ) ) ;
#1813 =( LENGTH_UNIT ( ) NAMED_UNIT ( * ) SI_UNIT ( .MILLI., .METRE. ) );
#1814 = ADVANCED_FACE ( 'NONE', ( #4683 ), #2334, .F. ) ;
#1815 = VERTEX_POINT ( 'NONE', #5640 ) ;
#1816 =( GEOMETRIC_REPRESENTATION_CONTEXT ( 3 ) GLOBAL_UNCERTAINTY_ASSIGNED_CONTEXT ( ( #5495 ) ) GLOBAL_UNIT_ASSIGNED_CONTEXT ( ( #2548, #3976, #3409 ) ) REPRESENTATION_CONTEXT ( 'NONE', 'WORKASPACE' ) );
#1817 = AXIS2_PLACEMENT_3D ( 'NONE', #1660, #5916, #253 ) ;
#1818 = CARTESIAN_POINT ( 'NONE',  ( -2.740117462260086345, 24.11089388095987118, -0.9158004477463694837 ) ) ;
#1819 = CARTESIAN_POINT ( 'NONE',  ( 0.4260709772379948079, 24.11089388095970776, -2.857515999855734457 ) ) ;
#1820 = CARTESIAN_POINT ( 'NONE',  ( -0.9338999314659713891, 24.44525494324449255, 2.377930449576800331 ) ) ;
#1821 = MECHANICAL_DESIGN_GEOMETRIC_PRESENTATION_REPRESENTATION (  '', ( #4540 ), #3457 ) ;
#1822 = DIRECTION ( 'NONE',  ( 0.000000000000000000, -1.000000000000000000, 0.000000000000000000 ) ) ;
#1823 = CARTESIAN_POINT ( 'NONE',  ( -1.242073523366900708E-14, -4.599999999999999645, 5.144836988431043959E-15 ) ) ;
#1824 = EDGE_LOOP ( 'NONE', ( #246, #5282, #474, #4901 ) ) ;
#1825 = SURFACE_SIDE_STYLE ('',( #3799 ) ) ;
#1826 = MECHANICAL_DESIGN_GEOMETRIC_PRESENTATION_REPRESENTATION (  '', ( #5326 ), #1621 ) ;
#1827 = EDGE_LOOP ( 'NONE', ( #2924, #2680, #2401, #4437 ) ) ;
#1828 = VECTOR ( 'NONE', #3604, 1000.000000000000114 ) ;
#1829 = FACE_OUTER_BOUND ( 'NONE', #25, .T. ) ;
#1830 = LINE ( 'NONE', #3268, #4607 ) ;
#1831 = LINE ( 'NONE', #1397, #561 ) ;
#1832 = FACE_OUTER_BOUND ( 'NONE', #5779, .T. ) ;
#1833 = ORIENTED_EDGE ( 'NONE', *, *, #5283, .T. ) ;
#1834 = DIRECTION ( 'NONE',  ( -1.000000000000000000, -0.000000000000000000, -3.210683727211235158E-15 ) ) ;
#1835 = B_SPLINE_CURVE_WITH_KNOTS ( 'NONE', 3,
 ( #5871, #605, #5839, #142 ),
 .UNSPECIFIED., .F., .F.,
 ( 4, 4 ),
 ( 0.0001003535443410217133, 0.0006790167176160216787 ),
 .UNSPECIFIED. ) ;
#1836 = ORIENTED_EDGE ( 'NONE', *, *, #1537, .F. ) ;
#1837 = EDGE_CURVE ( 'NONE', #1634, #528, #5469, .T. ) ;
#1838 = MECHANICAL_DESIGN_GEOMETRIC_PRESENTATION_REPRESENTATION (  '', ( #1936 ), #2247 ) ;
#1839 = CARTESIAN_POINT ( 'NONE',  ( -1.632989517678205216, 24.46948457643225439, 1.933113061647564690 ) ) ;
#1840 = FACE_OUTER_BOUND ( 'NONE', #2588, .T. ) ;
#1841 = CARTESIAN_POINT ( 'NONE',  ( 0.01719754370428045603, 24.46823170470883468, 2.531721804620596483 ) ) ;
#1842 = CARTESIAN_POINT ( 'NONE',  ( 2.526298143499311699, 24.44525494324425452, -0.3801841595461694645 ) ) ;
#1843 = ORIENTED_EDGE ( 'NONE', *, *, #1837, .F. ) ;
#1844 = EDGE_CURVE ( 'NONE', #2377, #443, #1906, .T. ) ;
#1845 = ORIENTED_EDGE ( 'NONE', *, *, #4649, .F. ) ;
#1846 = CARTESIAN_POINT ( 'NONE',  ( -6.928203230275510549, 2.500000000000000000, 1.771773223306245828E-15 ) ) ;
#1847 =( NAMED_UNIT ( * ) PLANE_ANGLE_UNIT ( ) SI_UNIT ( $, .RADIAN. ) );
#1848 = VECTOR ( 'NONE', #2423, 999.9999999999998863 ) ;
#1849 =( NAMED_UNIT ( * ) PLANE_ANGLE_UNIT ( ) SI_UNIT ( $, .RADIAN. ) );
#1850 = DIRECTION ( 'NONE',  ( -0.3420201433257391566, 0.000000000000000000, -0.9396926207858827818 ) ) ;
#1851 = VERTEX_POINT ( 'NONE', #2904 ) ;
#1852 = EDGE_CURVE ( 'NONE', #1877, #4895, #1808, .T. ) ;
#1853 = LINE ( 'NONE', #5295, #1958 ) ;
#1854 = CARTESIAN_POINT ( 'NONE',  ( 2.889259914356484771, -4.599999999999999645, 6.975290470460194570 ) ) ;
#1855 = SURFACE_STYLE_USAGE ( .BOTH. , #4254 ) ;
#1856 = CARTESIAN_POINT ( 'NONE',  ( -0.5173645989549715551, 24.02061601851451655, -2.934120444167288344 ) ) ;
#1857 = EDGE_LOOP ( 'NONE', ( #1306, #3679, #2817, #130, #818 ) ) ;
#1858 = FILL_AREA_STYLE ('',( #176 ) ) ;
#1859 = EDGE_CURVE ( 'NONE', #5884, #443, #191, .T. ) ;
#1860 = ORIENTED_EDGE ( 'NONE', *, *, #3166, .F. ) ;
#1861 = AXIS2_PLACEMENT_3D ( 'NONE', #3320, #1885, #467 ) ;
#1862 = CARTESIAN_POINT ( 'NONE',  ( -3.464101615137757051, 2.500000000000000000, -6.000000000000002665 ) ) ;
#1863 =( NAMED_UNIT ( * ) PLANE_ANGLE_UNIT ( ) SI_UNIT ( $, .RADIAN. ) );
#1864 = CARTESIAN_POINT ( 'NONE',  ( 2.261645958976832294, 24.11089388095956565, 1.797746290031116301 ) ) ;
#1865 = FACE_OUTER_BOUND ( 'NONE', #1026, .T. ) ;
#1866 = ORIENTED_EDGE ( 'NONE', *, *, #5775, .F. ) ;
#1867 = ORIENTED_EDGE ( 'NONE', *, *, #303, .F. ) ;
#1868 = CARTESIAN_POINT ( 'NONE',  ( 2.491641934481148013, 24.46379134448209314, 0.4734215546501890914 ) ) ;
#1869 = EDGE_LOOP ( 'NONE', ( #5958, #5513, #1964, #5748 ) ) ;
#1870 = CARTESIAN_POINT ( 'NONE',  ( -1.682134446024588170, 24.45104258969972832, 1.915111107797552448 ) ) ;
#1871 = CARTESIAN_POINT ( 'NONE',  ( -2.912136792002965713, 24.08748573298209195, 0.04688987359282761891 ) ) ;
#1872 = DIRECTION ( 'NONE',  ( -0.9238795325112859613, 0.000000000000000000, -0.3826834323650916136 ) ) ;
#1873 = CARTESIAN_POINT ( 'NONE',  ( 3.369714263716351077, 0.000000000000000000, 7.089959504884819630 ) ) ;
#1874 = CARTESIAN_POINT ( 'NONE',  ( -7.396106250776905533, -4.599999999999999645, 2.630610637707299748 ) ) ;
#1875 = CARTESIAN_POINT ( 'NONE',  ( 0.000000000000000000, -5.000000000000000000, 0.000000000000000000 ) ) ;
#1876 = ADVANCED_FACE ( 'NONE', ( #3894 ), #4868, .T. ) ;
#1877 = VERTEX_POINT ( 'NONE', #4898 ) ;
#1878 = CYLINDRICAL_SURFACE ( 'NONE', #2592, 0.1000000000000000472 ) ;
#1879 = EDGE_CURVE ( 'NONE', #5243, #2207, #5845, .T. ) ;
#1880 =( GEOMETRIC_REPRESENTATION_CONTEXT ( 3 ) GLOBAL_UNCERTAINTY_ASSIGNED_CONTEXT ( ( #3012 ) ) GLOBAL_UNIT_ASSIGNED_CONTEXT ( ( #704, #793, #4612 ) ) REPRESENTATION_CONTEXT ( 'NONE', 'WORKASPACE' ) );
#1881 = CARTESIAN_POINT ( 'NONE',  ( 7.128363843406277489, -5.000000000000000000, 2.519708101351846086 ) ) ;
#1882 = ADVANCED_FACE ( 'NONE', ( #4805 ), #3387, .T. ) ;
#1883 = EDGE_LOOP ( 'NONE', ( #4842, #3289, #3869, #1623 ) ) ;
#1884 =( LENGTH_UNIT ( ) NAMED_UNIT ( * ) SI_UNIT ( .MILLI., .METRE. ) );
#1885 = DIRECTION ( 'NONE',  ( 0.6427876096865405842, 0.000000000000000000, -0.7660444431189769032 ) ) ;
#1886 = FACE_OUTER_BOUND ( 'NONE', #2327, .T. ) ;
#1887 = CARTESIAN_POINT ( 'NONE',  ( -2.889259914356435921, -5.000000000000000000, -6.975290470460216774 ) ) ;
#1888 = ORIENTED_EDGE ( 'NONE', *, *, #3667, .F. ) ;
#1889 = ORIENTED_EDGE ( 'NONE', *, *, #5206, .F. ) ;
#1890 = EDGE_CURVE ( 'NONE', #4282, #3874, #2528, .T. ) ;
#1891 = DIRECTION ( 'NONE',  ( 0.000000000000000000, -1.000000000000000000, 0.000000000000000000 ) ) ;
#1892 = CARTESIAN_POINT ( 'NONE',  ( -2.747791788645278288, 24.09876993821349345, -0.9310346384744301318 ) ) ;
#1893 = CARTESIAN_POINT ( 'NONE',  ( 0.8996979171337472492, 17.50000000000000000, -2.471899711655335619 ) ) ;
#1894 = ORIENTED_EDGE ( 'NONE', *, *, #2560, .F. ) ;
#1895 = DIRECTION ( 'NONE',  ( -0.000000000000000000, -1.000000000000000000, -0.000000000000000000 ) ) ;
#1896 = EDGE_CURVE ( 'NONE', #1481, #4163, #4885, .T. ) ;
#1897 = ORIENTED_EDGE ( 'NONE', *, *, #1420, .F. ) ;
#1898 = CARTESIAN_POINT ( 'NONE',  ( 2.163165183675680225, 24.11089388096015185, 1.915111107797323076 ) ) ;
#1899 = CARTESIAN_POINT ( 'NONE',  ( 2.740117462260092562, 17.50000000000000000, -0.9158004477462213799 ) ) ;
#1900 =( NAMED_UNIT ( * ) PLANE_ANGLE_UNIT ( ) SI_UNIT ( $, .RADIAN. ) );
#1901 =( LENGTH_UNIT ( ) NAMED_UNIT ( * ) SI_UNIT ( .MILLI., .METRE. ) );
#1902 = ORIENTED_EDGE ( 'NONE', *, *, #5583, .F. ) ;
#1903 = CARTESIAN_POINT ( 'NONE',  ( 3.464101615137756163, 0.000000000000000000, -6.000000000000002665 ) ) ;
#1904 = ORIENTED_EDGE ( 'NONE', *, *, #1682, .F. ) ;
#1905 = ORIENTED_EDGE ( 'NONE', *, *, #5786, .T. ) ;
#1906 = CIRCLE ( 'NONE', #5015, 0.4000000000000001332 ) ;
#1907 = LINE ( 'NONE', #3380, #4297 ) ;
#1908 = FILL_AREA_STYLE ('',( #29 ) ) ;
#1909 = FACE_OUTER_BOUND ( 'NONE', #469, .T. ) ;
#1910 = FILL_AREA_STYLE_COLOUR ( '', #1922 ) ;
#1911 = DIRECTION ( 'NONE',  ( 0.000000000000000000, 0.000000000000000000, 1.000000000000000000 ) ) ;
#1912 = ORIENTED_EDGE ( 'NONE', *, *, #1608, .F. ) ;
#1913 = EDGE_CURVE ( 'NONE', #5160, #5941, #4324, .T. ) ;
#1914 = CARTESIAN_POINT ( 'NONE',  ( 2.744441034882956210, 24.07622500002002752, -1.008252648217471625 ) ) ;
#1915 = CARTESIAN_POINT ( 'NONE',  ( -2.687716936214325614, 24.11089388095986763, 1.059769709824643469 ) ) ;
#1916 = ORIENTED_EDGE ( 'NONE', *, *, #2133, .T. ) ;
#1917 = AXIS2_PLACEMENT_3D ( 'NONE', #1881, #3345, #3819 ) ;
#1918 = ORIENTED_EDGE ( 'NONE', *, *, #2429, .T. ) ;
#1919 = VECTOR ( 'NONE', #4535, 1000.000000000000000 ) ;
#1920 = DIRECTION ( 'NONE',  ( -0.9848077530122083534, 0.000000000000000000, -0.1736481776669290267 ) ) ;
#1921 = LINE ( 'NONE', #597, #5893 ) ;
#1922 = COLOUR_RGB ( '',0.6470588235294117974, 0.6196078431372549211, 0.5882352941176470784 ) ;
#1923 =( NAMED_UNIT ( * ) SI_UNIT ( $, .STERADIAN. ) SOLID_ANGLE_UNIT ( ) );
#1924 = ORIENTED_EDGE ( 'NONE', *, *, #4987, .F. ) ;
#1925 = DIRECTION ( 'NONE',  ( 4.336808689942015369E-15, 0.000000000000000000, 1.000000000000000000 ) ) ;
#1926 = VERTEX_POINT ( 'NONE', #621 ) ;
#1927 = SURFACE_STYLE_USAGE ( .BOTH. , #4882 ) ;
#1928 = CARTESIAN_POINT ( 'NONE',  ( -2.163165183670608727, 24.11089388096348074, 1.915111107797550893 ) ) ;
#1929 = DIRECTION ( 'NONE',  ( 0.9238795325112870716, 0.000000000000000000, -0.3826834323650892822 ) ) ;
#1930 = CARTESIAN_POINT ( 'NONE',  ( 0.8358258742144769604, 24.46379134448220682, 2.394535989720216307 ) ) ;
#1931 = CARTESIAN_POINT ( 'NONE',  ( -2.462019382530304057, 17.50000000000000000, 0.4341204441674988423 ) ) ;
#1932 = VECTOR ( 'NONE', #3963, 1000.000000000000000 ) ;
#1933 = CARTESIAN_POINT ( 'NONE',  ( 0.5072790510555598154, 24.07618934483389594, -2.879468129989117386 ) ) ;
#1934 = EDGE_LOOP ( 'NONE', ( #2581, #3687, #1323, #5014 ) ) ;
#1935 = ORIENTED_EDGE ( 'NONE', *, *, #2052, .T. ) ;
#1936 = STYLED_ITEM ( 'NONE', ( #440 ), #1274 ) ;
#1937 = AXIS2_PLACEMENT_3D ( 'NONE', #22, #6129, #1929 ) ;
#1938 =( GEOMETRIC_REPRESENTATION_CONTEXT ( 3 ) GLOBAL_UNCERTAINTY_ASSIGNED_CONTEXT ( ( #5987 ) ) GLOBAL_UNIT_ASSIGNED_CONTEXT ( ( #4721, #2342, #1923 ) ) REPRESENTATION_CONTEXT ( 'NONE', 'WORKASPACE' ) );
#1939 = DIRECTION ( 'NONE',  ( 0.000000000000000000, -0.000000000000000000, 1.000000000000000000 ) ) ;
#1940 = SURFACE_STYLE_USAGE ( .BOTH. , #2459 ) ;
#1941 = CARTESIAN_POINT ( 'NONE',  ( 2.163165183675333392, 17.50000000000000000, -1.815111107797550805 ) ) ;
#1942 = CYLINDRICAL_SURFACE ( 'NONE', #1713, 0.4000000000000000777 ) ;
#1943 = CARTESIAN_POINT ( 'NONE',  ( 7.252454330213567779, -5.000000000000000000, -3.004064944066035636 ) ) ;
#1944 = ORIENTED_EDGE ( 'NONE', *, *, #1050, .F. ) ;
#1945 = ORIENTED_EDGE ( 'NONE', *, *, #1278, .T. ) ;
#1946 = VECTOR ( 'NONE', #3487, 1000.000000000000000 ) ;
#1947 = PRODUCT_DEFINITION_SHAPE ( 'NONE', 'NONE',  #6162 ) ;
#1948 = CARTESIAN_POINT ( 'NONE',  ( 2.740493314934451696, 24.07731203357794669, -1.015806739160252770 ) ) ;
#1949 = LINE ( 'NONE', #1542, #854 ) ;
#1950 = ORIENTED_EDGE ( 'NONE', *, *, #3398, .F. ) ;
#1951 = VERTEX_POINT ( 'NONE', #2010 ) ;
#1952 = EDGE_CURVE ( 'NONE', #5243, #3740, #2046, .T. ) ;
#1953 = CARTESIAN_POINT ( 'NONE',  ( -2.750700560393406935, 24.07614780133003762, 0.9912884502491214889 ) ) ;
#1954 = CARTESIAN_POINT ( 'NONE',  ( 0.06427876096405207851, 24.44525494324869896, 2.553936284617162045 ) ) ;
#1955 =( NAMED_UNIT ( * ) SI_UNIT ( $, .STERADIAN. ) SOLID_ANGLE_UNIT ( ) );
#1956 = ORIENTED_EDGE ( 'NONE', *, *, #5103, .F. ) ;
#1957 = CARTESIAN_POINT ( 'NONE',  ( -2.810075569242663995, -4.956669073102030865, 7.330172279000430891 ) ) ;
#1958 = VECTOR ( 'NONE', #3349, 1000.000000000000000 ) ;
#1959 = LINE ( 'NONE', #3875, #2480 ) ;
#1960 = CARTESIAN_POINT ( 'NONE',  ( 0.5769522785850369484, 17.50000000000000000, 2.830911555543492053 ) ) ;
#1961 = DIRECTION ( 'NONE',  ( 0.8660254037844397068, 0.000000000000000000, -0.4999999999999982236 ) ) ;
#1962 = CONICAL_SURFACE ( 'NONE', #4384, 4.250000000000000000, 0.7853981633974517207 ) ;
#1963 = CARTESIAN_POINT ( 'NONE',  ( -0.4297937442205979064, 24.10736372361312263, 2.860528795437332406 ) ) ;
#1964 = ORIENTED_EDGE ( 'NONE', *, *, #1063, .F. ) ;
#1965 = VERTEX_POINT ( 'NONE', #5886 ) ;
#1966 = ORIENTED_EDGE ( 'NONE', *, *, #6130, .T. ) ;
#1967 = EDGE_CURVE ( 'NONE', #2226, #1521, #4010, .T. ) ;
#1968 = LINE ( 'NONE', #3440, #4202 ) ;
#1969 = CARTESIAN_POINT ( 'NONE',  ( 2.519708101351919805, 0.000000000000000000, -7.128363843406251732 ) ) ;
#1970 = CARTESIAN_POINT ( 'NONE',  ( 1.506473100739636806, 24.09876993821323055, 2.479460426894334546 ) ) ;
#1971 = PRESENTATION_LAYER_ASSIGNMENT (  '', '', ( #4676 ) ) ;
#1972 = DIRECTION ( 'NONE',  ( 0.3826834323650945002, 0.000000000000000000, 0.9238795325112847401 ) ) ;
#1973 = CARTESIAN_POINT ( 'NONE',  ( -6.822217097514164941, -5.000000000000000000, 3.258811727360975130 ) ) ;
#1974 = DIRECTION ( 'NONE',  ( 0.9238795325112876267, 0.000000000000000000, 0.3826834323650879499 ) ) ;
#1975 = ORIENTED_EDGE ( 'NONE', *, *, #372, .T. ) ;
#1976 = ORIENTED_EDGE ( 'NONE', *, *, #3675, .F. ) ;
#1977 = CARTESIAN_POINT ( 'NONE',  ( -2.889259914356385739, -5.000000000000000000, 6.975290470460235426 ) ) ;
#1978 = CARTESIAN_POINT ( 'NONE',  ( 6.928203230275514102, 2.500000000000000000, -3.543546446612491656E-15 ) ) ;
#1979 = DIRECTION ( 'NONE',  ( 0.000000000000000000, 1.000000000000000000, 0.000000000000000000 ) ) ;
#1980 = ORIENTED_EDGE ( 'NONE', *, *, #5360, .T. ) ;
#1981 = PLANE ( 'NONE',  #2736 ) ;
#1982 = VERTEX_POINT ( 'NONE', #5824 ) ;
#1983 = AXIS2_PLACEMENT_3D ( 'NONE', #3944, #4480, #92 ) ;
#1984 = CARTESIAN_POINT ( 'NONE',  ( 2.687716936214304297, 24.11089388095992803, 1.059769709824536443 ) ) ;
#1985 = FACE_OUTER_BOUND ( 'NONE', #594, .T. ) ;
#1986 = PRESENTATION_STYLE_ASSIGNMENT (( #1605 ) ) ;
#1987 = LINE ( 'NONE', #533, #3054 ) ;
#1988 = VERTEX_POINT ( 'NONE', #4435 ) ;
#1989 = CARTESIAN_POINT ( 'NONE',  ( 2.165063509461355729, 17.50000000000000000, 1.249999999999841682 ) ) ;
#1990 = UNCERTAINTY_MEASURE_WITH_UNIT (LENGTH_MEASURE( 1.000000000000000082E-05 ), #1353, 'distance_accuracy_value', 'NONE');
#1991 = VERTEX_POINT ( 'NONE', #5858 ) ;
#1992 = SURFACE_STYLE_USAGE ( .BOTH. , #1552 ) ;
#1993 = CARTESIAN_POINT ( 'NONE',  ( 0.5769522785847206459, 24.11089388096008790, -2.830911555543508040 ) ) ;
#1994 = LINE ( 'NONE', #5774, #656 ) ;
#1995 = EDGE_CURVE ( 'NONE', #3150, #6146, #1949, .T. ) ;
#1996 =( NAMED_UNIT ( * ) PLANE_ANGLE_UNIT ( ) SI_UNIT ( $, .RADIAN. ) );
#1997 = DIRECTION ( 'NONE',  ( 0.9238795325112849621, 0.000000000000000000, -0.3826834323650941116 ) ) ;
#1998 = VERTEX_POINT ( 'NONE', #69 ) ;
#1999 = CARTESIAN_POINT ( 'NONE',  ( 2.590576904468027131, 17.50000000000000000, 0.4567886038577174679 ) ) ;
#2000 = DIRECTION ( 'NONE',  ( -0.000000000000000000, -1.000000000000000000, -0.000000000000000000 ) ) ;
#2001 = DIRECTION ( 'NONE',  ( 0.000000000000000000, 0.000000000000000000, 1.000000000000000000 ) ) ;
#2002 = DIRECTION ( 'NONE',  ( 0.000000000000000000, 1.000000000000000000, 0.000000000000000000 ) ) ;
#2003 = ORIENTED_EDGE ( 'NONE', *, *, #4165, .T. ) ;
#2004 = EDGE_CURVE ( 'NONE', #5356, #3489, #5355, .T. ) ;
#2005 = STYLED_ITEM ( 'NONE', ( #5370 ), #967 ) ;
#2006 = CARTESIAN_POINT ( 'NONE',  ( 2.490589943883807944, 24.46649189398648616, -0.4644075981490249361 ) ) ;
#2007 = CARTESIAN_POINT ( 'NONE',  ( 0.9999999999999997780, 9.300000000000000711, -7.786045209218862340 ) ) ;
#2008 = VECTOR ( 'NONE', #2186, 999.9999999999998863 ) ;
#2009 = EDGE_CURVE ( 'NONE', #1487, #2399, #5296, .T. ) ;
#2010 = CARTESIAN_POINT ( 'NONE',  ( 2.888090359768303639, 17.50000000000000000, 0.07660444431174834312 ) ) ;
#2011 = AXIS2_PLACEMENT_3D ( 'NONE', #3304, #962, #5648 ) ;
#2012 = ORIENTED_EDGE ( 'NONE', *, *, #595, .F. ) ;
#2013 = PLANE ( 'NONE',  #4546 ) ;
#2014 = VERTEX_POINT ( 'NONE', #3451 ) ;
#2015 = DIRECTION ( 'NONE',  ( 0.3826834323650841196, -0.000000000000000000, -0.9238795325112890700 ) ) ;
#2016 = CIRCLE ( 'NONE', #1517, 0.4000000000000000777 ) ;
#2017 = CARTESIAN_POINT ( 'NONE',  ( 2.210767869579102207, 24.08265420111447597, 1.903547333128725594 ) ) ;
#2018 = DIRECTION ( 'NONE',  ( -0.000000000000000000, -1.000000000000000000, 0.000000000000000000 ) ) ;
#2019 = CARTESIAN_POINT ( 'NONE',  ( -0.5173645989549715551, 24.02061601851451655, -2.934120444167288344 ) ) ;
#2020 = VECTOR ( 'NONE', #6095, 1000.000000000000000 ) ;
#2021 = AXIS2_PLACEMENT_3D ( 'NONE', #3471, #5344, #23 ) ;
#2022 = MECHANICAL_DESIGN_GEOMETRIC_PRESENTATION_REPRESENTATION (  '', ( #5322 ), #3650 ) ;
#2023 = VERTEX_POINT ( 'NONE', #559 ) ;
#2024 = PRESENTATION_STYLE_ASSIGNMENT (( #1927 ) ) ;
#2025 =( NAMED_UNIT ( * ) PLANE_ANGLE_UNIT ( ) SI_UNIT ( $, .RADIAN. ) );
#2026 = CARTESIAN_POINT ( 'NONE',  ( 1.500098379282513994, 24.09078937327021208, -2.492631405393003874 ) ) ;
#2027 = MECHANICAL_DESIGN_GEOMETRIC_PRESENTATION_REPRESENTATION (  '', ( #2130 ), #5424 ) ;
#2028 = CARTESIAN_POINT ( 'NONE',  ( 0.9163306665801498330, 24.45632721815565347, 2.372901212518559788 ) ) ;
#2029 = DIRECTION ( 'NONE',  ( -0.000000000000000000, -1.000000000000000000, -0.000000000000000000 ) ) ;
#2030 = ORIENTED_EDGE ( 'NONE', *, *, #1879, .F. ) ;
#2031 = EDGE_CURVE ( 'NONE', #838, #1487, #2361, .T. ) ;
#2032 = DIRECTION ( 'NONE',  ( -0.000000000000000000, 1.000000000000000000, -0.000000000000000000 ) ) ;
#2033 = FACE_OUTER_BOUND ( 'NONE', #2244, .T. ) ;
#2034 = AXIS2_PLACEMENT_3D ( 'NONE', #4526, #5336, #5834 ) ;
#2035 = DIRECTION ( 'NONE',  ( 0.000000000000000000, 1.000000000000000000, -0.000000000000000000 ) ) ;
#2036 = CARTESIAN_POINT ( 'NONE',  ( -2.195671805992966963, 24.46948457643220465, 1.258016770288530539 ) ) ;
#2037 = ORIENTED_EDGE ( 'NONE', *, *, #413, .F. ) ;
#2038 = ADVANCED_FACE ( 'NONE', ( #3985 ), #3925, .T. ) ;
#2039 = DIRECTION ( 'NONE',  ( 0.000000000000000000, 1.000000000000000000, 0.000000000000000000 ) ) ;
#2040 = ORIENTED_EDGE ( 'NONE', *, *, #2387, .F. ) ;
#2041 = B_SPLINE_CURVE_WITH_KNOTS ( 'NONE', 3,
 ( #4454, #614, #4000, #5878, #4030, #2547, #1131, #1560, #3561, #4481, #1618, #5444, #3975, #5781, #4980, #1101, #1163, #1970, #3086, #3441, #5379, #1046 ),
 .UNSPECIFIED., .F., .F.,
 ( 4, 3, 3, 3, 3, 3, 3, 4 ),
 ( 1.167721476617542288E-18, 3.737017153941281112E-05, 6.632414775228773749E-05, 9.559872338567848148E-05, 0.0001205902993703378821, 0.0001452370098981028371, 0.0001812528771457924334, 0.0001900682076238036176 ),
 .UNSPECIFIED. ) ;
#2042 = AXIS2_PLACEMENT_3D ( 'NONE', #3811, #480, #4209 ) ;
#2043 = DIRECTION ( 'NONE',  ( 0.9238795325112876267, 0.000000000000000000, 0.3826834323650879499 ) ) ;
#2044 = CARTESIAN_POINT ( 'NONE',  ( 2.180195543045019946, 24.09876993821319502, -1.914140174040030118 ) ) ;
#2045 = VECTOR ( 'NONE', #2015, 1000.000000000000000 ) ;
#2046 = LINE ( 'NONE', #2937, #5307 ) ;
#2047 = VERTEX_POINT ( 'NONE', #3064 ) ;
#2048 = EDGE_CURVE ( 'NONE', #5285, #4495, #4562, .T. ) ;
#2049 = SURFACE_SIDE_STYLE ('',( #3954 ) ) ;
#2050 = ORIENTED_EDGE ( 'NONE', *, *, #682, .F. ) ;
#2051 = CARTESIAN_POINT ( 'NONE',  ( 2.752287661078582914, 24.07731203357794669, 0.9834020394520169850 ) ) ;
#2052 = EDGE_CURVE ( 'NONE', #2696, #4652, #3577, .T. ) ;
#2053 = DIRECTION ( 'NONE',  ( 0.000000000000000000, 1.000000000000000000, 0.000000000000000000 ) ) ;
#2054 = FACE_OUTER_BOUND ( 'NONE', #3781, .T. ) ;
#2055 = AXIS2_PLACEMENT_3D ( 'NONE', #2602, #276, #788 ) ;
#2056 = CARTESIAN_POINT ( 'NONE',  ( -2.184311803714053646, 24.46796627992259587, -1.280615751802408830 ) ) ;
#2057 = UNCERTAINTY_MEASURE_WITH_UNIT (LENGTH_MEASURE( 1.000000000000000082E-05 ), #1724, 'distance_accuracy_value', 'NONE');
#2058 = DIRECTION ( 'NONE',  ( -2.316559417873162294E-16, -0.000000000000000000, -1.000000000000000000 ) ) ;
#2059 = CARTESIAN_POINT ( 'NONE',  ( 0.4260709772379948079, 24.11089388095970776, -2.857515999855734457 ) ) ;
#2060 = CARTESIAN_POINT ( 'NONE',  ( 1.382232478507069873, 24.10736372361301960, -2.541019682619189091 ) ) ;
#2061 = CARTESIAN_POINT ( 'NONE',  ( 2.888090359768303639, 17.50000000000000000, -0.07660444431204660454 ) ) ;
#2062 = VECTOR ( 'NONE', #5247, 1000.000000000000000 ) ;
#2063 = STYLED_ITEM ( 'NONE', ( #3887 ), #3657 ) ;
#2064 = DIRECTION ( 'NONE',  ( -2.503857664561932376E-16, 0.000000000000000000, -1.000000000000000000 ) ) ;
#2065 = AXIS2_PLACEMENT_3D ( 'NONE', #1619, #3562, #5380 ) ;
#2066 = CARTESIAN_POINT ( 'NONE',  ( -7.381726567675256589, -4.809216244852373201, -2.671715408638814182 ) ) ;
#2067 =( LENGTH_UNIT ( ) NAMED_UNIT ( * ) SI_UNIT ( .MILLI., .METRE. ) );
#2068 = CARTESIAN_POINT ( 'NONE',  ( 0.000000000000000000, -5.000000000000000000, 0.000000000000000000 ) ) ;
#2069 = DIRECTION ( 'NONE',  ( -0.5000000000000004441, 0.000000000000000000, -0.8660254037844383745 ) ) ;
#2070 = ORIENTED_EDGE ( 'NONE', *, *, #4915, .T. ) ;
#2071 = LINE ( 'NONE', #124, #5704 ) ;
#2072 = ORIENTED_EDGE ( 'NONE', *, *, #5291, .T. ) ;
#2073 = B_SPLINE_CURVE_WITH_KNOTS ( 'NONE', 3,
 ( #1270, #5055, #772, #1694 ),
 .UNSPECIFIED., .F., .F.,
 ( 4, 4 ),
 ( 0.0001003535443410318099, 0.0006790167176160432543 ),
 .UNSPECIFIED. ) ;
#2074 = EDGE_CURVE ( 'NONE', #2281, #1951, #569, .T. ) ;
#2075 = SURFACE_STYLE_USAGE ( .BOTH. , #646 ) ;
#2076 = CARTESIAN_POINT ( 'NONE',  ( 2.262161527995270482, 24.09078937327015879, -1.829243475302274158 ) ) ;
#2077 = DIRECTION ( 'NONE',  ( -0.000000000000000000, 1.000000000000000000, 0.000000000000000000 ) ) ;
#2078 = EDGE_CURVE ( 'NONE', #1391, #574, #2464, .T. ) ;
#2079 = VERTEX_POINT ( 'NONE', #4024 ) ;
#2080 = FACE_OUTER_BOUND ( 'NONE', #3764, .T. ) ;
#2081 = ORIENTED_EDGE ( 'NONE', *, *, #4915, .F. ) ;
#2082 = CIRCLE ( 'NONE', #5272, 0.4000000000000001332 ) ;
#2083 = CARTESIAN_POINT ( 'NONE',  ( -2.218534173222623807, 24.08011071800980929, -1.898383402088364980 ) ) ;
#2084 = DIRECTION ( 'NONE',  ( -1.000000000000000000, 0.000000000000000000, 0.000000000000000000 ) ) ;
#2085 = LINE ( 'NONE', #1091, #2852 ) ;
#2086 = MECHANICAL_DESIGN_GEOMETRIC_PRESENTATION_REPRESENTATION (  '', ( #4787 ), #5575 ) ;
#2087 = ORIENTED_EDGE ( 'NONE', *, *, #5226, .T. ) ;
#2088 = CARTESIAN_POINT ( 'NONE',  ( -2.178115847981501929, 24.45104258969314515, -1.324023490154660365 ) ) ;
#2089 = ADVANCED_FACE ( 'NONE', ( #5320 ), #3917, .T. ) ;
#2090 = CARTESIAN_POINT ( 'NONE',  ( -1.672649178388114333, 24.45632721815583110, -1.916394213340236297 ) ) ;
#2091 = CARTESIAN_POINT ( 'NONE',  ( 3.258811727360948929, -4.599999999999999645, -6.822217097514179152 ) ) ;
#2092 = CARTESIAN_POINT ( 'NONE',  ( 2.740117462260085901, 24.11089388095992447, -0.9158004477462106108 ) ) ;
#2093 = DIRECTION ( 'NONE',  ( -0.000000000000000000, 1.000000000000000000, -0.000000000000000000 ) ) ;
#2094 = CARTESIAN_POINT ( 'NONE',  ( 3.464101615137757939, 2.500000000000000000, 6.000000000000004441 ) ) ;
#2095 = ADVANCED_FACE ( 'NONE', ( #1909 ), #4832, .T. ) ;
#2096 = CARTESIAN_POINT ( 'NONE',  ( -1.404534368111658660, 24.09245612541782222, 2.545818025633610038 ) ) ;
#2097 = CARTESIAN_POINT ( 'NONE',  ( -1.537207230871912467, 24.22653848112731012, -2.310749898095284305 ) ) ;
#2098 = CARTESIAN_POINT ( 'NONE',  ( -7.396106250776925961, -4.705661585819406412, -2.630610637707244681 ) ) ;
#2099 = COLOUR_RGB ( '',0.6470588235294117974, 0.6196078431372549211, 0.5882352941176470784 ) ;
#2100 = DIRECTION ( 'NONE',  ( -0.000000000000000000, -1.000000000000000000, -0.000000000000000000 ) ) ;
#2101 = CARTESIAN_POINT ( 'NONE',  ( 3.258811727360997779, -5.000000000000000000, 6.822217097514156059 ) ) ;
#2102 = ORIENTED_EDGE ( 'NONE', *, *, #2240, .T. ) ;
#2103 = CARTESIAN_POINT ( 'NONE',  ( -2.687716936213861540, 17.50000000000000000, 1.059769709824812445 ) ) ;
#2104 = ORIENTED_EDGE ( 'NONE', *, *, #5443, .T. ) ;
#2105 = CIRCLE ( 'NONE', #3528, 0.4000000000000000777 ) ;
#2106 = CARTESIAN_POINT ( 'NONE',  ( 2.507814961062788672, 24.46038112602385795, -0.4006596387527114889 ) ) ;
#2107 = CARTESIAN_POINT ( 'NONE',  ( 2.179634321644848161, 24.50000000000000000, 1.332635182233148363 ) ) ;
#2108 = PRESENTATION_STYLE_ASSIGNMENT (( #5020 ) ) ;
#2109 = FACE_OUTER_BOUND ( 'NONE', #44, .T. ) ;
#2110 = ORIENTED_EDGE ( 'NONE', *, *, #2990, .T. ) ;
#2111 = ADVANCED_FACE ( 'NONE', ( #1048 ), #692, .T. ) ;
#2112 = COLOUR_RGB ( '',0.6470588235294117974, 0.6196078431372549211, 0.5882352941176470784 ) ;
#2113 = VECTOR ( 'NONE', #506, 1000.000000000000000 ) ;
#2114 = CARTESIAN_POINT ( 'NONE',  ( -2.210767869577871636, 24.08265420111511546, -1.903547333129170793 ) ) ;
#2115 = VECTOR ( 'NONE', #2983, 1000.000000000000114 ) ;
#2116 = AXIS2_PLACEMENT_3D ( 'NONE', #3638, #4082, #4113 ) ;
#2117 = CARTESIAN_POINT ( 'NONE',  ( 0.8130953767553036338, 17.50000000000000000, -2.421899711655335352 ) ) ;
#2118 = DIRECTION ( 'NONE',  ( -0.000000000000000000, -1.000000000000000000, -0.000000000000000000 ) ) ;
#2119 = ADVANCED_FACE ( 'NONE', ( #1502 ), #551, .T. ) ;
#2120 = UNCERTAINTY_MEASURE_WITH_UNIT (LENGTH_MEASURE( 1.000000000000000082E-05 ), #5347, 'distance_accuracy_value', 'NONE');
#2121 = CIRCLE ( 'NONE', #243, 0.1000000000000000472 ) ;
#2122 = CARTESIAN_POINT ( 'NONE',  ( -1.690878987330078020, 24.44525494324714998, -1.915111107797323742 ) ) ;
#2123 = CARTESIAN_POINT ( 'NONE',  ( -2.519708101351921581, -4.599999999999999645, -7.128363843406253508 ) ) ;
#2124 = CARTESIAN_POINT ( 'NONE',  ( 1.851874036606143914, 24.33869904829946762, -1.915111107797552004 ) ) ;
#2125 = LINE ( 'NONE', #3343, #1064 ) ;
#2126 = DIRECTION ( 'NONE',  ( 0.9238795325112837409, 0.000000000000000000, -0.3826834323650969982 ) ) ;
#2127 = CARTESIAN_POINT ( 'NONE',  ( -2.258523983687686698, 24.08265420111474953, 1.846633812571056410 ) ) ;
#2128 = VECTOR ( 'NONE', #877, 1000.000000000000000 ) ;
#2129 = AXIS2_PLACEMENT_3D ( 'NONE', #2587, #2144, #706 ) ;
#2130 = STYLED_ITEM ( 'NONE', ( #5299 ), #5109 ) ;
#2131 = CARTESIAN_POINT ( 'NONE',  ( -2.740117462259839431, 17.50000000000000000, -0.9158004477459419368 ) ) ;
#2132 = SHAPE_DEFINITION_REPRESENTATION ( #2407, #3890 ) ;
#2133 = EDGE_CURVE ( 'NONE', #4702, #5825, #5782, .T. ) ;
#2134 = CARTESIAN_POINT ( 'NONE',  ( 7.128363843406277489, 0.000000000000000000, 2.519708101351846086 ) ) ;
#2135 =( GEOMETRIC_REPRESENTATION_CONTEXT ( 3 ) GLOBAL_UNCERTAINTY_ASSIGNED_CONTEXT ( ( #4392 ) ) GLOBAL_UNIT_ASSIGNED_CONTEXT ( ( #5229, #1849, #5686 ) ) REPRESENTATION_CONTEXT ( 'NONE', 'WORKASPACE' ) );
#2136 = DIRECTION ( 'NONE',  ( 0.000000000000000000, 0.000000000000000000, 1.000000000000000000 ) ) ;
#2137 = EDGE_LOOP ( 'NONE', ( #1113, #430, #2753, #2104 ) ) ;
#2138 = CARTESIAN_POINT ( 'NONE',  ( -7.128363843406259726, -4.599999999999999645, -2.519708101351894936 ) ) ;
#2139 = ORIENTED_EDGE ( 'NONE', *, *, #5397, .T. ) ;
#2140 = VECTOR ( 'NONE', #2939, 1000.000000000000000 ) ;
#2141 = CARTESIAN_POINT ( 'NONE',  ( 2.519599436221267474, 24.45104258969281830, -0.3858050423525410388 ) ) ;
#2142 = CARTESIAN_POINT ( 'NONE',  ( 2.234088273409740921, 24.07622500002005950, -1.886101689517261981 ) ) ;
#2143 = CARTESIAN_POINT ( 'NONE',  ( 1.690878987334383687, 17.50000000000000000, 1.915111107797323964 ) ) ;
#2144 = DIRECTION ( 'NONE',  ( -0.000000000000000000, 1.000000000000000000, 0.000000000000000000 ) ) ;
#2145 = B_SPLINE_CURVE_WITH_KNOTS ( 'NONE', 3,
 ( #233, #354, #2124, #2190 ),
 .UNSPECIFIED., .F., .F.,
 ( 4, 4 ),
 ( 0.001064482719782637414, 0.001642704108849429292 ),
 .UNSPECIFIED. ) ;
#2146 = CARTESIAN_POINT ( 'NONE',  ( -0.8898386082857373536, 24.46649189398672064, -2.372108753197584186 ) ) ;
#2147 = STYLED_ITEM ( 'NONE', ( #735 ), #2947 ) ;
#2148 = ORIENTED_EDGE ( 'NONE', *, *, #3703, .F. ) ;
#2149 = ORIENTED_EDGE ( 'NONE', *, *, #377, .T. ) ;
#2150 = MECHANICAL_DESIGN_GEOMETRIC_PRESENTATION_REPRESENTATION (  '', ( #1541 ), #1249 ) ;
#2151 = CARTESIAN_POINT ( 'NONE',  ( 0.5731174568125548818, 24.10565824199057516, 2.837032004199830482 ) ) ;
#2152 = CARTESIAN_POINT ( 'NONE',  ( 7.089959504884879138, -5.000000000000000000, 3.369714263716227620 ) ) ;
#2153 = CARTESIAN_POINT ( 'NONE',  ( 2.262059290852112436, 24.10911168744612354, 1.800090411580929084 ) ) ;
#2154 = ORIENTED_EDGE ( 'NONE', *, *, #6045, .T. ) ;
#2155 = EDGE_CURVE ( 'NONE', #2853, #5537, #1157, .T. ) ;
#2156 = CYLINDRICAL_SURFACE ( 'NONE', #2116, 0.4000000000000000222 ) ;
#2157 = CARTESIAN_POINT ( 'NONE',  ( -1.654417044693882843, 24.46402637105427758, -1.921995444566524380 ) ) ;
#2158 = CARTESIAN_POINT ( 'NONE',  ( 2.922400482005517386, 24.07755045136796568, 0.01919284953824225773 ) ) ;
#2159 = EDGE_CURVE ( 'NONE', #2696, #1705, #4506, .T. ) ;
#2160 = AXIS2_PLACEMENT_3D ( 'NONE', #5408, #3504, #4403 ) ;
#2161 = DIRECTION ( 'NONE',  ( 0.3826834323650890601, -0.000000000000000000, 0.9238795325112871826 ) ) ;
#2162 = SURFACE_STYLE_USAGE ( .BOTH. , #3645 ) ;
#2163 = PLANE ( 'NONE',  #652 ) ;
#2164 = SURFACE_SIDE_STYLE ('',( #4061 ) ) ;
#2165 = EDGE_CURVE ( 'NONE', #4827, #2377, #2964, .T. ) ;
#2166 = CARTESIAN_POINT ( 'NONE',  ( -1.438569477788861350, 24.07928144543843274, 2.541872288793143309 ) ) ;
#2167 = PRESENTATION_STYLE_ASSIGNMENT (( #4548 ) ) ;
#2168 = CARTESIAN_POINT ( 'NONE',  ( -2.462019382530304057, 17.50000000000000000, 0.4341204441674988423 ) ) ;
#2169 = PRESENTATION_STYLE_ASSIGNMENT (( #5472 ) ) ;
#2170 = CARTESIAN_POINT ( 'NONE',  ( -2.178432106846566629, 24.45117771391982586, 1.323226587504581664 ) ) ;
#2171 = ORIENTED_EDGE ( 'NONE', *, *, #724, .F. ) ;
#2172 = CARTESIAN_POINT ( 'NONE',  ( -2.165063509461000457, 17.50000000000000000, -1.249999999999842348 ) ) ;
#2173 = EDGE_CURVE ( 'NONE', #5979, #2958, #708, .T. ) ;
#2174 = VERTEX_POINT ( 'NONE', #4863 ) ;
#2175 = PRODUCT_DEFINITION ( 'UNKNOWN', '', #5361, #922 ) ;
#2176 = VECTOR ( 'NONE', #5539, 1000.000000000000000 ) ;
#2177 = CARTESIAN_POINT ( 'NONE',  ( 2.212004646023538967, 24.46402637105401112, 1.240240981696604461 ) ) ;
#2178 = VERTEX_POINT ( 'NONE', #6101 ) ;
#2179 = DIRECTION ( 'NONE',  ( -0.3826834323650964986, 0.000000000000000000, -0.9238795325112839629 ) ) ;
#2180 = PLANE ( 'NONE',  #2337 ) ;
#2181 = PRESENTATION_LAYER_ASSIGNMENT (  '', '', ( #1173 ) ) ;
#2182 = CARTESIAN_POINT ( 'NONE',  ( -1.502475899554953198, 24.09245612541782933, -2.489271456089981349 ) ) ;
#2183 = ORIENTED_EDGE ( 'NONE', *, *, #1308, .F. ) ;
#2184 =( NAMED_UNIT ( * ) PLANE_ANGLE_UNIT ( ) SI_UNIT ( $, .RADIAN. ) );
#2185 = SURFACE_STYLE_FILL_AREA ( #4080 ) ;
#2186 = DIRECTION ( 'NONE',  ( 0.9396926207859089830, -0.000000000000000000, -0.3420201433256674362 ) ) ;
#2187 = DIRECTION ( 'NONE',  ( 0.000000000000000000, 0.000000000000000000, -1.000000000000000000 ) ) ;
#2188 = UNCERTAINTY_MEASURE_WITH_UNIT (LENGTH_MEASURE( 1.000000000000000082E-05 ), #3681, 'distance_accuracy_value', 'NONE');
#2189 = CARTESIAN_POINT ( 'NONE',  ( 2.653514921881648281, 17.50000000000000000, -0.9658004477462213133 ) ) ;
#2190 = CARTESIAN_POINT ( 'NONE',  ( 1.690878987330010963, 24.44525494324702564, -1.915111107797552448 ) ) ;
#2191 = CARTESIAN_POINT ( 'NONE',  ( -2.526298143494066561, 24.44525494324887305, -0.3801841595499744209 ) ) ;
#2192 = CARTESIAN_POINT ( 'NONE',  ( 1.593916685696153746, 24.45104258969288225, 1.989134597952143091 ) ) ;
#2193 = EDGE_LOOP ( 'NONE', ( #6082, #351, #6067, #5662, #909 ) ) ;
#2194 = DIRECTION ( 'NONE',  ( -2.316559417873162294E-16, -0.000000000000000000, -1.000000000000000000 ) ) ;
#2195 = EDGE_CURVE ( 'NONE', #5757, #5130, #2125, .T. ) ;
#2196 =( NAMED_UNIT ( * ) PLANE_ANGLE_UNIT ( ) SI_UNIT ( $, .RADIAN. ) );
#2197 = DIRECTION ( 'NONE',  ( 0.5000000000000024425, 0.000000000000000000, -0.8660254037844372643 ) ) ;
#2198 = EDGE_LOOP ( 'NONE', ( #3303, #5340, #3737, #3034 ) ) ;
#2199 = FACE_OUTER_BOUND ( 'NONE', #26, .T. ) ;
#2200 = ORIENTED_EDGE ( 'NONE', *, *, #2731, .T. ) ;
#2201 = CARTESIAN_POINT ( 'NONE',  ( 2.165063509461355729, 17.50000000000000000, 1.249999999999841682 ) ) ;
#2202 = SURFACE_STYLE_USAGE ( .BOTH. , #314 ) ;
#2203 =( NAMED_UNIT ( * ) PLANE_ANGLE_UNIT ( ) SI_UNIT ( $, .RADIAN. ) );
#2204 = CARTESIAN_POINT ( 'NONE',  ( -1.476256022333630291, 24.07731203357820249, -2.522466074508435518 ) ) ;
#2205 = ORIENTED_EDGE ( 'NONE', *, *, #1254, .F. ) ;
#2206 = VECTOR ( 'NONE', #1149, 1000.000000000000000 ) ;
#2207 = VERTEX_POINT ( 'NONE', #944 ) ;
#2208 = SURFACE_STYLE_FILL_AREA ( #4710 ) ;
#2209 = CARTESIAN_POINT ( 'NONE',  ( -2.243913082607063458, 24.44525494324885884, -1.221301102390079718 ) ) ;
#2210 = PRESENTATION_STYLE_ASSIGNMENT (( #1696 ) ) ;
#2211 = DIRECTION ( 'NONE',  ( -0.000000000000000000, -1.000000000000000000, 0.000000000000000000 ) ) ;
#2212 = VERTEX_POINT ( 'NONE', #3443 ) ;
#2213 = FACE_OUTER_BOUND ( 'NONE', #288, .T. ) ;
#2214 = COLOUR_RGB ( '',0.6470588235294117974, 0.6196078431372549211, 0.5882352941176470784 ) ;
#2215 = CARTESIAN_POINT ( 'NONE',  ( 2.893451915244507511, 24.10565824199043305, -0.07176507734341169842 ) ) ;
#2216 = CARTESIAN_POINT ( 'NONE',  ( -2.715252083316072262, 24.09078937327046077, -1.044467613056436317 ) ) ;
#2217 = FACE_OUTER_BOUND ( 'NONE', #1827, .T. ) ;
#2218 = CARTESIAN_POINT ( 'NONE',  ( 0.9338999314663214424, 24.44525494324441439, -2.377930449576747041 ) ) ;
#2219 = ORIENTED_EDGE ( 'NONE', *, *, #3980, .F. ) ;
#2220 = SURFACE_SIDE_STYLE ('',( #1796 ) ) ;
#2221 = VERTEX_POINT ( 'NONE', #2863 ) ;
#2222 = CARTESIAN_POINT ( 'NONE',  ( 1.000000000000000000, 9.500000000000001776, -6.850000000000000533 ) ) ;
#2223 = CARTESIAN_POINT ( 'NONE',  ( -2.243913082612968957, 24.50000000000000000, 1.221301102388173465 ) ) ;
#2224 = VECTOR ( 'NONE', #1593, 1000.000000000000000 ) ;
#2225 = CARTESIAN_POINT ( 'NONE',  ( -0.05938070355071692341, 24.44929433676972508, -2.550015708242341361 ) ) ;
#2226 = VERTEX_POINT ( 'NONE', #5717 ) ;
#2227 = DIRECTION ( 'NONE',  ( 0.3826834323650839531, -0.000000000000000000, -0.9238795325112892920 ) ) ;
#2228 = EDGE_CURVE ( 'NONE', #1738, #2174, #3786, .T. ) ;
#2229 = EDGE_LOOP ( 'NONE', ( #4076, #4288, #2050, #57 ) ) ;
#2230 = CARTESIAN_POINT ( 'NONE',  ( 2.219263727438905764, 24.46082274070643336, 1.233844805586168603 ) ) ;
#2231 = AXIS2_PLACEMENT_3D ( 'NONE', #4682, #1822, #3295 ) ;
#2232 = CARTESIAN_POINT ( 'NONE',  ( 0.000000000000000000, 2.500000000000000000, 4.250000000000000000 ) ) ;
#2233 = EDGE_CURVE ( 'NONE', #579, #4652, #980, .T. ) ;
#2234 =( LENGTH_UNIT ( ) NAMED_UNIT ( * ) SI_UNIT ( .MILLI., .METRE. ) );
#2235 = CARTESIAN_POINT ( 'NONE',  ( 2.187185063552453901, 24.46899646116464311, -1.273656316032749203 ) ) ;
#2236 = ORIENTED_EDGE ( 'NONE', *, *, #6084, .F. ) ;
#2237 = ORIENTED_EDGE ( 'NONE', *, *, #1718, .T. ) ;
#2238 = CARTESIAN_POINT ( 'NONE',  ( 2.163165183675333836, 17.50000000000000000, -1.915111107797550893 ) ) ;
#2239 = PLANE ( 'NONE',  #270 ) ;
#2240 = EDGE_CURVE ( 'NONE', #931, #4708, #2491, .T. ) ;
#2241 = CARTESIAN_POINT ( 'NONE',  ( 2.261645958976746584, 17.50000000000000000, 1.797746290030630023 ) ) ;
#2242 = LINE ( 'NONE', #1698, #2821 ) ;
#2243 = VECTOR ( 'NONE', #896, 1000.000000000000000 ) ;
#2244 = EDGE_LOOP ( 'NONE', ( #2673, #2200, #1902, #3766 ) ) ;
#2245 = ADVANCED_FACE ( 'NONE', ( #2577 ), #3053, .T. ) ;
#2246 = UNCERTAINTY_MEASURE_WITH_UNIT (LENGTH_MEASURE( 1.000000000000000082E-05 ), #4298, 'distance_accuracy_value', 'NONE');
#2247 =( GEOMETRIC_REPRESENTATION_CONTEXT ( 3 ) GLOBAL_UNCERTAINTY_ASSIGNED_CONTEXT ( ( #5867 ) ) GLOBAL_UNIT_ASSIGNED_CONTEXT ( ( #4680, #4167, #829 ) ) REPRESENTATION_CONTEXT ( 'NONE', 'WORKASPACE' ) );
#2248 =( GEOMETRIC_REPRESENTATION_CONTEXT ( 3 ) GLOBAL_UNCERTAINTY_ASSIGNED_CONTEXT ( ( #688 ) ) GLOBAL_UNIT_ASSIGNED_CONTEXT ( ( #3179, #1740, #2759 ) ) REPRESENTATION_CONTEXT ( 'NONE', 'WORKASPACE' ) );
#2249 = AXIS2_PLACEMENT_3D ( 'NONE', #4690, #1792, #2783 ) ;
#2250 = EDGE_CURVE ( 'NONE', #223, #2226, #4228, .T. ) ;
#2251 = CARTESIAN_POINT ( 'NONE',  ( 0.8988982987838909366, 24.46379134448225656, -2.371579504573890329 ) ) ;
#2252 = DIRECTION ( 'NONE',  ( -0.8660254037844395958, 0.000000000000000000, -0.4999999999999983902 ) ) ;
#2253 = LINE ( 'NONE', #807, #2455 ) ;
#2254 = ORIENTED_EDGE ( 'NONE', *, *, #5490, .F. ) ;
#2255 = ORIENTED_EDGE ( 'NONE', *, *, #2271, .F. ) ;
#2256 = ORIENTED_EDGE ( 'NONE', *, *, #3830, .F. ) ;
#2257 = AXIS2_PLACEMENT_3D ( 'NONE', #4948, #1589, #4371 ) ;
#2258 = CARTESIAN_POINT ( 'NONE',  ( -2.278115096945536155, 17.50000000000000000, 1.315270364466764041 ) ) ;
#2259 = DIRECTION ( 'NONE',  ( 0.3826834323650916136, 0.000000000000000000, -0.9238795325112860723 ) ) ;
#2260 = DIRECTION ( 'NONE',  ( -0.6427876096865406952, 0.000000000000000000, -0.7660444431189769032 ) ) ;
#2261 = CARTESIAN_POINT ( 'NONE',  ( -0.009426193598549971117, 24.46899646116479587, -2.530985985830529028 ) ) ;
#2262 = ORIENTED_EDGE ( 'NONE', *, *, #3922, .T. ) ;
#2263 =( NAMED_UNIT ( * ) PLANE_ANGLE_UNIT ( ) SI_UNIT ( $, .RADIAN. ) );
#2264 = ORIENTED_EDGE ( 'NONE', *, *, #3445, .F. ) ;
#2265 = DIRECTION ( 'NONE',  ( 0.3420201433256704893, 0.000000000000000000, 0.9396926207859077618 ) ) ;
#2266 = DIRECTION ( 'NONE',  ( 0.3826834323650855074, 0.000000000000000000, -0.9238795325112885148 ) ) ;
#2267 = CARTESIAN_POINT ( 'NONE',  ( 2.195671805993322234, 24.46948457643189556, -1.258016770288529429 ) ) ;
#2268 = ORIENTED_EDGE ( 'NONE', *, *, #3095, .F. ) ;
#2269 = ADVANCED_FACE ( 'NONE', ( #2458 ), #210, .T. ) ;
#2270 = CARTESIAN_POINT ( 'NONE',  ( -2.662890460102838475, 24.22653848203925264, -0.7820393562937842935 ) ) ;
#2271 = EDGE_CURVE ( 'NONE', #3948, #3576, #666, .T. ) ;
#2272 = LINE ( 'NONE', #3696, #291 ) ;
#2273 = CARTESIAN_POINT ( 'NONE',  ( -0.8646878377712386987, 24.46985301392167855, 2.377821360510525839 ) ) ;
#2274 = CARTESIAN_POINT ( 'NONE',  ( -3.196191035088681964, -4.956669073102030865, -7.170238016405006576 ) ) ;
#2275 = VERTEX_POINT ( 'NONE', #95 ) ;
#2276 =( NAMED_UNIT ( * ) SI_UNIT ( $, .STERADIAN. ) SOLID_ANGLE_UNIT ( ) );
#2277 = DIRECTION ( 'NONE',  ( -0.4999999999999995559, 0.000000000000000000, 0.8660254037844388186 ) ) ;
#2278 = DIRECTION ( 'NONE',  ( 0.9238795325112905132, 0.000000000000000000, 0.3826834323650807335 ) ) ;
#2279 = CARTESIAN_POINT ( 'NONE',  ( 3.258811727360997779, -4.599999999999999645, 6.822217097514156059 ) ) ;
#2280 =( NAMED_UNIT ( * ) SI_UNIT ( $, .STERADIAN. ) SOLID_ANGLE_UNIT ( ) );
#2281 = VERTEX_POINT ( 'NONE', #3531 ) ;
#2282 = PLANE ( 'NONE',  #2926 ) ;
#2283 = EDGE_CURVE ( 'NONE', #3150, #2982, #4860, .T. ) ;
#2284 = ORIENTED_EDGE ( 'NONE', *, *, #1057, .T. ) ;
#2285 = CARTESIAN_POINT ( 'NONE',  ( -7.108856995717157901, -4.809216244852373201, 3.330480830018992755 ) ) ;
#2286 = EDGE_CURVE ( 'NONE', #3689, #3828, #2041, .T. ) ;
#2287 = CARTESIAN_POINT ( 'NONE',  ( 0.000000000000000000, 0.000000000000000000, 0.000000000000000000 ) ) ;
#2288 = DIRECTION ( 'NONE',  ( -0.000000000000000000, -1.000000000000000000, -0.000000000000000000 ) ) ;
#2289 = ORIENTED_EDGE ( 'NONE', *, *, #4028, .T. ) ;
#2290 = CARTESIAN_POINT ( 'NONE',  ( -2.507425525500041275, 24.46082274070676021, -0.4004019608682904408 ) ) ;
#2291 = VERTEX_POINT ( 'NONE', #4916 ) ;
#2292 = CARTESIAN_POINT ( 'NONE',  ( 0.000000000000000000, 0.000000000000000000, 0.000000000000000000 ) ) ;
#2293 = LINE ( 'NONE', #1264, #3588 ) ;
#2294 = ORIENTED_EDGE ( 'NONE', *, *, #5659, .T. ) ;
#2295 = CARTESIAN_POINT ( 'NONE',  ( 0.8550503583141707553, 17.50000000000000000, -2.349231551964762410 ) ) ;
#2296 = DIRECTION ( 'NONE',  ( -0.000000000000000000, 1.000000000000000000, -0.000000000000000000 ) ) ;
#2297 = CARTESIAN_POINT ( 'NONE',  ( 3.369714263716300895, -4.705661800954699991, -7.089959504884843611 ) ) ;
#2298 = DIRECTION ( 'NONE',  ( 0.000000000000000000, -0.000000000000000000, 1.000000000000000000 ) ) ;
#2299 = ORIENTED_EDGE ( 'NONE', *, *, #3013, .T. ) ;
#2300 = VECTOR ( 'NONE', #4270, 1000.000000000000000 ) ;
#2301 =( NAMED_UNIT ( * ) PLANE_ANGLE_UNIT ( ) SI_UNIT ( $, .RADIAN. ) );
#2302 = ORIENTED_EDGE ( 'NONE', *, *, #5855, .F. ) ;
#2303 = UNCERTAINTY_MEASURE_WITH_UNIT (LENGTH_MEASURE( 1.000000000000000082E-05 ), #433, 'distance_accuracy_value', 'NONE');
#2304 = ADVANCED_FACE ( 'NONE', ( #1533, #2962 ), #4862, .T. ) ;
#2305 = CARTESIAN_POINT ( 'NONE',  ( 0.8567904650623587859, 24.46899646116479232, -2.381572802283091761 ) ) ;
#2306 = FILL_AREA_STYLE ('',( #3770 ) ) ;
#2307 = DIRECTION ( 'NONE',  ( -0.000000000000000000, -1.000000000000000000, -0.000000000000000000 ) ) ;
#2308 = LINE ( 'NONE', #1339, #4354 ) ;
#2309 = ADVANCED_FACE ( 'NONE', ( #5348 ), #1076, .T. ) ;
#2310 = ORIENTED_EDGE ( 'NONE', *, *, #4987, .T. ) ;
#2311 = CARTESIAN_POINT ( 'NONE',  ( 1.690878987334387018, 24.44525494324429715, 1.915111107797323964 ) ) ;
#2312 = ORIENTED_EDGE ( 'NONE', *, *, #5103, .T. ) ;
#2313 = CARTESIAN_POINT ( 'NONE',  ( 2.526298143499312143, 17.50000000000000000, -0.3801841595461690759 ) ) ;
#2314 =( GEOMETRIC_REPRESENTATION_CONTEXT ( 3 ) GLOBAL_UNCERTAINTY_ASSIGNED_CONTEXT ( ( #5368 ) ) GLOBAL_UNIT_ASSIGNED_CONTEXT ( ( #3164, #4536, #2713 ) ) REPRESENTATION_CONTEXT ( 'NONE', 'WORKASPACE' ) );
#2315 = CARTESIAN_POINT ( 'NONE',  ( -2.895728930948631152, 24.10342794339706884, -0.07019492205131606932 ) ) ;
#2316 = CARTESIAN_POINT ( 'NONE',  ( 0.0007220220877017771623, 24.46985301392162171, 2.530161844225393253 ) ) ;
#2317 = VECTOR ( 'NONE', #419, 1000.000000000000114 ) ;
#2318 = CARTESIAN_POINT ( 'NONE',  ( -3.369714263716302671, -0.000000000000000000, -7.089959504884845387 ) ) ;
#2319 = EDGE_LOOP ( 'NONE', ( #5800, #446, #3933, #1845 ) ) ;
#2320 = LINE ( 'NONE', #2763, #4336 ) ;
#2321 = EDGE_LOOP ( 'NONE', ( #1843, #2529, #2345, #710 ) ) ;
#2322 = VECTOR ( 'NONE', #1051, 1000.000000000000000 ) ;
#2323 = EDGE_CURVE ( 'NONE', #4708, #1785, #3882, .T. ) ;
#2324 = CARTESIAN_POINT ( 'NONE',  ( 1.537207230872266406, 24.22653848112711117, 2.310749898095284749 ) ) ;
#2325 = SURFACE_STYLE_USAGE ( .BOTH. , #6102 ) ;
#2326 = CARTESIAN_POINT ( 'NONE',  ( -2.823811598799294220, 17.50000000000000000, 1.492946391512539606E-13 ) ) ;
#2327 = EDGE_LOOP ( 'NONE', ( #4198, #1975, #4484, #5012, #4401 ) ) ;
#2328 = COLOUR_RGB ( '',0.6470588235294117974, 0.6196078431372549211, 0.5882352941176470784 ) ;
#2329 = VECTOR ( 'NONE', #5457, 1000.000000000000000 ) ;
#2330 = FILL_AREA_STYLE ('',( #985 ) ) ;
#2331 = CARTESIAN_POINT ( 'NONE',  ( 0.000000000000000000, 0.000000000000000000, 0.000000000000000000 ) ) ;
#2332 = CARTESIAN_POINT ( 'NONE',  ( -0.8163571290717256401, 24.44929433676978192, 2.416540340662732600 ) ) ;
#2333 = FILL_AREA_STYLE ('',( #4712 ) ) ;
#2334 = PLANE ( 'NONE',  #2925 ) ;
#2335 = ORIENTED_EDGE ( 'NONE', *, *, #2173, .F. ) ;
#2336 = PRESENTATION_STYLE_ASSIGNMENT (( #5728 ) ) ;
#2337 = AXIS2_PLACEMENT_3D ( 'NONE', #4491, #342, #1630 ) ;
#2338 = ORIENTED_EDGE ( 'NONE', *, *, #5859, .T. ) ;
#2339 = CYLINDRICAL_SURFACE ( 'NONE', #67, 7.850000000000003197 ) ;
#2340 = CIRCLE ( 'NONE', #3659, 0.3999999999999999112 ) ;
#2341 = SURFACE_STYLE_FILL_AREA ( #2306 ) ;
#2342 =( NAMED_UNIT ( * ) PLANE_ANGLE_UNIT ( ) SI_UNIT ( $, .RADIAN. ) );
#2343 = ADVANCED_FACE ( 'NONE', ( #2033 ), #5847, .T. ) ;
#2344 = SHAPE_REPRESENTATION ( 'SR16 Шайба', ( #1169 ), #5258 ) ;
#2345 = ORIENTED_EDGE ( 'NONE', *, *, #1995, .T. ) ;
#2346 = CARTESIAN_POINT ( 'NONE',  ( -6.975290470460223879, -5.000000000000000000, -2.889259914356410164 ) ) ;
#2347 = AXIS2_PLACEMENT_3D ( 'NONE', #2634, #5036, #1645 ) ;
#2348 = ORIENTED_EDGE ( 'NONE', *, *, #5966, .T. ) ;
#2349 = EDGE_CURVE ( 'NONE', #852, #852, #3067, .T. ) ;
#2350 =( GEOMETRIC_REPRESENTATION_CONTEXT ( 3 ) GLOBAL_UNCERTAINTY_ASSIGNED_CONTEXT ( ( #199 ) ) GLOBAL_UNIT_ASSIGNED_CONTEXT ( ( #3132, #2184, #773 ) ) REPRESENTATION_CONTEXT ( 'NONE', 'WORKASPACE' ) );
#2351 = CARTESIAN_POINT ( 'NONE',  ( -1.510386574700653073, 24.11089388096018382, 2.462857397828247752 ) ) ;
#2352 = DIRECTION ( 'NONE',  ( -0.000000000000000000, 1.000000000000000000, 0.000000000000000000 ) ) ;
#2353 = DIRECTION ( 'NONE',  ( -0.000000000000000000, -1.000000000000000000, -0.000000000000000000 ) ) ;
#2354 = EDGE_CURVE ( 'NONE', #4342, #5688, #1768, .T. ) ;
#2355 = CARTESIAN_POINT ( 'NONE',  ( 7.330262099975663581, -4.956521243558936085, -2.809839888384043416 ) ) ;
#2356 = PRESENTATION_STYLE_ASSIGNMENT (( #1379 ) ) ;
#2357 = VERTEX_POINT ( 'NONE', #5071 ) ;
#2358 = CLOSED_SHELL ( 'NONE', ( #4734, #1606, #4772, #4845, #4281, #3736, #612 ) ) ;
#2359 = CARTESIAN_POINT ( 'NONE',  ( -1.510386574700653073, 24.11089388096018382, 2.462857397828247752 ) ) ;
#2360 =( NAMED_UNIT ( * ) SI_UNIT ( $, .STERADIAN. ) SOLID_ANGLE_UNIT ( ) );
#2361 = CIRCLE ( 'NONE', #4078, 0.09999999999999982514 ) ;
#2362 =( NAMED_UNIT ( * ) PLANE_ANGLE_UNIT ( ) SI_UNIT ( $, .RADIAN. ) );
#2363 = VERTEX_POINT ( 'NONE', #5994 ) ;
#2364 = PRODUCT_RELATED_PRODUCT_CATEGORY ( 'part', '', ( #4803 ) ) ;
#2365 = ORIENTED_EDGE ( 'NONE', *, *, #5038, .T. ) ;
#2366 = CARTESIAN_POINT ( 'NONE',  ( 2.519708101351919805, 0.000000000000000000, -7.128363843406251732 ) ) ;
#2367 = CARTESIAN_POINT ( 'NONE',  ( -2.630610637707272659, -0.000000000000000000, -7.396106250776917967 ) ) ;
#2368 = EDGE_CURVE ( 'NONE', #2849, #4328, #3245, .T. ) ;
#2369 = ORIENTED_EDGE ( 'NONE', *, *, #6057, .T. ) ;
#2370 = DIRECTION ( 'NONE',  ( 0.000000000000000000, 1.000000000000000000, 0.000000000000000000 ) ) ;
#2371 = ORIENTED_EDGE ( 'NONE', *, *, #3482, .F. ) ;
#2372 = CARTESIAN_POINT ( 'NONE',  ( 0.8497394495628275424, 24.46823170470883113, -2.384922204047231986 ) ) ;
#2373 = CARTESIAN_POINT ( 'NONE',  ( -2.809839888383970585, -4.956521243558936973, -7.330262099975693779 ) ) ;
#2374 = ORIENTED_EDGE ( 'NONE', *, *, #529, .F. ) ;
#2375 = CARTESIAN_POINT ( 'NONE',  ( 2.490536560820694856, 24.46645550312254258, 0.4649163418386947355 ) ) ;
#2376 = PRODUCT_DEFINITION_FORMATION_WITH_SPECIFIED_SOURCE ( 'ANY', '', #3377, .NOT_KNOWN. ) ;
#2377 = VERTEX_POINT ( 'NONE', #5471 ) ;
#2378 = FILL_AREA_STYLE_COLOUR ( '', #963 ) ;
#2379 = CYLINDRICAL_SURFACE ( 'NONE', #1299, 7.849999999999999645 ) ;
#2380 = CARTESIAN_POINT ( 'NONE',  ( 3.464101615137757939, 2.500000000000000000, 6.000000000000004441 ) ) ;
#2381 = CARTESIAN_POINT ( 'NONE',  ( -0.5347811657185846945, 24.08011071800937586, 2.870498654219575840 ) ) ;
#2382 = DIRECTION ( 'NONE',  ( -0.3826834323650940561, 0.000000000000000000, -0.9238795325112848511 ) ) ;
#2383 = CARTESIAN_POINT ( 'NONE',  ( -3.464101615137749501, 0.000000000000000000, 6.000000000000006217 ) ) ;
#2384 = ORIENTED_EDGE ( 'NONE', *, *, #2901, .T. ) ;
#2385 = COLOUR_RGB ( '',0.6470588235294117974, 0.6196078431372549211, 0.5882352941176470784 ) ;
#2386 = ORIENTED_EDGE ( 'NONE', *, *, #3445, .T. ) ;
#2387 = EDGE_CURVE ( 'NONE', #6151, #722, #4095, .T. ) ;
#2388 = DIRECTION ( 'NONE',  ( -0.000000000000000000, -1.000000000000000000, -0.000000000000000000 ) ) ;
#2389 = B_SPLINE_CURVE_WITH_KNOTS ( 'NONE', 3,
 ( #4528, #1292, #4105, #738, #5951, #1662, #373, #5918, #709, #4991, #255, #2146, #5977, #5194, #4219, #3285, #402, #1778, #2393 ),
 .UNSPECIFIED., .F., .F.,
 ( 4, 3, 3, 3, 3, 3, 4 ),
 ( 0.000000000000000000, 3.145909546063811746E-05, 5.768159792252433034E-05, 8.411505865618727849E-05, 0.0001075980665475276835, 0.0001382024233625045071, 0.0001492729888286359059 ),
 .UNSPECIFIED. ) ;
#2390 = DIRECTION ( 'NONE',  ( 0.9848077530122077983, 0.000000000000000000, 0.1736481776669319688 ) ) ;
#2391 = CARTESIAN_POINT ( 'NONE',  ( 0.000000000000000000, 0.000000000000000000, 0.000000000000000000 ) ) ;
#2392 = VECTOR ( 'NONE', #3914, 1000.000000000000000 ) ;
#2393 = CARTESIAN_POINT ( 'NONE',  ( -0.9338999314602260959, 24.44525494324876647, -2.377930449574464866 ) ) ;
#2394 = ORIENTED_EDGE ( 'NONE', *, *, #5025, .T. ) ;
#2395 = PRESENTATION_STYLE_ASSIGNMENT (( #3857 ) ) ;
#2396 = CARTESIAN_POINT ( 'NONE',  ( 2.692187477216196889, 24.10736372361293078, -1.058052096835843781 ) ) ;
#2397 =( NAMED_UNIT ( * ) PLANE_ANGLE_UNIT ( ) SI_UNIT ( $, .RADIAN. ) );
#2398 = LINE ( 'NONE', #1415, #1216 ) ;
#2399 = VERTEX_POINT ( 'NONE', #5563 ) ;
#2400 = SURFACE_STYLE_USAGE ( .BOTH. , #5762 ) ;
#2401 = ORIENTED_EDGE ( 'NONE', *, *, #372, .F. ) ;
#2402 = PLANE ( 'NONE',  #5339 ) ;
#2403 = PRESENTATION_LAYER_ASSIGNMENT (  '', '', ( #4412 ) ) ;
#2404 = CARTESIAN_POINT ( 'NONE',  ( -2.590576904467672748, 17.50000000000000000, -0.4567886038577166907 ) ) ;
#2405 = DIRECTION ( 'NONE',  ( -0.9238795325112821866, -0.000000000000000000, 0.3826834323651010505 ) ) ;
#2406 = ORIENTED_EDGE ( 'NONE', *, *, #820, .F. ) ;
#2407 = PRODUCT_DEFINITION_SHAPE ( 'NONE', 'NONE',  #5332 ) ;
#2408 = CARTESIAN_POINT ( 'NONE',  ( 2.490619778613580415, 24.46948457643187425, 0.4476538756004507791 ) ) ;
#2409 = VECTOR ( 'NONE', #566, 1000.000000000000114 ) ;
#2410 = ORIENTED_EDGE ( 'NONE', *, *, #4107, .F. ) ;
#2411 = DIRECTION ( 'NONE',  ( -0.000000000000000000, -1.000000000000000000, -0.000000000000000000 ) ) ;
#2412 = LINE ( 'NONE', #4238, #3930 ) ;
#2413 = DIRECTION ( 'NONE',  ( -0.3826834323650916136, 0.000000000000000000, 0.9238795325112859613 ) ) ;
#2414 = CARTESIAN_POINT ( 'NONE',  ( 0.8820602593916221368, 24.46823170470877074, 2.373158391322230720 ) ) ;
#2415 = ORIENTED_EDGE ( 'NONE', *, *, #3637, .T. ) ;
#2416 = CARTESIAN_POINT ( 'NONE',  ( 0.5431364130062853457, 24.08265420111461097, -2.866354803490086312 ) ) ;
#2417 = VERTEX_POINT ( 'NONE', #697 ) ;
#2418 = VERTEX_POINT ( 'NONE', #4631 ) ;
#2419 = AXIS2_PLACEMENT_3D ( 'NONE', #1511, #163, #525 ) ;
#2420 = VECTOR ( 'NONE', #3611, 1000.000000000000114 ) ;
#2421 = PLANE ( 'NONE',  #4689 ) ;
#2422 =( NAMED_UNIT ( * ) SI_UNIT ( $, .STERADIAN. ) SOLID_ANGLE_UNIT ( ) );
#2423 = DIRECTION ( 'NONE',  ( 0.9238795325112870716, 0.000000000000000000, -0.3826834323650892822 ) ) ;
#2424 = CARTESIAN_POINT ( 'NONE',  ( -2.243913082612968957, 17.50000000000000000, 1.221301102388173465 ) ) ;
#2425 = EDGE_CURVE ( 'NONE', #4609, #3388, #5056, .T. ) ;
#2426 = DIRECTION ( 'NONE',  ( -0.000000000000000000, 1.000000000000000000, -0.000000000000000000 ) ) ;
#2427 = ORIENTED_EDGE ( 'NONE', *, *, #3575, .F. ) ;
#2428 = EDGE_LOOP ( 'NONE', ( #2148, #1259, #4466, #4108 ) ) ;
#2429 = EDGE_CURVE ( 'NONE', #3202, #2726, #2756, .T. ) ;
#2430 =( NAMED_UNIT ( * ) PLANE_ANGLE_UNIT ( ) SI_UNIT ( $, .RADIAN. ) );
#2431 = CARTESIAN_POINT ( 'NONE',  ( 2.687716936214304297, 24.11089388095992803, 1.059769709824536443 ) ) ;
#2432 = VERTEX_POINT ( 'NONE', #4122 ) ;
#2433 = VECTOR ( 'NONE', #2426, 1000.000000000000000 ) ;
#2434 = DIRECTION ( 'NONE',  ( 0.000000000000000000, 1.000000000000000000, 0.000000000000000000 ) ) ;
#2435 = ORIENTED_EDGE ( 'NONE', *, *, #4873, .F. ) ;
#2436 = COLOUR_RGB ( '',0.6470588235294117974, 0.6196078431372549211, 0.5882352941176470784 ) ;
#2437 = COLOUR_RGB ( '',0.6470588235294117974, 0.6196078431372549211, 0.5882352941176470784 ) ;
#2438 = EDGE_CURVE ( 'NONE', #1991, #3689, #1257, .T. ) ;
#2439 = CARTESIAN_POINT ( 'NONE',  ( 2.743500515392898631, 24.10565824199044371, 0.9221817251480639577 ) ) ;
#2440 = CARTESIAN_POINT ( 'NONE',  ( 0.000000000000000000, 11.50000000000000178, 0.000000000000000000 ) ) ;
#2441 = CARTESIAN_POINT ( 'NONE',  ( 2.240053024430745943, 24.07618934483375739, 1.879050610016216538 ) ) ;
#2442 = SURFACE_STYLE_FILL_AREA ( #43 ) ;
#2443 = ORIENTED_EDGE ( 'NONE', *, *, #4458, .F. ) ;
#2444 = CARTESIAN_POINT ( 'NONE',  ( 2.521586590740342970, 24.44929433676955099, 0.3843270035220899827 ) ) ;
#2445 = UNCERTAINTY_MEASURE_WITH_UNIT (LENGTH_MEASURE( 1.000000000000000082E-05 ), #388, 'distance_accuracy_value', 'NONE');
#2446 = EDGE_CURVE ( 'NONE', #4636, #403, #5592, .T. ) ;
#2447 = DIRECTION ( 'NONE',  ( 0.3826834323650807335, -0.000000000000000000, -0.9238795325112905132 ) ) ;
#2448 = CARTESIAN_POINT ( 'NONE',  ( 2.462019382530719724, 17.50000000000000000, 0.4341204441671498437 ) ) ;
#2449 = PLANE ( 'NONE',  #1329 ) ;
#2450 = FILL_AREA_STYLE ('',( #5681 ) ) ;
#2451 = CIRCLE ( 'NONE', #6135, 7.849999999999999645 ) ;
#2452 = EDGE_LOOP ( 'NONE', ( #5359, #1976, #3340, #5265 ) ) ;
#2453 = ORIENTED_EDGE ( 'NONE', *, *, #984, .T. ) ;
#2454 = STYLED_ITEM ( 'NONE', ( #3162 ), #1235 ) ;
#2455 = VECTOR ( 'NONE', #5990, 1000.000000000000000 ) ;
#2456 = SURFACE_STYLE_FILL_AREA ( #5378 ) ;
#2457 = CARTESIAN_POINT ( 'NONE',  ( 7.089959504884877362, -4.705661800954699991, 3.369714263716226732 ) ) ;
#2458 = FACE_OUTER_BOUND ( 'NONE', #3654, .T. ) ;
#2459 = SURFACE_SIDE_STYLE ('',( #4705 ) ) ;
#2460 = CARTESIAN_POINT ( 'NONE',  ( -3.369714263716250713, -4.705661800954699991, 7.089959504884868480 ) ) ;
#2461 = DIRECTION ( 'NONE',  ( 0.000000000000000000, 0.000000000000000000, 1.000000000000000000 ) ) ;
#2462 = CARTESIAN_POINT ( 'NONE',  ( 2.163165183675525682, 17.50000000000000000, 1.915111107797323076 ) ) ;
#2463 = ORIENTED_EDGE ( 'NONE', *, *, #5479, .F. ) ;
#2464 = CIRCLE ( 'NONE', #5345, 0.09999999999999982514 ) ;
#2465 = LINE ( 'NONE', #1977, #4986 ) ;
#2466 = CARTESIAN_POINT ( 'NONE',  ( 2.694410311315362350, 24.10565824199044371, -1.057055952367527807 ) ) ;
#2467 = CARTESIAN_POINT ( 'NONE',  ( 2.395141502707347048, 24.33873950507183537, 1.166258458898600026 ) ) ;
#2468 = ORIENTED_EDGE ( 'NONE', *, *, #2830, .F. ) ;
#2469 = DIRECTION ( 'NONE',  ( 0.000000000000000000, -1.000000000000000000, 0.000000000000000000 ) ) ;
#2470 = ORIENTED_EDGE ( 'NONE', *, *, #763, .T. ) ;
#2471 = ADVANCED_FACE ( 'NONE', ( #4153 ), #5095, .T. ) ;
#2472 = DIRECTION ( 'NONE',  ( 0.000000000000000000, 1.000000000000000000, 0.000000000000000000 ) ) ;
#2473 = LINE ( 'NONE', #3424, #1302 ) ;
#2474 = FILL_AREA_STYLE_COLOUR ( '', #2554 ) ;
#2475 = ORIENTED_EDGE ( 'NONE', *, *, #311, .F. ) ;
#2476 = LINE ( 'NONE', #3364, #2622 ) ;
#2477 = VECTOR ( 'NONE', #4377, 1000.000000000000114 ) ;
#2478 = PLANE ( 'NONE',  #1786 ) ;
#2479 = CARTESIAN_POINT ( 'NONE',  ( 1.446391689541996595, 24.07731203357803196, -2.539708255085049604 ) ) ;
#2480 = VECTOR ( 'NONE', #4907, 1000.000000000000000 ) ;
#2481 = EDGE_CURVE ( 'NONE', #3740, #3463, #1284, .T. ) ;
#2482 = CARTESIAN_POINT ( 'NONE',  ( -0.4595097359960098049, 24.08748573298194273, 2.876037231697222030 ) ) ;
#2483 = FACE_OUTER_BOUND ( 'NONE', #5314, .T. ) ;
#2484 = ORIENTED_EDGE ( 'NONE', *, *, #1896, .T. ) ;
#2485 = ORIENTED_EDGE ( 'NONE', *, *, #1913, .F. ) ;
#2486 = EDGE_CURVE ( 'NONE', #2357, #1525, #1314, .T. ) ;
#2487 = ADVANCED_FACE ( 'NONE', ( #6031 ), #4063, .F. ) ;
#2488 = LINE ( 'NONE', #2640, #126 ) ;
#2489 = DIRECTION ( 'NONE',  ( 1.000000000000000000, -0.000000000000000000, 3.210683727211237524E-15 ) ) ;
#2490 = APPLICATION_PROTOCOL_DEFINITION ( 'draft international standard', 'automotive_design', 1998, #3378 ) ;
#2491 = LINE ( 'NONE', #4476, #3484 ) ;
#2492 = SURFACE_STYLE_FILL_AREA ( #5381 ) ;
#2493 = LINE ( 'NONE', #1475, #3641 ) ;
#2494 = EDGE_LOOP ( 'NONE', ( #183, #3534, #2030, #5574 ) ) ;
#2495 =( NAMED_UNIT ( * ) SI_UNIT ( $, .STERADIAN. ) SOLID_ANGLE_UNIT ( ) );
#2496 =( GEOMETRIC_REPRESENTATION_CONTEXT ( 3 ) GLOBAL_UNCERTAINTY_ASSIGNED_CONTEXT ( ( #3640 ) ) GLOBAL_UNIT_ASSIGNED_CONTEXT ( ( #524, #3485, #2495 ) ) REPRESENTATION_CONTEXT ( 'NONE', 'WORKASPACE' ) );
#2497 = CARTESIAN_POINT ( 'NONE',  ( -1.690878987330078020, 24.44525494324714998, -1.915111107797323742 ) ) ;
#2498 = CARTESIAN_POINT ( 'NONE',  ( -2.526298143498956872, 24.44525494324460269, 0.3801841595461695200 ) ) ;
#2499 = ORIENTED_EDGE ( 'NONE', *, *, #2893, .F. ) ;
#2500 = DIRECTION ( 'NONE',  ( 0.000000000000000000, 0.000000000000000000, -1.000000000000000000 ) ) ;
#2501 = ORIENTED_EDGE ( 'NONE', *, *, #2663, .T. ) ;
#2502 = B_SPLINE_CURVE_WITH_KNOTS ( 'NONE', 3,
 ( #3552, #3137, #294, #5462, #1187, #2595, #267, #2158, #3643, #5522, #1154, #3109, #2569, #3168, #4084, #5033, #1245, #777, #2215, #3076, #4971, #2688 ),
 .UNSPECIFIED., .F., .F.,
 ( 4, 3, 3, 3, 3, 3, 3, 4 ),
 ( 8.045225770116845268E-19, 3.737017153941502696E-05, 6.632414775229033958E-05, 9.559872338568033818E-05, 0.0001205902993703387223, 0.0001452370098981051140, 0.0001812528771457972039, 0.0001900682076238050541 ),
 .UNSPECIFIED. ) ;
#2503 = CARTESIAN_POINT ( 'NONE',  ( -2.692187477215843394, 24.10736372361325763, 1.058052096835844003 ) ) ;
#2504 = DIRECTION ( 'NONE',  ( -0.7660444431189769032, -0.000000000000000000, -0.6427876096865406952 ) ) ;
#2505 = EDGE_CURVE ( 'NONE', #2651, #2651, #5440, .T. ) ;
#2506 = CARTESIAN_POINT ( 'NONE',  ( -2.238068735162502154, 24.44929433676987784, -1.223582656351504205 ) ) ;
#2507 = CARTESIAN_POINT ( 'NONE',  ( -2.519708101351921581, -5.000000000000000000, -7.128363843406253508 ) ) ;
#2508 = EDGE_CURVE ( 'NONE', #1811, #1811, #5726, .T. ) ;
#2509 = DIRECTION ( 'NONE',  ( 0.000000000000000000, -1.000000000000000000, 0.000000000000000000 ) ) ;
#2510 = DIRECTION ( 'NONE',  ( 0.000000000000000000, -1.000000000000000000, 0.000000000000000000 ) ) ;
#2511 = CARTESIAN_POINT ( 'NONE',  ( 0.9279563469597769121, 24.44929433676966468, 2.375921547184221883 ) ) ;
#2512 = CARTESIAN_POINT ( 'NONE',  ( -1.446391689541632664, 24.07731203357819894, 2.539708255085064703 ) ) ;
#2513 =( GEOMETRIC_REPRESENTATION_CONTEXT ( 3 ) GLOBAL_UNCERTAINTY_ASSIGNED_CONTEXT ( ( #4142 ) ) GLOBAL_UNIT_ASSIGNED_CONTEXT ( ( #4395, #2025, #1095 ) ) REPRESENTATION_CONTEXT ( 'NONE', 'WORKASPACE' ) );
#2514 = ORIENTED_EDGE ( 'NONE', *, *, #2825, .T. ) ;
#2515 = EDGE_CURVE ( 'NONE', #1851, #5053, #395, .T. ) ;
#2516 = DIRECTION ( 'NONE',  ( -0.000000000000000000, 1.000000000000000000, 0.000000000000000000 ) ) ;
#2517 = DIRECTION ( 'NONE',  ( 0.000000000000000000, 0.000000000000000000, 1.000000000000000000 ) ) ;
#2518 = PRODUCT_CONTEXT ( 'NONE', #1313, 'mechanical' ) ;
#2519 = SURFACE_STYLE_USAGE ( .BOTH. , #615 ) ;
#2520 = ORIENTED_EDGE ( 'NONE', *, *, #1685, .F. ) ;
#2521 = CARTESIAN_POINT ( 'NONE',  ( -6.975290470460223879, -5.000000000000000000, -2.889259914356410164 ) ) ;
#2522 = EDGE_CURVE ( 'NONE', #3756, #5613, #4664, .T. ) ;
#2523 = ORIENTED_EDGE ( 'NONE', *, *, #168, .F. ) ;
#2524 = CIRCLE ( 'NONE', #133, 0.09999999999999999167 ) ;
#2525 = ADVANCED_FACE ( 'NONE', ( #875 ), #52, .F. ) ;
#2526 = CARTESIAN_POINT ( 'NONE',  ( 2.500963888819960346, 24.44929433676954744, -0.5012841579945734871 ) ) ;
#2527 = CARTESIAN_POINT ( 'NONE',  ( -2.163165183669119696, 24.11089388096474551, -1.915111107797322632 ) ) ;
#2528 = LINE ( 'NONE', #5264, #3729 ) ;
#2529 = ORIENTED_EDGE ( 'NONE', *, *, #405, .T. ) ;
#2530 = DIRECTION ( 'NONE',  ( -0.5000000000000031086, 0.000000000000000000, 0.8660254037844368202 ) ) ;
#2531 = ORIENTED_EDGE ( 'NONE', *, *, #2637, .F. ) ;
#2532 = DIRECTION ( 'NONE',  ( 0.000000000000000000, 0.000000000000000000, 1.000000000000000000 ) ) ;
#2533 = VECTOR ( 'NONE', #4068, 1000.000000000000000 ) ;
#2534 = DIRECTION ( 'NONE',  ( 0.000000000000000000, 1.000000000000000000, 0.000000000000000000 ) ) ;
#2535 = CYLINDRICAL_SURFACE ( 'NONE', #1439, 0.09999999999999999167 ) ;
#2536 = LINE ( 'NONE', #4051, #3233 ) ;
#2537 = COLOUR_RGB ( '',0.6470588235294117974, 0.6196078431372549211, 0.5882352941176470784 ) ;
#2538 = AXIS2_PLACEMENT_3D ( 'NONE', #5777, #1997, #2382 ) ;
#2539 = VECTOR ( 'NONE', #4083, 1000.000000000000000 ) ;
#2540 = SURFACE_STYLE_FILL_AREA ( #4821 ) ;
#2541 = CYLINDRICAL_SURFACE ( 'NONE', #5092, 0.4000000000000000222 ) ;
#2542 = FACE_OUTER_BOUND ( 'NONE', #5138, .T. ) ;
#2543 = SURFACE_STYLE_USAGE ( .BOTH. , #4911 ) ;
#2544 = LINE ( 'NONE', #1556, #2837 ) ;
#2545 = EDGE_CURVE ( 'NONE', #4264, #3700, #876, .T. ) ;
#2546 = DIRECTION ( 'NONE',  ( 0.000000000000000000, 1.000000000000000000, 0.000000000000000000 ) ) ;
#2547 = CARTESIAN_POINT ( 'NONE',  ( 1.426390721610193424, 24.08265420111452215, 2.544876525870926720 ) ) ;
#2548 =( LENGTH_UNIT ( ) NAMED_UNIT ( * ) SI_UNIT ( .MILLI., .METRE. ) );
#2549 = CARTESIAN_POINT ( 'NONE',  ( -2.178688031611609510, 24.44929433676987429, 1.326433051890837822 ) ) ;
#2550 = VERTEX_POINT ( 'NONE', #4727 ) ;
#2551 = FACE_OUTER_BOUND ( 'NONE', #3332, .T. ) ;
#2552 = VERTEX_POINT ( 'NONE', #5742 ) ;
#2553 = VECTOR ( 'NONE', #4549, 1000.000000000000000 ) ;
#2554 = COLOUR_RGB ( '',0.6470588235294117974, 0.6196078431372549211, 0.5882352941176470784 ) ;
#2555 = CARTESIAN_POINT ( 'NONE',  ( 2.499626722797816836, 24.45117771391949901, -0.4983585984968166294 ) ) ;
#2556 = DIRECTION ( 'NONE',  ( 0.000000000000000000, 1.000000000000000000, 0.000000000000000000 ) ) ;
#2557 = DIRECTION ( 'NONE',  ( 0.000000000000000000, 0.000000000000000000, 1.000000000000000000 ) ) ;
#2558 = ORIENTED_EDGE ( 'NONE', *, *, #853, .F. ) ;
#2559 = CARTESIAN_POINT ( 'NONE',  ( -2.630610637707220700, 0.000000000000000000, 7.396106250776933955 ) ) ;
#2560 = EDGE_CURVE ( 'NONE', #5124, #3335, #3872, .T. ) ;
#2561 = ORIENTED_EDGE ( 'NONE', *, *, #3741, .F. ) ;
#2562 = CLOSED_SHELL ( 'NONE', ( #3459, #2525, #2820, #4635, #1325, #2038, #2885 ) ) ;
#2563 = EDGE_CURVE ( 'NONE', #2399, #4017, #1547, .T. ) ;
#2564 = CARTESIAN_POINT ( 'NONE',  ( 0.5675962456007909163, 24.09876993821329094, 2.845174812514456253 ) ) ;
#2565 = FACE_OUTER_BOUND ( 'NONE', #1692, .T. ) ;
#2566 = DIRECTION ( 'NONE',  ( 0.000000000000000000, 0.000000000000000000, 1.000000000000000000 ) ) ;
#2567 = UNCERTAINTY_MEASURE_WITH_UNIT (LENGTH_MEASURE( 1.000000000000000082E-05 ), #1334, 'distance_accuracy_value', 'NONE');
#2568 = CARTESIAN_POINT ( 'NONE',  ( -1.626909784977511153, 24.46985301392173540, -1.937752314108743379 ) ) ;
#2569 = CARTESIAN_POINT ( 'NONE',  ( 2.920610714165253086, 24.07928144543816984, -0.02509843152235209998 ) ) ;
#2570 = DIRECTION ( 'NONE',  ( -0.9238795325112830747, 0.000000000000000000, 0.3826834323650989966 ) ) ;
#2571 = CARTESIAN_POINT ( 'NONE',  ( 1.469970945528440209, 24.07614780132979249, -2.527487247020164141 ) ) ;
#2572 =( LENGTH_UNIT ( ) NAMED_UNIT ( * ) SI_UNIT ( .MILLI., .METRE. ) );
#2573 = CARTESIAN_POINT ( 'NONE',  ( -1.477821736273626341, 24.07755045136823568, 2.521276632679389174 ) ) ;
#2574 = VECTOR ( 'NONE', #2069, 1000.000000000000114 ) ;
#2575 = CARTESIAN_POINT ( 'NONE',  ( 2.165063509461177205, 17.50000000000000000, -1.250000000000149436 ) ) ;
#2576 = PRODUCT_DEFINITION_FORMATION_WITH_SPECIFIED_SOURCE ( 'ANY', '', #513, .NOT_KNOWN. ) ;
#2577 = FACE_OUTER_BOUND ( 'NONE', #2452, .T. ) ;
#2578 = DIRECTION ( 'NONE',  ( 0.000000000000000000, 0.000000000000000000, 1.000000000000000000 ) ) ;
#2579 = DIRECTION ( 'NONE',  ( -2.247478609048135426E-15, 0.000000000000000000, -1.000000000000000000 ) ) ;
#2580 = CARTESIAN_POINT ( 'NONE',  ( -2.177732360828234182, 24.45632721815586308, 1.314459516108305914 ) ) ;
#2581 = ORIENTED_EDGE ( 'NONE', *, *, #5750, .F. ) ;
#2582 = CARTESIAN_POINT ( 'NONE',  ( 2.889259914356484327, -4.599999999999999645, 6.975290470460194570 ) ) ;
#2583 = EDGE_CURVE ( 'NONE', #3756, #4212, #1124, .T. ) ;
#2584 = ORIENTED_EDGE ( 'NONE', *, *, #1890, .F. ) ;
#2585 = CARTESIAN_POINT ( 'NONE',  ( 0.4903497382062705912, 17.50000000000000000, -2.780911555543518876 ) ) ;
#2586 = EDGE_CURVE ( 'NONE', #5558, #5757, #2824, .T. ) ;
#2587 = CARTESIAN_POINT ( 'NONE',  ( 2.653514921881648281, 17.50000000000000000, -0.9658004477462213133 ) ) ;
#2588 = EDGE_LOOP ( 'NONE', ( #418 ) ) ;
#2589 = CARTESIAN_POINT ( 'NONE',  ( 2.462019382530658440, 17.50000000000000000, -0.4341204441674990644 ) ) ;
#2590 = EDGE_LOOP ( 'NONE', ( #5195, #4778, #4732, #412 ) ) ;
#2591 = CARTESIAN_POINT ( 'NONE',  ( -2.194273383548596801, 24.09078937327069525, -1.910149415340307355 ) ) ;
#2592 = AXIS2_PLACEMENT_3D ( 'NONE', #5257, #5658, #2798 ) ;
#2593 = CARTESIAN_POINT ( 'NONE',  ( 1.592398212033163007, 24.50000000000000000, 1.997746290030630867 ) ) ;
#2594 = FACE_OUTER_BOUND ( 'NONE', #6020, .T. ) ;
#2595 = CARTESIAN_POINT ( 'NONE',  ( 2.917123081704096066, 24.08265420111443333, 0.03714766229876821646 ) ) ;
#2596 = DIRECTION ( 'NONE',  ( 0.000000000000000000, 0.000000000000000000, -1.000000000000000000 ) ) ;
#2597 = CARTESIAN_POINT ( 'NONE',  ( -6.822217097514164941, -5.000000000000000000, 3.258811727360975130 ) ) ;
#2598 = FACE_OUTER_BOUND ( 'NONE', #3715, .T. ) ;
#2599 = FILL_AREA_STYLE ('',( #3230 ) ) ;
#2600 = CARTESIAN_POINT ( 'NONE',  ( -1.496043154378547957, 24.08637983427284368, 2.500218373115255854 ) ) ;
#2601 = CARTESIAN_POINT ( 'NONE',  ( -2.662890460101544843, 24.22653848204103966, 0.7820393562919987218 ) ) ;
#2602 = CARTESIAN_POINT ( 'NONE',  ( 0.000000000000000000, 17.50000000000000000, 0.000000000000000000 ) ) ;
#2603 = APPLICATION_PROTOCOL_DEFINITION ( 'draft international standard', 'automotive_design', 1998, #3049 ) ;
#2604 = MECHANICAL_DESIGN_GEOMETRIC_PRESENTATION_REPRESENTATION (  '', ( #4502 ), #1799 ) ;
#2605 = CARTESIAN_POINT ( 'NONE',  ( 3.258811727360948929, 0.000000000000000000, -6.822217097514179152 ) ) ;
#2606 = CARTESIAN_POINT ( 'NONE',  ( 1.606969024216384323, 17.50000000000000000, -1.915111107797552670 ) ) ;
#2607 = ORIENTED_EDGE ( 'NONE', *, *, #1308, .T. ) ;
#2608 = FACE_OUTER_BOUND ( 'NONE', #4099, .T. ) ;
#2609 = ORIENTED_EDGE ( 'NONE', *, *, #5277, .F. ) ;
#2610 = B_SPLINE_CURVE_WITH_KNOTS ( 'NONE', 3,
 ( #973, #4421, #54, #4365, #1930, #3370, #3432, #4824, #543, #507, #2414, #4398, #145, #1431, #2028, #2890, #2511, #5841, #5313 ),
 .UNSPECIFIED., .F., .F.,
 ( 4, 3, 3, 3, 3, 3, 4 ),
 ( 4.848699518061080308E-19, 3.145909546063520366E-05, 5.768159792251596844E-05, 8.411505865617420030E-05, 0.0001075980665475141852, 0.0001382024233624897891, 0.0001492729888286370985 ),
 .UNSPECIFIED. ) ;
#2611 = FILL_AREA_STYLE_COLOUR ( '', #3912 ) ;
#2612 = EDGE_CURVE ( 'NONE', #3948, #5537, #3156, .T. ) ;
#2613 = LINE ( 'NONE', #4927, #866 ) ;
#2614 = FACE_OUTER_BOUND ( 'NONE', #1742, .T. ) ;
#2615 = CARTESIAN_POINT ( 'NONE',  ( 2.177732360828588121, 24.45632721815556465, -1.314459516108304138 ) ) ;
#2616 = VERTEX_POINT ( 'NONE', #205 ) ;
#2617 = EDGE_LOOP ( 'NONE', ( #4050, #4784, #2394, #5385 ) ) ;
#2618 = ADVANCED_FACE ( 'NONE', ( #5372 ), #4823, .F. ) ;
#2619 = PRESENTATION_LAYER_ASSIGNMENT (  '', '', ( #1310 ) ) ;
#2620 = CARTESIAN_POINT ( 'NONE',  ( -2.262393732995263029, 24.10736372361220248, -1.802476698602903937 ) ) ;
#2621 = AXIS2_PLACEMENT_3D ( 'NONE', #4880, #5801, #137 ) ;
#2622 = VECTOR ( 'NONE', #930, 1000.000000000000000 ) ;
#2623 = CARTESIAN_POINT ( 'NONE',  ( 6.975290470460184800, -5.000000000000000000, -2.889259914356506975 ) ) ;
#2624 = SURFACE_STYLE_FILL_AREA ( #5493 ) ;
#2625 = CARTESIAN_POINT ( 'NONE',  ( 3.464101615137756163, 2.500000000000000000, -6.000000000000002665 ) ) ;
#2626 = UNCERTAINTY_MEASURE_WITH_UNIT (LENGTH_MEASURE( 1.000000000000000082E-05 ), #4329, 'distance_accuracy_value', 'NONE');
#2627 = ADVANCED_FACE ( 'NONE', ( #2542 ), #119, .T. ) ;
#2628 = AXIS2_PLACEMENT_3D ( 'NONE', #3747, #1806, #398 ) ;
#2629 = CARTESIAN_POINT ( 'NONE',  ( -2.687716936213962349, 17.50000000000000000, -1.059769709824532447 ) ) ;
#2630 = DIRECTION ( 'NONE',  ( -1.000000000000000000, 0.000000000000000000, 2.316559417873162294E-16 ) ) ;
#2631 = EDGE_CURVE ( 'NONE', #792, #1592, #1994, .T. ) ;
#2632 = CARTESIAN_POINT ( 'NONE',  ( -2.753060505435529493, 24.07928144543851445, -0.9753228841623746703 ) ) ;
#2633 = DIRECTION ( 'NONE',  ( 0.000000000000000000, 1.000000000000000000, 0.000000000000000000 ) ) ;
#2634 = CARTESIAN_POINT ( 'NONE',  ( 2.278115096946069063, 17.50000000000000000, 1.315270364466455399 ) ) ;
#2635 = CARTESIAN_POINT ( 'NONE',  ( -2.165545467075034036, 24.10911168744901545, 1.915111107797666579 ) ) ;
#2636 = VECTOR ( 'NONE', #4096, 1000.000000000000000 ) ;
#2637 = EDGE_CURVE ( 'NONE', #99, #1487, #3431, .T. ) ;
#2638 = AXIS2_PLACEMENT_3D ( 'NONE', #5960, #231, #3108 ) ;
#2639 = PRESENTATION_LAYER_ASSIGNMENT (  '', '', ( #2839 ) ) ;
#2640 = CARTESIAN_POINT ( 'NONE',  ( 2.165063509461177205, 17.50000000000000000, -1.250000000000149436 ) ) ;
#2641 = DIRECTION ( 'NONE',  ( -0.000000000000000000, -1.000000000000000000, 0.000000000000000000 ) ) ;
#2642 = CARTESIAN_POINT ( 'NONE',  ( -2.490589943883454005, 24.46649189398683077, 0.4644075981490222160 ) ) ;
#2643 = VECTOR ( 'NONE', #4957, 1000.000000000000000 ) ;
#2644 = CARTESIAN_POINT ( 'NONE',  ( -2.503974364089167626, 17.50000000000000000, 0.5067886038580663444 ) ) ;
#2645 = ORIENTED_EDGE ( 'NONE', *, *, #1070, .F. ) ;
#2646 = B_SPLINE_CURVE_WITH_KNOTS ( 'NONE', 3,
 ( #1984, #4779, #498, #4846, #4875, #993, #41, #3358, #3865, #5731, #2909, #2051, #5796, #134, #1516, #530, #5333, #3492, #2439, #4353, #596, #3005 ),
 .UNSPECIFIED., .F., .F.,
 ( 4, 3, 3, 3, 3, 3, 3, 4 ),
 ( 1.084202172485504434E-18, 3.737017153941378012E-05, 6.632414775228977037E-05, 9.559872338568134106E-05, 0.0001205902993703405790, 0.0001452370098981061440, 0.0001812528771457962552, 0.0001900682076238008800 ),
 .UNSPECIFIED. ) ;
#2647 = CARTESIAN_POINT ( 'NONE',  ( 2.671715408638841716, -4.809216244852374977, -7.381726567675247708 ) ) ;
#2648 = ORIENTED_EDGE ( 'NONE', *, *, #5100, .T. ) ;
#2649 = AXIS2_PLACEMENT_3D ( 'NONE', #2679, #3573, #4132 ) ;
#2650 = CYLINDRICAL_SURFACE ( 'NONE', #3201, 0.09999999999999982514 ) ;
#2651 = VERTEX_POINT ( 'NONE', #1321 ) ;
#2652 = SURFACE_STYLE_FILL_AREA ( #5975 ) ;
#2653 = FILL_AREA_STYLE ('',( #2678 ) ) ;
#2654 = CARTESIAN_POINT ( 'NONE',  ( -1.469502209381217561, 24.07622500002028332, -2.527665573846586966 ) ) ;
#2655 = PRESENTATION_LAYER_ASSIGNMENT (  '', '', ( #2147 ) ) ;
#2656 = ORIENTED_EDGE ( 'NONE', *, *, #3939, .T. ) ;
#2657 = VERTEX_POINT ( 'NONE', #3937 ) ;
#2658 = AXIS2_PLACEMENT_3D ( 'NONE', #5148, #1891, #3803 ) ;
#2659 = CARTESIAN_POINT ( 'NONE',  ( -2.262642463629467748, 24.10565824198923224, -1.804899801636077550 ) ) ;
#2660 = DIRECTION ( 'NONE',  ( 0.000000000000000000, 0.000000000000000000, 1.000000000000000000 ) ) ;
#2661 = CARTESIAN_POINT ( 'NONE',  ( 1.606969024216656106, 17.50000000000000000, 1.915111107797324186 ) ) ;
#2662 = DIRECTION ( 'NONE',  ( 0.3826834323650903369, 0.000000000000000000, 0.9238795325112866275 ) ) ;
#2663 = EDGE_CURVE ( 'NONE', #1009, #3576, #166, .T. ) ;
#2664 = CARTESIAN_POINT ( 'NONE',  ( 1.606969024216384323, 17.50000000000000000, -1.915111107797552670 ) ) ;
#2665 = CARTESIAN_POINT ( 'NONE',  ( 0.000000000000000000, 0.5000000000000000000, 0.000000000000000000 ) ) ;
#2666 = FILL_AREA_STYLE_COLOUR ( '', #6033 ) ;
#2667 = B_SPLINE_CURVE_WITH_KNOTS ( 'NONE', 3,
 ( #535, #3808, #1957, #2851, #2949, #4851 ),
 .UNSPECIFIED., .F., .F.,
 ( 4, 2, 4 ),
 ( 0.000000000000000000, 0.0003124823193954499694, 0.0006249646387908999387 ),
 .UNSPECIFIED. ) ;
#2668 = EDGE_LOOP ( 'NONE', ( #4013, #5666, #4931, #477 ) ) ;
#2669 = CARTESIAN_POINT ( 'NONE',  ( 0.9338999314666593943, 17.50000000000000000, 2.377930449576678651 ) ) ;
#2670 = DIRECTION ( 'NONE',  ( 0.8660254037844372643, 0.000000000000000000, 0.5000000000000024425 ) ) ;
#2671 = CARTESIAN_POINT ( 'NONE',  ( -2.187185063552098185, 24.46899646116494864, 1.273656316032751423 ) ) ;
#2672 = DIRECTION ( 'NONE',  ( -0.9848077530122084644, 0.000000000000000000, 0.1736481776669281663 ) ) ;
#2673 = ORIENTED_EDGE ( 'NONE', *, *, #1677, .T. ) ;
#2674 = ADVANCED_FACE ( 'NONE', ( #2956 ), #3469, .F. ) ;
#2675 = AXIS2_PLACEMENT_3D ( 'NONE', #4525, #5482, #4897 ) ;
#2676 = DIRECTION ( 'NONE',  ( 0.000000000000000000, 1.000000000000000000, 0.000000000000000000 ) ) ;
#2677 = DIRECTION ( 'NONE',  ( 0.000000000000000000, 0.000000000000000000, 1.000000000000000000 ) ) ;
#2678 = FILL_AREA_STYLE_COLOUR ( '', #545 ) ;
#2679 = CARTESIAN_POINT ( 'NONE',  ( 0.000000000000000000, 17.50000000000000000, -2.499999999999992006 ) ) ;
#2680 = ORIENTED_EDGE ( 'NONE', *, *, #1139, .F. ) ;
#2681 = ORIENTED_EDGE ( 'NONE', *, *, #2155, .T. ) ;
#2682 = DIRECTION ( 'NONE',  ( 0.5000000000000003331, 0.000000000000000000, 0.8660254037844383745 ) ) ;
#2683 = CARTESIAN_POINT ( 'NONE',  ( -2.202449270597663045, 24.08637983427322382, -1.907473261534118336 ) ) ;
#2684 = CARTESIAN_POINT ( 'NONE',  ( 6.822217097514212902, 0.000000000000000000, 3.258811727360877875 ) ) ;
#2685 = ORIENTED_EDGE ( 'NONE', *, *, #5291, .F. ) ;
#2686 = CARTESIAN_POINT ( 'NONE',  ( -0.8996979171337395886, 17.50000000000000000, -2.471899711655268561 ) ) ;
#2687 = UNCERTAINTY_MEASURE_WITH_UNIT (LENGTH_MEASURE( 1.000000000000000082E-05 ), #996, 'distance_accuracy_value', 'NONE');
#2688 = CARTESIAN_POINT ( 'NONE',  ( 2.888090359768681115, 24.11089388095953012, -0.07660444431172966362 ) ) ;
#2689 = DIRECTION ( 'NONE',  ( 0.000000000000000000, -1.000000000000000000, 0.000000000000000000 ) ) ;
#2690 = CIRCLE ( 'NONE', #11, 0.09999999999999982514 ) ;
#2691 = CARTESIAN_POINT ( 'NONE',  ( 2.179634321643546979, 24.44525494324854975, -1.332635182227087434 ) ) ;
#2692 = CARTESIAN_POINT ( 'NONE',  ( 1.614585300469428386, 24.46796627992232942, 1.950463808205213478 ) ) ;
#2693 = ADVANCED_FACE ( 'NONE', ( #633 ), #4448, .T. ) ;
#2694 = ORIENTED_EDGE ( 'NONE', *, *, #2901, .F. ) ;
#2695 = CARTESIAN_POINT ( 'NONE',  ( -7.252454330213610412, -5.000000000000000000, -3.004064944065936604 ) ) ;
#2696 = VERTEX_POINT ( 'NONE', #4974 ) ;
#2697 = EDGE_CURVE ( 'NONE', #841, #4923, #5006, .T. ) ;
#2698 = CARTESIAN_POINT ( 'NONE',  ( 0.9999999999999997780, 9.353055830915652180, -7.786045209219466301 ) ) ;
#2699 = CARTESIAN_POINT ( 'NONE',  ( 3.369714263716351077, -4.705661585819406412, 7.089959504884820518 ) ) ;
#2700 = CARTESIAN_POINT ( 'NONE',  ( -2.491597622748921825, 24.46985301392179224, 0.4400690464017851244 ) ) ;
#2701 = EDGE_LOOP ( 'NONE', ( #1894, #2730, #5140, #3427 ) ) ;
#2702 = PLANE ( 'NONE',  #5514 ) ;
#2703 = VERTEX_POINT ( 'NONE', #1704 ) ;
#2704 = VECTOR ( 'NONE', #1344, 1000.000000000000000 ) ;
#2705 = DIRECTION ( 'NONE',  ( 0.9238795325112885148, 0.000000000000000000, 0.3826834323650853964 ) ) ;
#2706 = DIRECTION ( 'NONE',  ( -0.3826834323650878389, 0.000000000000000000, 0.9238795325112875156 ) ) ;
#2707 = CARTESIAN_POINT ( 'NONE',  ( 2.213017967639223205, 24.46379134448211445, -1.238934612067245533 ) ) ;
#2708 = ORIENTED_EDGE ( 'NONE', *, *, #609, .F. ) ;
#2709 = EDGE_CURVE ( 'NONE', #5757, #5548, #4914, .T. ) ;
#2710 = ORIENTED_EDGE ( 'NONE', *, *, #4550, .F. ) ;
#2711 = DIRECTION ( 'NONE',  ( 0.000000000000000000, 1.000000000000000000, 0.000000000000000000 ) ) ;
#2712 = DIRECTION ( 'NONE',  ( 0.000000000000000000, -0.000000000000000000, -1.000000000000000000 ) ) ;
#2713 =( NAMED_UNIT ( * ) SI_UNIT ( $, .STERADIAN. ) SOLID_ANGLE_UNIT ( ) );
#2714 = ORIENTED_EDGE ( 'NONE', *, *, #3942, .F. ) ;
#2715 = FILL_AREA_STYLE ('',( #867 ) ) ;
#2716 = CARTESIAN_POINT ( 'NONE',  ( 1.614185324392651610, 24.46823170470842257, -1.950465787964068554 ) ) ;
#2717 = PLANE ( 'NONE',  #2249 ) ;
#2718 = CARTESIAN_POINT ( 'NONE',  ( -0.8550503583138250319, 17.50000000000000000, 2.349231551964823694 ) ) ;
#2719 = VERTEX_POINT ( 'NONE', #4507 ) ;
#2720 = CARTESIAN_POINT ( 'NONE',  ( 2.630610637707324173, -4.599999999999999645, 7.396106250776898428 ) ) ;
#2721 = B_SPLINE_CURVE_WITH_KNOTS ( 'NONE', 3,
 ( #5645, #959, #5671, #2880, #4231, #3734 ),
 .UNSPECIFIED., .F., .F.,
 ( 4, 2, 4 ),
 ( 4.336808689942017736E-19, 0.0003124823193954501862, 0.0006249646387908999387 ),
 .UNSPECIFIED. ) ;
#2722 = FILL_AREA_STYLE_COLOUR ( '', #4522 ) ;
#2723 = DIRECTION ( 'NONE',  ( -0.000000000000000000, -1.000000000000000000, -0.000000000000000000 ) ) ;
#2724 = AXIS2_PLACEMENT_3D ( 'NONE', #2172, #2672, #765 ) ;
#2725 = CARTESIAN_POINT ( 'NONE',  ( 0.02537608274564915820, 24.46645550312271311, -2.533431589784271853 ) ) ;
#2726 = VERTEX_POINT ( 'NONE', #4598 ) ;
#2727 = EDGE_CURVE ( 'NONE', #4212, #588, #4627, .T. ) ;
#2728 = LINE ( 'NONE', #1903, #46 ) ;
#2729 = AXIS2_PLACEMENT_3D ( 'NONE', #5639, #2742, #7 ) ;
#2730 = ORIENTED_EDGE ( 'NONE', *, *, #185, .F. ) ;
#2731 = EDGE_CURVE ( 'NONE', #3335, #1988, #721, .T. ) ;
#2732 = STYLED_ITEM ( 'NONE', ( #4919 ), #4734 ) ;
#2733 = CARTESIAN_POINT ( 'NONE',  ( 2.178636766784554535, 24.46038112602388281, 1.305069294509006994 ) ) ;
#2734 = AXIS2_PLACEMENT_3D ( 'NONE', #286, #4558, #2706 ) ;
#2735 = CARTESIAN_POINT ( 'NONE',  ( 0.000000000000000000, 0.000000000000000000, 0.000000000000000000 ) ) ;
#2736 = AXIS2_PLACEMENT_3D ( 'NONE', #5421, #2974, #2530 ) ;
#2737 = CARTESIAN_POINT ( 'NONE',  ( 2.183936626264543879, 24.46823170470868192, -1.280754412040748358 ) ) ;
#2738 = VERTEX_POINT ( 'NONE', #5066 ) ;
#2739 = CARTESIAN_POINT ( 'NONE',  ( -1.614585300469076001, 24.46796627992255324, -1.950463808205211258 ) ) ;
#2740 = CARTESIAN_POINT ( 'NONE',  ( -3.369714263716252045, 0.000000000000000000, 7.089959504884867592 ) ) ;
#2741 = ADVANCED_FACE ( 'NONE', ( #693 ), #6025, .T. ) ;
#2742 = DIRECTION ( 'NONE',  ( -0.8660254037844399289, 0.000000000000000000, 0.4999999999999977796 ) ) ;
#2743 = DIRECTION ( 'NONE',  ( -0.9238795325112865164, 0.000000000000000000, -0.3826834323650904479 ) ) ;
#2744 = COLOUR_RGB ( '',0.7764705882352941346, 0.7568627450980391913, 0.7372549019607843590 ) ;
#2745 = ORIENTED_EDGE ( 'NONE', *, *, #3624, .T. ) ;
#2746 = FILL_AREA_STYLE ('',( #4942 ) ) ;
#2747 = MECHANICAL_DESIGN_GEOMETRIC_PRESENTATION_REPRESENTATION (  '', ( #1635 ), #3158 ) ;
#2748 = ADVANCED_FACE ( 'NONE', ( #2598 ), #235, .F. ) ;
#2749 = COLOUR_RGB ( '',0.6470588235294117974, 0.6196078431372549211, 0.5882352941176470784 ) ;
#2750 = DIRECTION ( 'NONE',  ( 0.000000000000000000, 0.000000000000000000, 1.000000000000000000 ) ) ;
#2751 = FACE_OUTER_BOUND ( 'NONE', #4493, .T. ) ;
#2752 = ORIENTED_EDGE ( 'NONE', *, *, #1254, .T. ) ;
#2753 = ORIENTED_EDGE ( 'NONE', *, *, #2250, .F. ) ;
#2754 = CARTESIAN_POINT ( 'NONE',  ( 1.851874036610595464, 24.33869904829652953, 1.915111107797323742 ) ) ;
#2755 = ORIENTED_EDGE ( 'NONE', *, *, #5060, .F. ) ;
#2756 = CIRCLE ( 'NONE', #79, 7.649999999999999467 ) ;
#2757 = CARTESIAN_POINT ( 'NONE',  ( 0.06427876096405207851, 24.44525494324869896, 2.553936284617162045 ) ) ;
#2758 = CARTESIAN_POINT ( 'NONE',  ( -1.690878987333757744, 17.50000000000000000, 1.915111107797552448 ) ) ;
#2759 =( NAMED_UNIT ( * ) SI_UNIT ( $, .STERADIAN. ) SOLID_ANGLE_UNIT ( ) );
#2760 = CONTEXT_DEPENDENT_SHAPE_REPRESENTATION ( #2892, #1947 ) ;
#2761 = LINE ( 'NONE', #1346, #2128 ) ;
#2762 = ORIENTED_EDGE ( 'NONE', *, *, #4508, .T. ) ;
#2763 = CARTESIAN_POINT ( 'NONE',  ( 0.9999999999999997780, 11.50000000000000178, -7.786045209218862340 ) ) ;
#2764 = ORIENTED_EDGE ( 'NONE', *, *, #3436, .T. ) ;
#2765 = CARTESIAN_POINT ( 'NONE',  ( -7.330262099975680457, -4.956521243558937861, 2.809839888383996342 ) ) ;
#2766 = VERTEX_POINT ( 'NONE', #6039 ) ;
#2767 = EDGE_CURVE ( 'NONE', #2738, #4801, #2451, .T. ) ;
#2768 = CARTESIAN_POINT ( 'NONE',  ( 0.8550503583141707553, 17.50000000000000000, -2.349231551964762410 ) ) ;
#2769 = ORIENTED_EDGE ( 'NONE', *, *, #3414, .F. ) ;
#2770 = VECTOR ( 'NONE', #1508, 999.9999999999998863 ) ;
#2771 = ADVANCED_FACE ( 'NONE', ( #3207 ), #2163, .F. ) ;
#2772 = CARTESIAN_POINT ( 'NONE',  ( -2.163165183669119696, 24.11089388096474551, -1.915111107797322632 ) ) ;
#2773 = DIRECTION ( 'NONE',  ( 0.9238795325112829637, 0.000000000000000000, -0.3826834323650989411 ) ) ;
#2774 = DIRECTION ( 'NONE',  ( 0.000000000000000000, 0.000000000000000000, 1.000000000000000000 ) ) ;
#2775 =( GEOMETRIC_REPRESENTATION_CONTEXT ( 3 ) GLOBAL_UNCERTAINTY_ASSIGNED_CONTEXT ( ( #2246 ) ) GLOBAL_UNIT_ASSIGNED_CONTEXT ( ( #4298, #1403, #20 ) ) REPRESENTATION_CONTEXT ( 'NONE', 'WORKASPACE' ) );
#2776 = AXIS2_PLACEMENT_3D ( 'NONE', #640, #3442, #5848 ) ;
#2777 = CARTESIAN_POINT ( 'NONE',  ( 3.546590444804752307E-13, 17.50000000000000000, 2.499999999999991562 ) ) ;
#2778 = ORIENTED_EDGE ( 'NONE', *, *, #905, .F. ) ;
#2779 = CYLINDRICAL_SURFACE ( 'NONE', #737, 7.850000000000001421 ) ;
#2780 = VERTEX_POINT ( 'NONE', #3616 ) ;
#2781 = SURFACE_STYLE_USAGE ( .BOTH. , #4624 ) ;
#2782 = CARTESIAN_POINT ( 'NONE',  ( -2.630610637707273103, -4.599999999999999645, -7.396106250776918856 ) ) ;
#2783 = DIRECTION ( 'NONE',  ( -0.3826834323650902814, 0.000000000000000000, -0.9238795325112865164 ) ) ;
#2784 = LINE ( 'NONE', #3270, #5721 ) ;
#2785 = ORIENTED_EDGE ( 'NONE', *, *, #6119, .F. ) ;
#2786 = ORIENTED_EDGE ( 'NONE', *, *, #865, .F. ) ;
#2787 = CARTESIAN_POINT ( 'NONE',  ( -0.8130953767549610189, 17.50000000000000000, 2.421899711655390863 ) ) ;
#2788 = EDGE_CURVE ( 'NONE', #2417, #5909, #1180, .T. ) ;
#2789 = ORIENTED_EDGE ( 'NONE', *, *, #4774, .T. ) ;
#2790 = CIRCLE ( 'NONE', #110, 4.599999999999999645 ) ;
#2791 = DIRECTION ( 'NONE',  ( 1.000000000000000000, 0.000000000000000000, -2.503857664561932376E-16 ) ) ;
#2792 = CARTESIAN_POINT ( 'NONE',  ( -2.740117462259738623, 17.50000000000000000, 0.9158004477462218240 ) ) ;
#2793 = FILL_AREA_STYLE ('',( #6131 ) ) ;
#2794 = VERTEX_POINT ( 'NONE', #4292 ) ;
#2795 = CARTESIAN_POINT ( 'NONE',  ( -2.519329465417488034, 24.45117771391984718, -0.3866187924792538477 ) ) ;
#2796 = AXIS2_PLACEMENT_3D ( 'NONE', #4735, #5192, #461 ) ;
#2797 = ORIENTED_EDGE ( 'NONE', *, *, #1199, .F. ) ;
#2798 = DIRECTION ( 'NONE',  ( 0.000000000000000000, 0.000000000000000000, 1.000000000000000000 ) ) ;
#2799 = CARTESIAN_POINT ( 'NONE',  ( -2.179634321644492889, 24.50000000000000000, -1.332635182233149029 ) ) ;
#2800 = EDGE_LOOP ( 'NONE', ( #884, #4520, #4140, #2070 ) ) ;
#2801 = EDGE_CURVE ( 'NONE', #3177, #4170, #2340, .T. ) ;
#2802 =( NAMED_UNIT ( * ) PLANE_ANGLE_UNIT ( ) SI_UNIT ( $, .RADIAN. ) );
#2803 = LINE ( 'NONE', #3291, #1365 ) ;
#2804 = CARTESIAN_POINT ( 'NONE',  ( -0.8233214832238205938, 24.45632721815577071, 2.406753786773543791 ) ) ;
#2805 = CARTESIAN_POINT ( 'NONE',  ( -1.690878987333757966, 17.50000000000000000, 2.015111107797552314 ) ) ;
#2806 = DIRECTION ( 'NONE',  ( 0.8660254037844384856, 0.000000000000000000, -0.5000000000000004441 ) ) ;
#2807 = ORIENTED_EDGE ( 'NONE', *, *, #2031, .T. ) ;
#2808 = AXIS2_PLACEMENT_3D ( 'NONE', #1650, #361, #5470 ) ;
#2809 = EDGE_CURVE ( 'NONE', #1951, #6075, #16, .T. ) ;
#2810 = ORIENTED_EDGE ( 'NONE', *, *, #2809, .T. ) ;
#2811 = UNCERTAINTY_MEASURE_WITH_UNIT (LENGTH_MEASURE( 1.000000000000000082E-05 ), #1472, 'distance_accuracy_value', 'NONE');
#2812 = ADVANCED_FACE ( 'NONE', ( #1368 ), #1793, .T. ) ;
#2813 = CARTESIAN_POINT ( 'NONE',  ( 0.8903303531443338414, 24.46645550312270956, -2.371967838728485489 ) ) ;
#2814 = SURFACE_STYLE_USAGE ( .BOTH. , #4262 ) ;
#2815 = SURFACE_STYLE_FILL_AREA ( #3805 ) ;
#2816 = CARTESIAN_POINT ( 'NONE',  ( 6.975290470460184800, -4.599999999999999645, -2.889259914356506975 ) ) ;
#2817 = ORIENTED_EDGE ( 'NONE', *, *, #3204, .T. ) ;
#2818 = ORIENTED_EDGE ( 'NONE', *, *, #6013, .F. ) ;
#2819 = CARTESIAN_POINT ( 'NONE',  ( 2.261645958976554294, 17.50000000000000000, -1.797746290030857619 ) ) ;
#2820 = ADVANCED_FACE ( 'NONE', ( #1865 ), #4204, .F. ) ;
#2821 = VECTOR ( 'NONE', #3610, 999.9999999999998863 ) ;
#2822 = CARTESIAN_POINT ( 'NONE',  ( -2.908731308982249519, 24.09078937327047143, -0.05280760193785673934 ) ) ;
#2823 = B_SPLINE_CURVE_WITH_KNOTS ( 'NONE', 3,
 ( #1943, #3979, #3028, #3891, #3412, #2932 ),
 .UNSPECIFIED., .F., .F.,
 ( 4, 2, 4 ),
 ( 0.000000000000000000, 0.0003124823193954499694, 0.0006249646387908999387 ),
 .UNSPECIFIED. ) ;
#2824 = B_SPLINE_CURVE_WITH_KNOTS ( 'NONE', 3,
 ( #4025, #4396, #5280, #2026, #575, #4910, #5402, #5840, #2571, #1584, #1096, #2479, #3526, #4364, #3046, #5807, #4941, #3499, #143, #2060, #4477, #2919 ),
 .UNSPECIFIED., .F., .F.,
 ( 4, 3, 3, 3, 3, 3, 3, 4 ),
 ( 4.848699518061080308E-19, 3.737017153941172692E-05, 6.632414775228340068E-05, 9.559872338567072943E-05, 0.0001205902993703293304, 0.0001452370098980945701, 0.0001812528771457868769, 0.0001900682076238131043 ),
 .UNSPECIFIED. ) ;
#2825 = EDGE_CURVE ( 'NONE', #1281, #2849, #2881, .T. ) ;
#2826 = CARTESIAN_POINT ( 'NONE',  ( 2.630610637707323729, -5.000000000000000000, 7.396106250776897539 ) ) ;
#2827 = EDGE_LOOP ( 'NONE', ( #5067, #811, #1087, #5189, #3216, #3305, #9, #677, #310, #1505, #1428, #2872, #2484, #5684, #4236, #1335, #4889, #2453, #5305, #5568, #617, #332, #5301, #2967, #5945, #3973, #3542, #1279, #3855, #3208, #624, #3568, #1574, #5158, #1043, #3265, #4044, #1024, #2087, #1208, #1633, #2764, #1017, #2154, #5224, #1106, #5152, #5778, #464, #1269, #554, #1034, #2745, #1333, #3491, #5145, #48, #2237, #1482, #3447, #3825, #642, #653, #3508, #5246, #3327, #946, #1065, #4128, #2894, #5705 ) ) ;
#2828 = CARTESIAN_POINT ( 'NONE',  ( 6.822217097514212902, -4.599999999999999645, 3.258811727360877875 ) ) ;
#2829 = ORIENTED_EDGE ( 'NONE', *, *, #3589, .F. ) ;
#2830 = EDGE_CURVE ( 'NONE', #2794, #3419, #2308, .T. ) ;
#2831 = AXIS2_PLACEMENT_3D ( 'NONE', #2326, #5230, #1911 ) ;
#2832 = DIRECTION ( 'NONE',  ( 0.3826834323650939451, -0.000000000000000000, 0.9238795325112849621 ) ) ;
#2833 = SURFACE_STYLE_FILL_AREA ( #2864 ) ;
#2834 = CARTESIAN_POINT ( 'NONE',  ( 2.687716936214316288, 17.50000000000000000, 1.059769709824532002 ) ) ;
#2835 = ORIENTED_EDGE ( 'NONE', *, *, #2515, .F. ) ;
#2836 = COLOUR_RGB ( '',0.6470588235294117974, 0.6196078431372549211, 0.5882352941176470784 ) ;
#2837 = VECTOR ( 'NONE', #2029, 1000.000000000000000 ) ;
#2838 = AXIS2_PLACEMENT_3D ( 'NONE', #4016, #714, #685 ) ;
#2839 = STYLED_ITEM ( 'NONE', ( #206 ), #4963 ) ;
#2840 =( NAMED_UNIT ( * ) PLANE_ANGLE_UNIT ( ) SI_UNIT ( $, .RADIAN. ) );
#2841 = DIRECTION ( 'NONE',  ( -0.000000000000000000, -1.000000000000000000, -0.000000000000000000 ) ) ;
#2842 = ORIENTED_EDGE ( 'NONE', *, *, #678, .F. ) ;
#2843 = FILL_AREA_STYLE_COLOUR ( '', #453 ) ;
#2844 = ORIENTED_EDGE ( 'NONE', *, *, #5277, .T. ) ;
#2845 = CARTESIAN_POINT ( 'NONE',  ( 0.9069260551005305926, 24.46038112602402492, -2.372161283647204577 ) ) ;
#2846 = COLOUR_RGB ( '',0.7764705882352941346, 0.7568627450980391913, 0.7372549019607843590 ) ;
#2847 = PLANE ( 'NONE',  #1107 ) ;
#2848 = LINE ( 'NONE', #5733, #941 ) ;
#2849 = VERTEX_POINT ( 'NONE', #6150 ) ;
#2850 = EDGE_CURVE ( 'NONE', #5196, #5181, #2784, .T. ) ;
#2851 = CARTESIAN_POINT ( 'NONE',  ( -2.671715408638789757, -4.809216244852374977, 7.381726567675267248 ) ) ;
#2852 = VECTOR ( 'NONE', #1150, 1000.000000000000000 ) ;
#2853 = VERTEX_POINT ( 'NONE', #4232 ) ;
#2854 = VECTOR ( 'NONE', #5112, 1000.000000000000000 ) ;
#2855 = LINE ( 'NONE', #3274, #2062 ) ;
#2856 =( NAMED_UNIT ( * ) SI_UNIT ( $, .STERADIAN. ) SOLID_ANGLE_UNIT ( ) );
#2857 = CARTESIAN_POINT ( 'NONE',  ( -0.04948915278161100662, 24.45632721815571387, -2.543201305175017968 ) ) ;
#2858 = SURFACE_STYLE_USAGE ( .BOTH. , #4858 ) ;
#2859 = DIRECTION ( 'NONE',  ( 0.3826834323650945002, 0.000000000000000000, 0.9238795325112847401 ) ) ;
#2860 = VERTEX_POINT ( 'NONE', #6118 ) ;
#2861 = CLOSED_SHELL ( 'NONE', ( #1122, #2487, #1693, #190, #4210, #4120, #3553 ) ) ;
#2862 = CARTESIAN_POINT ( 'NONE',  ( 0.000000000000000000, 17.50000000000000000, -2.499999999999992006 ) ) ;
#2863 = CARTESIAN_POINT ( 'NONE',  ( -6.928203230275510549, 0.000000000000000000, 1.771773223306245828E-15 ) ) ;
#2864 = FILL_AREA_STYLE ('',( #912 ) ) ;
#2865 = CARTESIAN_POINT ( 'NONE',  ( -3.464101615137749501, 2.500000000000000000, 6.000000000000006217 ) ) ;
#2866 = EDGE_LOOP ( 'NONE', ( #4529, #192, #6061, #3820 ) ) ;
#2867 = ORIENTED_EDGE ( 'NONE', *, *, #3160, .T. ) ;
#2868 = DIRECTION ( 'NONE',  ( 0.9238795325112845180, -0.000000000000000000, -0.3826834323650951664 ) ) ;
#2869 = CARTESIAN_POINT ( 'NONE',  ( 2.740117462260085901, 24.11089388095992447, -0.9158004477462106108 ) ) ;
#2870 =( NAMED_UNIT ( * ) SI_UNIT ( $, .STERADIAN. ) SOLID_ANGLE_UNIT ( ) );
#2871 = CARTESIAN_POINT ( 'NONE',  ( 0.4260709772379295823, 24.11089388096006658, 2.857515999855382294 ) ) ;
#2872 = ORIENTED_EDGE ( 'NONE', *, *, #3166, .T. ) ;
#2873 = CIRCLE ( 'NONE', #476, 0.09999999999999982514 ) ;
#2874 = SURFACE_STYLE_FILL_AREA ( #3827 ) ;
#2875 = COLOUR_RGB ( '',0.6470588235294117974, 0.6196078431372549211, 0.5882352941176470784 ) ;
#2876 = ORIENTED_EDGE ( 'NONE', *, *, #5730, .F. ) ;
#2877 = PRODUCT_DEFINITION_CONTEXT ( 'detailed design', #4326, 'design' ) ;
#2878 = CARTESIAN_POINT ( 'NONE',  ( -2.753315338942400992, 24.08011071800950731, 0.9721152521318829898 ) ) ;
#2879 = CARTESIAN_POINT ( 'NONE',  ( -2.742438035004597818, 24.10736372361326119, -0.9199898239962401858 ) ) ;
#2880 = CARTESIAN_POINT ( 'NONE',  ( 7.381726567675277018, -4.809216244852374977, 2.671715408638764444 ) ) ;
#2881 = LINE ( 'NONE', #960, #1539 ) ;
#2882 = ORIENTED_EDGE ( 'NONE', *, *, #520, .F. ) ;
#2883 = CARTESIAN_POINT ( 'NONE',  ( -0.3077523445054499707, 24.22653848302590873, 2.758234878768754506 ) ) ;
#2884 = ORIENTED_EDGE ( 'NONE', *, *, #4092, .F. ) ;
#2885 = ADVANCED_FACE ( 'NONE', ( #1832 ), #3771, .T. ) ;
#2886 = SURFACE_SIDE_STYLE ('',( #5677 ) ) ;
#2887 = B_SPLINE_CURVE_WITH_KNOTS ( 'NONE', 3,
 ( #898, #2883, #1371, #3395 ),
 .UNSPECIFIED., .F., .F.,
 ( 4, 4 ),
 ( 0.0001497654562690868844, 0.0007284286299740252426 ),
 .UNSPECIFIED. ) ;
#2888 = CARTESIAN_POINT ( 'NONE',  ( -2.900512267738252881, 24.09876993821350410, 0.06491376191112079030 ) ) ;
#2889 = SURFACE_STYLE_FILL_AREA ( #5250 ) ;
#2890 = CARTESIAN_POINT ( 'NONE',  ( 0.9248430368415005987, 24.45117771391961625, 2.375112713793991581 ) ) ;
#2891 = CARTESIAN_POINT ( 'NONE',  ( 0.4595097359963429273, 24.08748573298191076, -2.876037231697199381 ) ) ;
#2892 =( REPRESENTATION_RELATIONSHIP ('NONE','NONE', #3238, #3890 ) REPRESENTATION_RELATIONSHIP_WITH_TRANSFORMATION ( #306 )SHAPE_REPRESENTATION_RELATIONSHIP( ) );
#2893 = EDGE_CURVE ( 'NONE', #3194, #5911, #1987, .T. ) ;
#2894 = ORIENTED_EDGE ( 'NONE', *, *, #421, .T. ) ;
#2895 =( GEOMETRIC_REPRESENTATION_CONTEXT ( 3 ) GLOBAL_UNCERTAINTY_ASSIGNED_CONTEXT ( ( #1242 ) ) GLOBAL_UNIT_ASSIGNED_CONTEXT ( ( #1884, #2802, #4283 ) ) REPRESENTATION_CONTEXT ( 'NONE', 'WORKASPACE' ) );
#2896 = EDGE_LOOP ( 'NONE', ( #604, #89, #521, #1956 ) ) ;
#2897 = CARTESIAN_POINT ( 'NONE',  ( -6.822217097514164941, 0.000000000000000000, 3.258811727360975130 ) ) ;
#2898 = DIRECTION ( 'NONE',  ( -0.000000000000000000, -1.000000000000000000, -0.000000000000000000 ) ) ;
#2899 = LINE ( 'NONE', #4864, #249 ) ;
#2900 = EDGE_LOOP ( 'NONE', ( #2037 ) ) ;
#2901 = EDGE_CURVE ( 'NONE', #2766, #2766, #5928, .T. ) ;
#2902 = DIRECTION ( 'NONE',  ( 0.9238795325112870716, -0.000000000000000000, -0.3826834323650892822 ) ) ;
#2903 =( NAMED_UNIT ( * ) SI_UNIT ( $, .STERADIAN. ) SOLID_ANGLE_UNIT ( ) );
#2904 = CARTESIAN_POINT ( 'NONE',  ( 0.4260709772379948079, 24.11089388095970776, -2.857515999855734457 ) ) ;
#2905 = ORIENTED_EDGE ( 'NONE', *, *, #3642, .T. ) ;
#2906 =( NAMED_UNIT ( * ) SI_UNIT ( $, .STERADIAN. ) SOLID_ANGLE_UNIT ( ) );
#2907 = EDGE_CURVE ( 'NONE', #2281, #839, #3462, .T. ) ;
#2908 = ORIENTED_EDGE ( 'NONE', *, *, #707, .F. ) ;
#2909 = CARTESIAN_POINT ( 'NONE',  ( 2.750456113947659542, 24.07622500002002752, 0.9917263543109610113 ) ) ;
#2910 = COLOUR_RGB ( '',0.6470588235294117974, 0.6196078431372549211, 0.5882352941176470784 ) ;
#2911 = CARTESIAN_POINT ( 'NONE',  ( -1.377703785067108999, 24.11089388096017672, -2.539461842140004144 ) ) ;
#2912 = CARTESIAN_POINT ( 'NONE',  ( -7.128363843406259726, -5.000000000000000000, -2.519708101351894936 ) ) ;
#2913 = VERTEX_POINT ( 'NONE', #568 ) ;
#2914 = PRODUCT_DEFINITION_SHAPE ( 'NONE', 'NONE',  #6161 ) ;
#2915 = CARTESIAN_POINT ( 'NONE',  ( 2.495968456153821347, 24.45629017994059495, 0.4905890405687350353 ) ) ;
#2916 = ORIENTED_EDGE ( 'NONE', *, *, #4136, .F. ) ;
#2917 = CARTESIAN_POINT ( 'NONE',  ( 0.000000000000000000, 15.50000000000001066, 0.000000000000000000 ) ) ;
#2918 = CARTESIAN_POINT ( 'NONE',  ( 0.3077523445057841478, 24.22653848302588742, -2.758234878768736742 ) ) ;
#2919 = CARTESIAN_POINT ( 'NONE',  ( 1.377703785067676989, 24.11089388095963315, -2.539461842140313674 ) ) ;
#2920 = CARTESIAN_POINT ( 'NONE',  ( -1.085128351563962257, 24.33873950506894701, 2.432973093067573256 ) ) ;
#2921 = ORIENTED_EDGE ( 'NONE', *, *, #495, .T. ) ;
#2922 = ORIENTED_EDGE ( 'NONE', *, *, #2697, .T. ) ;
#2923 = MANIFOLD_SOLID_BREP ( 'Скругление9', #2358 ) ;
#2924 = ORIENTED_EDGE ( 'NONE', *, *, #5659, .F. ) ;
#2925 = AXIS2_PLACEMENT_3D ( 'NONE', #493, #2806, #4314 ) ;
#2926 = AXIS2_PLACEMENT_3D ( 'NONE', #5621, #1280, #5091 ) ;
#2927 = DIRECTION ( 'NONE',  ( 1.000000000000000000, 0.000000000000000000, -1.926410236326968208E-15 ) ) ;
#2928 = CARTESIAN_POINT ( 'NONE',  ( 7.089959504884879138, -4.599999999999999645, 3.369714263716227620 ) ) ;
#2929 = DIRECTION ( 'NONE',  ( -8.673617379884035472E-15, 0.000000000000000000, 1.000000000000000000 ) ) ;
#2930 = EDGE_CURVE ( 'NONE', #389, #4636, #1203, .T. ) ;
#2931 = CARTESIAN_POINT ( 'NONE',  ( -2.526298143498956872, 24.44525494324460269, 0.3801841595461695200 ) ) ;
#2932 = CARTESIAN_POINT ( 'NONE',  ( 7.089959504884808084, -4.599999999999999645, -3.369714263716374614 ) ) ;
#2933 = EDGE_CURVE ( 'NONE', #5909, #1391, #1659, .T. ) ;
#2934 = EDGE_LOOP ( 'NONE', ( #824, #948, #5455, #397 ) ) ;
#2935 = AXIS2_PLACEMENT_3D ( 'NONE', #3215, #5910, #338 ) ;
#2936 = FACE_BOUND ( 'NONE', #1625, .T. ) ;
#2937 = CARTESIAN_POINT ( 'NONE',  ( -2.888090359767948367, 17.50000000000000000, 0.07660444431204709026 ) ) ;
#2938 = ORIENTED_EDGE ( 'NONE', *, *, #763, .F. ) ;
#2939 = DIRECTION ( 'NONE',  ( 0.000000000000000000, 1.000000000000000000, -0.000000000000000000 ) ) ;
#2940 = ORIENTED_EDGE ( 'NONE', *, *, #724, .T. ) ;
#2941 = AXIS2_PLACEMENT_3D ( 'NONE', #1181, #3579, #1238 ) ;
#2942 = COLOUR_RGB ( '',0.6470588235294117974, 0.6196078431372549211, 0.5882352941176470784 ) ;
#2943 = FACE_OUTER_BOUND ( 'NONE', #1200, .T. ) ;
#2944 = CARTESIAN_POINT ( 'NONE',  ( -1.232564497704027096, 24.22653848144826583, -2.486635461717233930 ) ) ;
#2945 = CARTESIAN_POINT ( 'NONE',  ( 7.128363843406225087, -5.000000000000000000, -2.519708101351994411 ) ) ;
#2946 = SURFACE_STYLE_USAGE ( .BOTH. , #2980 ) ;
#2947 = MANIFOLD_SOLID_BREP ( 'Скругление11', #6040 ) ;
#2948 = ORIENTED_EDGE ( 'NONE', *, *, #517, .F. ) ;
#2949 = CARTESIAN_POINT ( 'NONE',  ( -2.630610637707220700, -4.705661585819406412, 7.396106250776937507 ) ) ;
#2950 = PRESENTATION_LAYER_ASSIGNMENT (  '', '', ( #4248 ) ) ;
#2951 = EDGE_CURVE ( 'NONE', #5509, #5509, #2790, .T. ) ;
#2952 = UNCERTAINTY_MEASURE_WITH_UNIT (LENGTH_MEASURE( 1.000000000000000082E-05 ), #762, 'distance_accuracy_value', 'NONE');
#2953 = ORIENTED_EDGE ( 'NONE', *, *, #495, .F. ) ;
#2954 = LINE ( 'NONE', #1121, #1661 ) ;
#2955 = CARTESIAN_POINT ( 'NONE',  ( 2.503974364086288595, 24.44525494324852488, -0.5067886038524658243 ) ) ;
#2956 = FACE_OUTER_BOUND ( 'NONE', #1794, .T. ) ;
#2957 = SURFACE_SIDE_STYLE ('',( #3500 ) ) ;
#2958 = VERTEX_POINT ( 'NONE', #1486 ) ;
#2959 = VECTOR ( 'NONE', #2018, 1000.000000000000000 ) ;
#2960 = ORIENTED_EDGE ( 'NONE', *, *, #1852, .F. ) ;
#2961 = ORIENTED_EDGE ( 'NONE', *, *, #1199, .T. ) ;
#2962 = FACE_OUTER_BOUND ( 'NONE', #2900, .T. ) ;
#2963 = DIRECTION ( 'NONE',  ( 1.000000000000000000, 0.000000000000000000, 0.000000000000000000 ) ) ;
#2964 = LINE ( 'NONE', #204, #5146 ) ;
#2965 = CARTESIAN_POINT ( 'NONE',  ( 2.519708101351919805, 0.000000000000000000, -7.128363843406251732 ) ) ;
#2966 = DIRECTION ( 'NONE',  ( -0.8660254037844388186, 0.000000000000000000, -0.4999999999999996669 ) ) ;
#2967 = ORIENTED_EDGE ( 'NONE', *, *, #5206, .T. ) ;
#2968 = AXIS2_PLACEMENT_3D ( 'NONE', #3078, #3888, #4339 ) ;
#2969 = ADVANCED_FACE ( 'NONE', ( #109, #3426 ), #4812, .T. ) ;
#2970 = CARTESIAN_POINT ( 'NONE',  ( -7.089959504884829400, -4.599999999999999645, 3.369714263716327984 ) ) ;
#2971 = B_SPLINE_CURVE_WITH_KNOTS ( 'NONE', 3,
 ( #4510, #4887, #207, #238, #5467, #2127, #608, #3501, #5374, #1098, #4062, #1648, #3114, #3016, #3998, #5007, #725, #4913, #5876, #1125, #2635, #1251 ),
 .UNSPECIFIED., .F., .F.,
 ( 4, 3, 3, 3, 3, 3, 3, 4 ),
 ( 1.951563910473907981E-18, 3.737017153941282467E-05, 6.632414775228781881E-05, 9.559872338567951147E-05, 0.0001205902993703378956, 0.0001452370098981025390, 0.0001812528771457940597, 0.0001900682076298110192 ),
 .UNSPECIFIED. ) ;
#2972 = CARTESIAN_POINT ( 'NONE',  ( -2.769771727036106412, 24.22653848302606505, 0.1758855653987360379 ) ) ;
#2973 = ORIENTED_EDGE ( 'NONE', *, *, #5134, .F. ) ;
#2974 = DIRECTION ( 'NONE',  ( -0.8660254037844368202, 0.000000000000000000, -0.5000000000000031086 ) ) ;
#2975 = EDGE_LOOP ( 'NONE', ( #2710, #5212, #5428, #5737 ) ) ;
#2976 = EDGE_CURVE ( 'NONE', #3388, #1355, #4388, .T. ) ;
#2977 = CARTESIAN_POINT ( 'NONE',  ( -2.689953670963663335, 24.10911168744642552, 1.058955604953923491 ) ) ;
#2978 = CARTESIAN_POINT ( 'NONE',  ( -1.085128351560154636, 24.33873950507206629, -2.432973093065942560 ) ) ;
#2979 = DIRECTION ( 'NONE',  ( 0.000000000000000000, 0.000000000000000000, -1.000000000000000000 ) ) ;
#2980 = SURFACE_SIDE_STYLE ('',( #2442 ) ) ;
#2981 = MANIFOLD_SOLID_BREP ( 'Скругление8', #3673 ) ;
#2982 = VERTEX_POINT ( 'NONE', #3792 ) ;
#2983 = DIRECTION ( 'NONE',  ( -0.1736481776669284716, -0.000000000000000000, -0.9848077530122084644 ) ) ;
#2984 = VECTOR ( 'NONE', #4618, 1000.000000000000000 ) ;
#2985 = LINE ( 'NONE', #1582, #5161 ) ;
#2986 = FACE_OUTER_BOUND ( 'NONE', #339, .T. ) ;
#2987 = DIRECTION ( 'NONE',  ( 0.000000000000000000, 1.000000000000000000, 0.000000000000000000 ) ) ;
#2988 = CARTESIAN_POINT ( 'NONE',  ( -0.4990481106519427668, 24.07622500002022647, 2.880881979505676593 ) ) ;
#2989 = DIRECTION ( 'NONE',  ( 0.000000000000000000, 1.000000000000000000, 0.000000000000000000 ) ) ;
#2990 = EDGE_CURVE ( 'NONE', #1317, #5761, #5233, .T. ) ;
#2991 = ORIENTED_EDGE ( 'NONE', *, *, #4268, .T. ) ;
#2992 = SURFACE_SIDE_STYLE ('',( #2456 ) ) ;
#2993 = CARTESIAN_POINT ( 'NONE',  ( 1.411905799399786332, 17.50000000000000000, -2.445492580061556787 ) ) ;
#2994 = PRODUCT_CONTEXT ( 'NONE', #999, 'mechanical' ) ;
#2995 = LINE ( 'NONE', #981, #4150 ) ;
#2996 = CYLINDRICAL_SURFACE ( 'NONE', #4144, 4.250000000000000000 ) ;
#2997 = EDGE_LOOP ( 'NONE', ( #4286, #1412, #1805, #5450 ) ) ;
#2998 = CARTESIAN_POINT ( 'NONE',  ( 2.490272939536034791, 24.46823170470865705, -0.4565651521045743233 ) ) ;
#2999 = CARTESIAN_POINT ( 'NONE',  ( 2.258523983688041969, 24.08265420111447597, -1.846633812571053745 ) ) ;
#3000 = CARTESIAN_POINT ( 'NONE',  ( -2.649580679118330284, 24.33873950678328413, 0.2767378293773530284 ) ) ;
#3001 = EDGE_LOOP ( 'NONE', ( #1944, #5534, #5542, #2829 ) ) ;
#3002 = CARTESIAN_POINT ( 'NONE',  ( 1.377703785067212472, 17.50000000000000000, -2.539461842140144920 ) ) ;
#3003 = ORIENTED_EDGE ( 'NONE', *, *, #5586, .T. ) ;
#3004 = EDGE_CURVE ( 'NONE', #5979, #494, #4773, .T. ) ;
#3005 = CARTESIAN_POINT ( 'NONE',  ( 2.740117462260440728, 24.11089388095953723, 0.9158004477463697057 ) ) ;
#3006 = FILL_AREA_STYLE ('',( #5732 ) ) ;
#3007 = CARTESIAN_POINT ( 'NONE',  ( 2.256901602211702773, 24.08122916413014281, 1.850858985324881578 ) ) ;
#3008 = DIRECTION ( 'NONE',  ( 0.000000000000000000, -0.000000000000000000, 1.000000000000000000 ) ) ;
#3009 = EDGE_CURVE ( 'NONE', #5053, #2982, #885, .T. ) ;
#3010 = ORIENTED_EDGE ( 'NONE', *, *, #2637, .T. ) ;
#3011 = PLANE ( 'NONE',  #1022 ) ;
#3012 = UNCERTAINTY_MEASURE_WITH_UNIT (LENGTH_MEASURE( 1.000000000000000082E-05 ), #704, 'distance_accuracy_value', 'NONE');
#3013 = EDGE_CURVE ( 'NONE', #771, #5825, #4376, .T. ) ;
#3014 = CARTESIAN_POINT ( 'NONE',  ( 0.9999999999999997780, 9.500000000000001776, -7.786045209218862340 ) ) ;
#3015 = DIRECTION ( 'NONE',  ( 0.000000000000000000, 0.000000000000000000, -1.000000000000000000 ) ) ;
#3016 = CARTESIAN_POINT ( 'NONE',  ( -2.214647128877682114, 24.08122916413041281, 1.901215905723453448 ) ) ;
#3017 = VECTOR ( 'NONE', #4996, 1000.000000000000114 ) ;
#3018 = MANIFOLD_SOLID_BREP ( 'Скругление7', #4263 ) ;
#3019 = EDGE_CURVE ( 'NONE', #5980, #2696, #555, .T. ) ;
#3020 = EDGE_CURVE ( 'NONE', #2174, #2719, #2465, .T. ) ;
#3021 = PRESENTATION_STYLE_ASSIGNMENT (( #4029 ) ) ;
#3022 = CARTESIAN_POINT ( 'NONE',  ( -2.889259914356436365, -4.599999999999999645, -6.975290470460216774 ) ) ;
#3023 = DIRECTION ( 'NONE',  ( 1.000000000000000000, 0.000000000000000000, 0.000000000000000000 ) ) ;
#3024 = CARTESIAN_POINT ( 'NONE',  ( -5.476761955426456546E-15, -4.599999999999999645, 1.322207299067996986E-14 ) ) ;
#3025 = CARTESIAN_POINT ( 'NONE',  ( -2.190823421741333377, 24.46985301392177448, 1.265706211582590779 ) ) ;
#3026 = ORIENTED_EDGE ( 'NONE', *, *, #3141, .F. ) ;
#3027 = B_SPLINE_CURVE_WITH_KNOTS ( 'NONE', 3,
 ( #3994, #2088, #1093, #1118, #1184, #4443, #2056, #1066, #1152, #3106, #602, #717, #4018, #5897, #1607, #3073, #2506, #1522, #3964 ),
 .UNSPECIFIED., .F., .F.,
 ( 4, 3, 3, 3, 3, 3, 4 ),
 ( 2.168404344971008868E-19, 3.145909546063701970E-05, 5.768159792252151142E-05, 8.411505865618323983E-05, 0.0001075980665475228588, 0.0001382024233624987337, 0.0001492729888286322467 ),
 .UNSPECIFIED. ) ;
#3028 = CARTESIAN_POINT ( 'NONE',  ( 7.170238016404968384, -4.956669073102030865, -3.196191035088753907 ) ) ;
#3029 = ORIENTED_EDGE ( 'NONE', *, *, #12, .F. ) ;
#3030 = VECTOR ( 'NONE', #3044, 1000.000000000000000 ) ;
#3031 = CARTESIAN_POINT ( 'NONE',  ( 2.526298143499311699, 24.44525494324425452, -0.3801841595461694645 ) ) ;
#3032 = CYLINDRICAL_SURFACE ( 'NONE', #2675, 0.1000000000000000472 ) ;
#3033 = CARTESIAN_POINT ( 'NONE',  ( 6.975290470460246084, -5.000000000000000000, 2.889259914356361758 ) ) ;
#3034 = ORIENTED_EDGE ( 'NONE', *, *, #5164, .T. ) ;
#3035 = CARTESIAN_POINT ( 'NONE',  ( 0.9338999314666593943, 17.50000000000000000, 2.377930449576678651 ) ) ;
#3036 = EDGE_LOOP ( 'NONE', ( #2769, #1467, #4850, #1444 ) ) ;
#3037 = CARTESIAN_POINT ( 'NONE',  ( 0.4428034324627653784, 24.09647142437286504, 2.869580789634968987 ) ) ;
#3038 = VECTOR ( 'NONE', #6036, 1000.000000000000000 ) ;
#3039 = DIRECTION ( 'NONE',  ( 0.3826834323650839531, -0.000000000000000000, -0.9238795325112892920 ) ) ;
#3040 = CARTESIAN_POINT ( 'NONE',  ( 0.000000000000000000, 0.000000000000000000, 0.000000000000000000 ) ) ;
#3041 = DIRECTION ( 'NONE',  ( 0.000000000000000000, 0.000000000000000000, -1.000000000000000000 ) ) ;
#3042 = PRESENTATION_LAYER_ASSIGNMENT (  '', '', ( #3854 ) ) ;
#3043 = AXIS2_PLACEMENT_3D ( 'NONE', #2295, #3551, #5141 ) ;
#3044 = DIRECTION ( 'NONE',  ( -0.000000000000000000, 1.000000000000000000, -0.000000000000000000 ) ) ;
#3045 = FACE_OUTER_BOUND ( 'NONE', #1037, .T. ) ;
#3046 = CARTESIAN_POINT ( 'NONE',  ( 1.422974853017119790, 24.08406744546862299, -2.545162093343584786 ) ) ;
#3047 = ADVANCED_FACE ( 'NONE', ( #5262 ), #5788, .F. ) ;
#3048 = STYLED_ITEM ( 'NONE', ( #4026 ), #4994 ) ;
#3049 = APPLICATION_CONTEXT ( 'automotive_design' ) ;
#3050 = CARTESIAN_POINT ( 'NONE',  ( -1.484298276293349206, 24.08011071800943270, 2.514480472399017064 ) ) ;
#3051 = ADVANCED_FACE ( 'NONE', ( #1140 ), #3538, .T. ) ;
#3052 = FACE_OUTER_BOUND ( 'NONE', #1273, .T. ) ;
#3053 = CYLINDRICAL_SURFACE ( 'NONE', #4267, 0.1000000000000000472 ) ;
#3054 = VECTOR ( 'NONE', #5734, 1000.000000000000000 ) ;
#3055 = FACE_OUTER_BOUND ( 'NONE', #4700, .T. ) ;
#3056 = DIRECTION ( 'NONE',  ( -0.9238795325112865164, 0.000000000000000000, -0.3826834323650903924 ) ) ;
#3057 = EDGE_LOOP ( 'NONE', ( #6035, #5255, #1288, #919 ) ) ;
#3058 = CARTESIAN_POINT ( 'NONE',  ( 1.690878987334112349, 17.50000000000000000, -2.015111107797552314 ) ) ;
#3059 = CIRCLE ( 'NONE', #3768, 0.4000000000000000777 ) ;
#3060 = ORIENTED_EDGE ( 'NONE', *, *, #4143, .T. ) ;
#3061 = STYLED_ITEM ( 'NONE', ( #3309 ), #2525 ) ;
#3062 = DIRECTION ( 'NONE',  ( -0.000000000000000000, 1.000000000000000000, 0.000000000000000000 ) ) ;
#3063 = CARTESIAN_POINT ( 'NONE',  ( 2.179634321644848161, 24.44525494324427584, 1.332635182233147919 ) ) ;
#3064 = CARTESIAN_POINT ( 'NONE',  ( -1.690878987330724170, 24.44525494324655313, 1.915111107797552448 ) ) ;
#3065 = ORIENTED_EDGE ( 'NONE', *, *, #5661, .F. ) ;
#3066 = EDGE_LOOP ( 'NONE', ( #2789, #3192, #6058, #1710 ) ) ;
#3067 = CIRCLE ( 'NONE', #2055, 3.000000000000001332 ) ;
#3068 = CYLINDRICAL_SURFACE ( 'NONE', #172, 7.850000000000003197 ) ;
#3069 = CYLINDRICAL_SURFACE ( 'NONE', #1773, 0.4000000000000000777 ) ;
#3070 = CARTESIAN_POINT ( 'NONE',  ( 2.226351723930828808, 24.07755045136801186, 1.893185396111393359 ) ) ;
#3071 = MANIFOLD_SOLID_BREP ( 'Скругление6', #5049 ) ;
#3072 = ORIENTED_EDGE ( 'NONE', *, *, #5691, .F. ) ;
#3073 = CARTESIAN_POINT ( 'NONE',  ( -2.235163893165152960, 24.45117771391982942, -1.224964251196647202 ) ) ;
#3074 = UNCERTAINTY_MEASURE_WITH_UNIT (LENGTH_MEASURE( 1.000000000000000082E-05 ), #5875, 'distance_accuracy_value', 'NONE');
#3075 = CARTESIAN_POINT ( 'NONE',  ( -2.653514921881395594, 17.50000000000000000, -0.9658004477459417592 ) ) ;
#3076 = CARTESIAN_POINT ( 'NONE',  ( 2.891703835918118415, 24.10736372361292013, -0.07346140098670900231 ) ) ;
#3077 = CYLINDRICAL_SURFACE ( 'NONE', #3423, 4.599999999999999645 ) ;
#3078 = CARTESIAN_POINT ( 'NONE',  ( 2.653514921881749533, 17.50000000000000000, 0.9658004477459414261 ) ) ;
#3079 = CARTESIAN_POINT ( 'NONE',  ( -0.9338999314659715001, 24.50000000000000000, 2.377930449576800331 ) ) ;
#3080 = DIRECTION ( 'NONE',  ( 1.000000000000000000, 0.000000000000000000, 0.000000000000000000 ) ) ;
#3081 = PRESENTATION_LAYER_ASSIGNMENT (  '', '', ( #6156 ) ) ;
#3082 = EDGE_CURVE ( 'NONE', #4895, #991, #3658, .T. ) ;
#3083 = MECHANICAL_DESIGN_GEOMETRIC_PRESENTATION_REPRESENTATION (  '', ( #4874 ), #2775 ) ;
#3084 = DIRECTION ( 'NONE',  ( -0.000000000000000000, -1.000000000000000000, -0.000000000000000000 ) ) ;
#3085 = MECHANICAL_DESIGN_GEOMETRIC_PRESENTATION_REPRESENTATION (  '', ( #4969 ), #6159 ) ;
#3086 = CARTESIAN_POINT ( 'NONE',  ( 1.508876337706290149, 24.10565824199051477, 2.469920324558628089 ) ) ;
#3087 = SHAPE_DEFINITION_REPRESENTATION ( #950, #3238 ) ;
#3088 = LINE ( 'NONE', #1681, #4765 ) ;
#3089 = ORIENTED_EDGE ( 'NONE', *, *, #6125, .T. ) ;
#3090 = ADVANCED_FACE ( 'NONE', ( #1568 ), #5415, .F. ) ;
#3091 = CARTESIAN_POINT ( 'NONE',  ( 0.8130953767556489131, 24.44525494324437176, 2.421899711655269627 ) ) ;
#3092 = VERTEX_POINT ( 'NONE', #4130 ) ;
#3093 = DIRECTION ( 'NONE',  ( 0.3420201433256669366, 0.000000000000000000, -0.9396926207859090940 ) ) ;
#3094 = CARTESIAN_POINT ( 'NONE',  ( -0.7326284156256399616, 24.33873950571529221, 2.561272576662044553 ) ) ;
#3095 = EDGE_CURVE ( 'NONE', #5130, #1815, #2690, .T. ) ;
#3096 = CARTESIAN_POINT ( 'NONE',  ( 2.201201675404685254, 24.46796627992228679, -1.251361635901528713 ) ) ;
#3097 = ORIENTED_EDGE ( 'NONE', *, *, #5818, .F. ) ;
#3098 = ORIENTED_EDGE ( 'NONE', *, *, #4774, .F. ) ;
#3099 = PRESENTATION_LAYER_ASSIGNMENT (  '', '', ( #5176 ) ) ;
#3100 = SURFACE_STYLE_USAGE ( .BOTH. , #1179 ) ;
#3101 = ADVANCED_FACE ( 'NONE', ( #5101 ), #2650, .F. ) ;
#3102 = LINE ( 'NONE', #5924, #5520 ) ;
#3103 = CARTESIAN_POINT ( 'NONE',  ( -0.8550503583138250319, 17.50000000000000000, 2.349231551964823694 ) ) ;
#3104 = VECTOR ( 'NONE', #3787, 1000.000000000000114 ) ;
#3105 = EDGE_LOOP ( 'NONE', ( #5647, #2219, #2778, #4579 ) ) ;
#3106 = CARTESIAN_POINT ( 'NONE',  ( -2.196611257150824503, 24.46899646116494864, -1.257329669797778049 ) ) ;
#3107 = B_SPLINE_CURVE_WITH_KNOTS ( 'NONE', 3,
 ( #1303, #385, #4750, #2845, #2251, #2813, #472, #1366, #3299, #2305, #2372, #5177, #1396, #893, #3831, #5644, #4655, #4230, #3267 ),
 .UNSPECIFIED., .F., .F.,
 ( 4, 3, 3, 3, 3, 3, 4 ),
 ( 2.168404344971008868E-19, 3.145909546064179019E-05, 5.768159792252981234E-05, 8.411505865619344489E-05, 0.0001075980665475344868, 0.0001382024233625083560, 0.0001492729888286426008 ),
 .UNSPECIFIED. ) ;
#3108 = DIRECTION ( 'NONE',  ( 0.7660444431189766812, 0.000000000000000000, -0.6427876096865408062 ) ) ;
#3109 = CARTESIAN_POINT ( 'NONE',  ( 2.922647711875796972, 24.07731203357793603, -0.01724218057663225515 ) ) ;
#3110 = CARTESIAN_POINT ( 'NONE',  ( -2.752287661078227199, 24.07731203357828065, -0.9834020394520245345 ) ) ;
#3111 = CARTESIAN_POINT ( 'NONE',  ( -1.690878987334029970, 17.50000000000000000, -2.015111107797324053 ) ) ;
#3112 =( LENGTH_UNIT ( ) NAMED_UNIT ( * ) SI_UNIT ( .MILLI., .METRE. ) );
#3113 =( NAMED_UNIT ( * ) SI_UNIT ( $, .STERADIAN. ) SOLID_ANGLE_UNIT ( ) );
#3114 = CARTESIAN_POINT ( 'NONE',  ( -2.221184647294595749, 24.07928144543848248, 1.896558893781763233 ) ) ;
#3115 = ORIENTED_EDGE ( 'NONE', *, *, #337, .F. ) ;
#3116 = CARTESIAN_POINT ( 'NONE',  ( 2.165063509461177205, 17.50000000000000000, -1.250000000000149436 ) ) ;
#3117 = SURFACE_STYLE_FILL_AREA ( #5531 ) ;
#3118 = DIRECTION ( 'NONE',  ( 0.000000000000000000, 0.000000000000000000, 1.000000000000000000 ) ) ;
#3119 = LINE ( 'NONE', #1135, #2574 ) ;
#3120 = CARTESIAN_POINT ( 'NONE',  ( -2.493608880277871087, 24.46038112602420966, -0.4812263264342175884 ) ) ;
#3121 = VERTEX_POINT ( 'NONE', #3691 ) ;
#3122 = ADVANCED_FACE ( 'NONE', ( #1289 ), #1714, .T. ) ;
#3123 = DIRECTION ( 'NONE',  ( 0.000000000000000000, -1.000000000000000000, 0.000000000000000000 ) ) ;
#3124 = CARTESIAN_POINT ( 'NONE',  ( -2.008388262779008393, 24.22678025990357042, -1.915111107797323076 ) ) ;
#3125 =( NAMED_UNIT ( * ) SI_UNIT ( $, .STERADIAN. ) SOLID_ANGLE_UNIT ( ) );
#3126 = SURFACE_STYLE_FILL_AREA ( #2653 ) ;
#3127 = ADVANCED_FACE ( 'NONE', ( #4638 ), #4187, .T. ) ;
#3128 = CARTESIAN_POINT ( 'NONE',  ( 2.178432106846920568, 24.45117771391952388, -1.323226587504579221 ) ) ;
#3129 = CIRCLE ( 'NONE', #431, 0.4000000000000003553 ) ;
#3130 = ORIENTED_EDGE ( 'NONE', *, *, #5100, .F. ) ;
#3131 = VECTOR ( 'NONE', #261, 1000.000000000000000 ) ;
#3132 =( LENGTH_UNIT ( ) NAMED_UNIT ( * ) SI_UNIT ( .MILLI., .METRE. ) );
#3133 = SURFACE_SIDE_STYLE ('',( #2185 ) ) ;
#3134 = DIRECTION ( 'NONE',  ( 0.000000000000000000, 1.000000000000000000, 0.000000000000000000 ) ) ;
#3135 = UNCERTAINTY_MEASURE_WITH_UNIT (LENGTH_MEASURE( 1.000000000000000082E-05 ), #1813, 'distance_accuracy_value', 'NONE');
#3136 = CARTESIAN_POINT ( 'NONE',  ( -2.503974364089228466, 24.44525494324460269, -0.5067886038577151808 ) ) ;
#3137 = CARTESIAN_POINT ( 'NONE',  ( 2.895728930948986868, 24.10342794339671002, 0.07019492205131552809 ) ) ;
#3138 = CARTESIAN_POINT ( 'NONE',  ( 1.596827397421534123, 24.45632721815470489, -1.980016241785923947 ) ) ;
#3139 = DIRECTION ( 'NONE',  ( 0.000000000000000000, 1.000000000000000000, 0.000000000000000000 ) ) ;
#3140 = CARTESIAN_POINT ( 'NONE',  ( 0.8130953767556490241, 24.50000000000000000, 2.421899711655269183 ) ) ;
#3141 = EDGE_CURVE ( 'NONE', #65, #579, #301, .T. ) ;
#3142 = CARTESIAN_POINT ( 'NONE',  ( 0.000000000000000000, -4.124784991210248739E-16, 0.000000000000000000 ) ) ;
#3143 = MECHANICAL_DESIGN_GEOMETRIC_PRESENTATION_REPRESENTATION (  '', ( #2732 ), #1816 ) ;
#3144 = AXIS2_PLACEMENT_3D ( 'NONE', #2805, #888, #4650 ) ;
#3145 = CARTESIAN_POINT ( 'NONE',  ( -2.503974364085935989, 24.44525494324886949, 0.5067886038524687109 ) ) ;
#3146 = CARTESIAN_POINT ( 'NONE',  ( -2.496443857302301783, 24.46796627992261719, 0.4230399826806974239 ) ) ;
#3147 = MECHANICAL_DESIGN_GEOMETRIC_PRESENTATION_REPRESENTATION (  '', ( #5822 ), #2135 ) ;
#3148 = LINE ( 'NONE', #3533, #5853 ) ;
#3149 = CARTESIAN_POINT ( 'NONE',  ( 0.5769522785847898128, 24.11089388095967223, 2.830911555543920155 ) ) ;
#3150 = VERTEX_POINT ( 'NONE', #341 ) ;
#3151 = AXIS2_PLACEMENT_3D ( 'NONE', #175, #329, #3173 ) ;
#3152 = CARTESIAN_POINT ( 'NONE',  ( 2.227221513610375681, 24.45632721815555755, 1.228741789066710943 ) ) ;
#3153 =( NAMED_UNIT ( * ) PLANE_ANGLE_UNIT ( ) SI_UNIT ( $, .RADIAN. ) );
#3154 = CARTESIAN_POINT ( 'NONE',  ( -0.8130953767581969860, 24.44525494324875936, 2.421899711649786013 ) ) ;
#3155 = LINE ( 'NONE', #3221, #1828 ) ;
#3156 = CIRCLE ( 'NONE', #3663, 0.1000000000000000472 ) ;
#3157 = EDGE_LOOP ( 'NONE', ( #489, #4351, #4334, #3835 ) ) ;
#3158 =( GEOMETRIC_REPRESENTATION_CONTEXT ( 3 ) GLOBAL_UNCERTAINTY_ASSIGNED_CONTEXT ( ( #1551 ) ) GLOBAL_UNIT_ASSIGNED_CONTEXT ( ( #1760, #387, #780 ) ) REPRESENTATION_CONTEXT ( 'NONE', 'WORKASPACE' ) );
#3159 = ORIENTED_EDGE ( 'NONE', *, *, #4129, .F. ) ;
#3160 = EDGE_CURVE ( 'NONE', #1229, #1229, #4783, .T. ) ;
#3161 = CARTESIAN_POINT ( 'NONE',  ( 0.000000000000000000, 0.000000000000000000, 0.000000000000000000 ) ) ;
#3162 = PRESENTATION_STYLE_ASSIGNMENT (( #3100 ) ) ;
#3163 = DIRECTION ( 'NONE',  ( -0.3826834323651012171, 0.000000000000000000, -0.9238795325112820755 ) ) ;
#3164 =( LENGTH_UNIT ( ) NAMED_UNIT ( * ) SI_UNIT ( .MILLI., .METRE. ) );
#3165 = DIRECTION ( 'NONE',  ( -0.000000000000000000, 1.000000000000000000, 0.000000000000000000 ) ) ;
#3166 = EDGE_CURVE ( 'NONE', #740, #1481, #3213, .T. ) ;
#3167 = CLOSED_SHELL ( 'NONE', ( #3907, #5869, #4799, #3802 ) ) ;
#3168 = CARTESIAN_POINT ( 'NONE',  ( 2.918596154084469152, 24.08122916413010373, -0.03286814547831246741 ) ) ;
#3169 = B_SPLINE_CURVE_WITH_KNOTS ( 'NONE', 3,
 ( #4086, #1734, #5963, #5555 ),
 .UNSPECIFIED., .F., .F.,
 ( 4, 4 ),
 ( 0.0001003651230099004754, 0.0006790282963583945623 ),
 .UNSPECIFIED. ) ;
#3170 = AXIS2_PLACEMENT_3D ( 'NONE', #1142, #5228, #1972 ) ;
#3171 = CARTESIAN_POINT ( 'NONE',  ( 1.647897643075967533, 24.46645550312298667, -1.924409759805761899 ) ) ;
#3172 = CARTESIAN_POINT ( 'NONE',  ( -1.377703785067121656, 17.50000000000000000, -2.539461842140009029 ) ) ;
#3173 = DIRECTION ( 'NONE',  ( 0.000000000000000000, 0.000000000000000000, 1.000000000000000000 ) ) ;
#3174 = EDGE_LOOP ( 'NONE', ( #3853, #5046, #382, #4826 ) ) ;
#3175 = DIRECTION ( 'NONE',  ( -0.9238795325112829637, 0.000000000000000000, 0.3826834323650989411 ) ) ;
#3176 = EDGE_CURVE ( 'NONE', #443, #5683, #2082, .T. ) ;
#3177 = VERTEX_POINT ( 'NONE', #3188 ) ;
#3178 = FACE_OUTER_BOUND ( 'NONE', #4962, .T. ) ;
#3179 =( LENGTH_UNIT ( ) NAMED_UNIT ( * ) SI_UNIT ( .MILLI., .METRE. ) );
#3180 = CONTEXT_DEPENDENT_SHAPE_REPRESENTATION ( #4918, #3884 ) ;
#3181 = VECTOR ( 'NONE', #2791, 1000.000000000000000 ) ;
#3182 = EDGE_CURVE ( 'NONE', #1347, #870, #375, .T. ) ;
#3183 = MECHANICAL_DESIGN_GEOMETRIC_PRESENTATION_REPRESENTATION (  '', ( #1657 ), #5752 ) ;
#3184 =( NAMED_UNIT ( * ) PLANE_ANGLE_UNIT ( ) SI_UNIT ( $, .RADIAN. ) );
#3185 = EDGE_LOOP ( 'NONE', ( #977, #5107, #1044, #1293 ) ) ;
#3186 = CARTESIAN_POINT ( 'NONE',  ( 0.9338999314663214424, 24.44525494324441439, -2.377930449576747041 ) ) ;
#3187 = ORIENTED_EDGE ( 'NONE', *, *, #4129, .T. ) ;
#3188 = CARTESIAN_POINT ( 'NONE',  ( 6.822217097514144513, -4.599999999999999645, -3.258811727361020427 ) ) ;
#3189 = CARTESIAN_POINT ( 'NONE',  ( 0.000000000000000000, 17.50000000000000000, 3.000000000000001332 ) ) ;
#3190 = CYLINDRICAL_SURFACE ( 'NONE', #5032, 0.09999999999999982514 ) ;
#3191 = CARTESIAN_POINT ( 'NONE',  ( -1.506473100739282422, 24.09876993821341529, -2.479460426894333658 ) ) ;
#3192 = ORIENTED_EDGE ( 'NONE', *, *, #3959, .T. ) ;
#3193 = ORIENTED_EDGE ( 'NONE', *, *, #2349, .T. ) ;
#3194 = VERTEX_POINT ( 'NONE', #548 ) ;
#3195 = CARTESIAN_POINT ( 'NONE',  ( 0.4397410935862480219, 24.09876993821332647, -2.867719125437176775 ) ) ;
#3196 = SURFACE_SIDE_STYLE ('',( #799 ) ) ;
#3197 =( NAMED_UNIT ( * ) PLANE_ANGLE_UNIT ( ) SI_UNIT ( $, .RADIAN. ) );
#3198 = DIRECTION ( 'NONE',  ( 0.000000000000000000, 0.000000000000000000, 1.000000000000000000 ) ) ;
#3199 = ORIENTED_EDGE ( 'NONE', *, *, #1202, .T. ) ;
#3200 = UNCERTAINTY_MEASURE_WITH_UNIT (LENGTH_MEASURE( 1.000000000000000082E-05 ), #1196, 'distance_accuracy_value', 'NONE');
#3201 = AXIS2_PLACEMENT_3D ( 'NONE', #5047, #4555, #850 ) ;
#3202 = VERTEX_POINT ( 'NONE', #5632 ) ;
#3203 = PRESENTATION_STYLE_ASSIGNMENT (( #2781 ) ) ;
#3204 = EDGE_CURVE ( 'NONE', #3388, #4872, #1907, .T. ) ;
#3205 = CARTESIAN_POINT ( 'NONE',  ( 1.640462085174784868, 24.46796627992259232, -1.928750607702562014 ) ) ;
#3206 = CIRCLE ( 'NONE', #497, 0.09999999999999993616 ) ;
#3207 = FACE_OUTER_BOUND ( 'NONE', #523, .T. ) ;
#3208 = ORIENTED_EDGE ( 'NONE', *, *, #2586, .T. ) ;
#3209 = EDGE_CURVE ( 'NONE', #1690, #2221, #1440, .T. ) ;
#3210 = EDGE_LOOP ( 'NONE', ( #2867 ) ) ;
#3211 = SURFACE_STYLE_FILL_AREA ( #4605 ) ;
#3212 = CARTESIAN_POINT ( 'NONE',  ( 1.377703785067463382, 24.11089388096000619, 2.539461842140005920 ) ) ;
#3213 = B_SPLINE_CURVE_WITH_KNOTS ( 'NONE', 3,
 ( #5973, #732, #3626, #2733, #368, #283, #3600, #5600, #1320, #3253, #4671, #3660, #2177, #2230, #3152, #5947, #4101, #1686, #5508 ),
 .UNSPECIFIED., .F., .F.,
 ( 4, 3, 3, 3, 3, 3, 4 ),
 ( 4.336808689942017736E-19, 3.145909546063365867E-05, 5.768159792251874670E-05, 8.411505865617933671E-05, 0.0001075980665475202974, 0.0001382024233624998179, 0.0001492729888286314607 ),
 .UNSPECIFIED. ) ;
#3214 = ORIENTED_EDGE ( 'NONE', *, *, #5898, .T. ) ;
#3215 = CARTESIAN_POINT ( 'NONE',  ( 2.323879495331615489E-14, -4.599999999999999645, -9.625824042871114438E-15 ) ) ;
#3216 = ORIENTED_EDGE ( 'NONE', *, *, #2438, .T. ) ;
#3217 = EDGE_CURVE ( 'NONE', #5825, #1705, #5227, .T. ) ;
#3218 = AXIS2_PLACEMENT_3D ( 'NONE', #1553, #4363, #5401 ) ;
#3219 = CARTESIAN_POINT ( 'NONE',  ( 0.000000000000000000, 0.000000000000000000, 0.000000000000000000 ) ) ;
#3220 = VERTEX_POINT ( 'NONE', #5048 ) ;
#3221 = CARTESIAN_POINT ( 'NONE',  ( -3.258811727360901855, 0.000000000000000000, 6.822217097514201356 ) ) ;
#3222 = ADVANCED_FACE ( 'NONE', ( #3314 ), #4796, .F. ) ;
#3223 = ORIENTED_EDGE ( 'NONE', *, *, #4397, .T. ) ;
#3224 = COLOUR_RGB ( '',0.6470588235294117974, 0.6196078431372549211, 0.5882352941176470784 ) ;
#3225 = DIRECTION ( 'NONE',  ( 0.4999999999999977796, -0.000000000000000000, 0.8660254037844398178 ) ) ;
#3226 = SURFACE_STYLE_USAGE ( .BOTH. , #3196 ) ;
#3227 =( NAMED_UNIT ( * ) SI_UNIT ( $, .STERADIAN. ) SOLID_ANGLE_UNIT ( ) );
#3228 = CARTESIAN_POINT ( 'NONE',  ( 2.179634321644669637, 17.50000000000000000, -1.332635182233456117 ) ) ;
#3229 = ORIENTED_EDGE ( 'NONE', *, *, #2767, .F. ) ;
#3230 = FILL_AREA_STYLE_COLOUR ( '', #2836 ) ;
#3231 = AXIS2_PLACEMENT_3D ( 'NONE', #3040, #567, #4877 ) ;
#3232 = AXIS2_PLACEMENT_3D ( 'NONE', #3116, #4576, #5562 ) ;
#3233 = VECTOR ( 'NONE', #5460, 1000.000000000000114 ) ;
#3234 =( NAMED_UNIT ( * ) PLANE_ANGLE_UNIT ( ) SI_UNIT ( $, .RADIAN. ) );
#3235 = LINE ( 'NONE', #3733, #619 ) ;
#3236 = DIRECTION ( 'NONE',  ( 0.000000000000000000, -0.000000000000000000, -1.000000000000000000 ) ) ;
#3237 = FILL_AREA_STYLE_COLOUR ( '', #1240 ) ;
#3238 = SHAPE_REPRESENTATION ( 'Сбока SR16', ( #1081, #972, #391, #2065 ), #101 ) ;
#3239 = ORIENTED_EDGE ( 'NONE', *, *, #5691, .T. ) ;
#3240 =( NAMED_UNIT ( * ) PLANE_ANGLE_UNIT ( ) SI_UNIT ( $, .RADIAN. ) );
#3241 = EDGE_LOOP ( 'NONE', ( #4106, #2040, #4410, #1836 ) ) ;
#3242 = EDGE_CURVE ( 'NONE', #1073, #1785, #3752, .T. ) ;
#3243 = CARTESIAN_POINT ( 'NONE',  ( -3.464101615137749501, 0.000000000000000000, 6.000000000000006217 ) ) ;
#3244 = FACE_OUTER_BOUND ( 'NONE', #322, .T. ) ;
#3245 = LINE ( 'NONE', #4180, #370 ) ;
#3246 = ITEM_DEFINED_TRANSFORMATION ( 'NONE', 'NONE', #391,  #1169 ) ;
#3247 = VECTOR ( 'NONE', #1974, 999.9999999999998863 ) ;
#3248 = CARTESIAN_POINT ( 'NONE',  ( -0.0007220220873528470761, 24.46985301392162171, -2.530161844225393697 ) ) ;
#3249 = ORIENTED_EDGE ( 'NONE', *, *, #4352, .T. ) ;
#3250 = CARTESIAN_POINT ( 'NONE',  ( 0.5506956662287608717, 24.08637983427275131, -2.861113649651724877 ) ) ;
#3251 = ADVANCED_FACE ( 'NONE', ( #943 ), #1878, .T. ) ;
#3252 = VERTEX_POINT ( 'NONE', #1012 ) ;
#3253 = CARTESIAN_POINT ( 'NONE',  ( 2.196611257151177998, 24.46899646116463956, 1.257329669797778937 ) ) ;
#3254 = AXIS2_PLACEMENT_3D ( 'NONE', #2391, #6072, #1812 ) ;
#3255 = CARTESIAN_POINT ( 'NONE',  ( 0.000000000000000000, 0.5000000000000000000, 4.599999999999999645 ) ) ;
#3256 = FILL_AREA_STYLE ('',( #3572 ) ) ;
#3257 = CARTESIAN_POINT ( 'NONE',  ( -0.7118482364289838715, 24.31123244134926153, -2.597264902821495358 ) ) ;
#3258 = ORIENTED_EDGE ( 'NONE', *, *, #4397, .F. ) ;
#3259 = PLANE ( 'NONE',  #2638 ) ;
#3260 = SURFACE_STYLE_USAGE ( .BOTH. , #1330 ) ;
#3261 = DIRECTION ( 'NONE',  ( 0.000000000000000000, 0.000000000000000000, -1.000000000000000000 ) ) ;
#3262 = ORIENTED_EDGE ( 'NONE', *, *, #603, .F. ) ;
#3263 =( LENGTH_UNIT ( ) NAMED_UNIT ( * ) SI_UNIT ( .MILLI., .METRE. ) );
#3264 = EDGE_CURVE ( 'NONE', #3966, #3481, #114, .T. ) ;
#3265 = ORIENTED_EDGE ( 'NONE', *, *, #4873, .T. ) ;
#3266 = CIRCLE ( 'NONE', #5533, 0.1000000000000000472 ) ;
#3267 = CARTESIAN_POINT ( 'NONE',  ( 0.8130953767585394898, 24.44525494324870252, -2.421899711649730502 ) ) ;
#3268 = CARTESIAN_POINT ( 'NONE',  ( -6.822217097514164941, 0.000000000000000000, 3.258811727360975130 ) ) ;
#3269 = PRESENTATION_STYLE_ASSIGNMENT (( #1367 ) ) ;
#3270 = CARTESIAN_POINT ( 'NONE',  ( 6.822217097514144513, 0.000000000000000000, -3.258811727361020427 ) ) ;
#3271 = ORIENTED_EDGE ( 'NONE', *, *, #4654, .T. ) ;
#3272 = DIRECTION ( 'NONE',  ( 0.000000000000000000, -1.000000000000000000, 0.000000000000000000 ) ) ;
#3273 = VECTOR ( 'NONE', #2489, 1000.000000000000000 ) ;
#3274 = CARTESIAN_POINT ( 'NONE',  ( 7.396106250776888658, -5.000000000000000000, -2.630610637707348598 ) ) ;
#3275 = CARTESIAN_POINT ( 'NONE',  ( -2.889913762642368322, 24.10911168744643973, 0.07507442763261878982 ) ) ;
#3276 = CARTESIAN_POINT ( 'NONE',  ( -0.03356013614129547268, 24.46379134448227077, 2.535997085040446741 ) ) ;
#3277 = CARTESIAN_POINT ( 'NONE',  ( -0.06427876096369486425, 24.44525494324870962, -2.553936284617160712 ) ) ;
#3278 = ORIENTED_EDGE ( 'NONE', *, *, #2586, .F. ) ;
#3279 = CARTESIAN_POINT ( 'NONE',  ( -6.975290470460203451, -4.599999999999999645, 2.889259914356462566 ) ) ;
#3280 = ADVANCED_FACE ( 'NONE', ( #5715 ), #2421, .T. ) ;
#3281 = ORIENTED_EDGE ( 'NONE', *, *, #2429, .F. ) ;
#3282 = DIRECTION ( 'NONE',  ( 0.000000000000000000, 0.000000000000000000, 1.000000000000000000 ) ) ;
#3283 = SHAPE_REPRESENTATION_RELATIONSHIP ( 'NONE' , 'NONE' ,  #2344, #3657 ) ;
#3284 = ADVANCED_FACE ( 'NONE', ( #4305, #1352 ), #60, .T. ) ;
#3285 = CARTESIAN_POINT ( 'NONE',  ( -0.9248430368411579838, 24.45117771391973704, -2.375112713793993802 ) ) ;
#3286 = ADVANCED_FACE ( 'NONE', ( #1410 ), #1810, .T. ) ;
#3287 = ORIENTED_EDGE ( 'NONE', *, *, #2850, .F. ) ;
#3288 = CIRCLE ( 'NONE', #4575, 0.09999999999999982514 ) ;
#3289 = ORIENTED_EDGE ( 'NONE', *, *, #2976, .F. ) ;
#3290 = SURFACE_STYLE_FILL_AREA ( #2330 ) ;
#3291 = CARTESIAN_POINT ( 'NONE',  ( -6.928203230275510549, 0.000000000000000000, 1.771773223306245828E-15 ) ) ;
#3292 = CARTESIAN_POINT ( 'NONE',  ( -0.8297288285228705540, 24.46082274070665008, 2.399803026774274706 ) ) ;
#3293 = PRESENTATION_LAYER_ASSIGNMENT (  '', '', ( #4874 ) ) ;
#3294 = ADVANCED_FACE ( 'NONE', ( #485 ), #3342, .T. ) ;
#3295 = DIRECTION ( 'NONE',  ( 0.000000000000000000, -0.000000000000000000, -1.000000000000000000 ) ) ;
#3296 = CARTESIAN_POINT ( 'NONE',  ( -0.2193983775341570297, 24.31123244298400365, -2.684097097669795762 ) ) ;
#3297 = ORIENTED_EDGE ( 'NONE', *, *, #1278, .F. ) ;
#3298 = ORIENTED_EDGE ( 'NONE', *, *, #2165, .F. ) ;
#3299 = CARTESIAN_POINT ( 'NONE',  ( 0.8646878377715768726, 24.46985301392161816, -2.377821360510472104 ) ) ;
#3300 = CARTESIAN_POINT ( 'NONE',  ( -2.261645958976197246, 24.11089388096023356, 1.797746290030844074 ) ) ;
#3301 = FACE_OUTER_BOUND ( 'NONE', #2800, .T. ) ;
#3302 = DIRECTION ( 'NONE',  ( -0.3826834323650952219, 0.000000000000000000, -0.9238795325112845180 ) ) ;
#3303 = ORIENTED_EDGE ( 'NONE', *, *, #4234, .F. ) ;
#3304 = CARTESIAN_POINT ( 'NONE',  ( 0.000000000000000000, 9.500000000000001776, 0.000000000000000000 ) ) ;
#3305 = ORIENTED_EDGE ( 'NONE', *, *, #2286, .T. ) ;
#3306 = AXIS2_PLACEMENT_3D ( 'NONE', #1628, #5352, #4867 ) ;
#3307 = CARTESIAN_POINT ( 'NONE',  ( -1.600471032586484155, 24.46082274070623441, 1.971293222747585894 ) ) ;
#3308 = FACE_OUTER_BOUND ( 'NONE', #1285, .T. ) ;
#3309 = PRESENTATION_STYLE_ASSIGNMENT (( #4789 ) ) ;
#3310 = CARTESIAN_POINT ( 'NONE',  ( -0.5719665553347159648, 24.10342794339692674, 2.839547081524455674 ) ) ;
#3311 = ORIENTED_EDGE ( 'NONE', *, *, #3682, .T. ) ;
#3312 = CARTESIAN_POINT ( 'NONE',  ( -2.490536560820340473, 24.46645550312289075, -0.4649163418386899616 ) ) ;
#3313 = ORIENTED_EDGE ( 'NONE', *, *, #2233, .F. ) ;
#3314 = FACE_OUTER_BOUND ( 'NONE', #2997, .T. ) ;
#3315 = PRESENTATION_STYLE_ASSIGNMENT (( #883 ) ) ;
#3316 = ORIENTED_EDGE ( 'NONE', *, *, #3939, .F. ) ;
#3317 = VERTEX_POINT ( 'NONE', #1470 ) ;
#3318 = SURFACE_SIDE_STYLE ('',( #3290 ) ) ;
#3319 = ADVANCED_FACE ( 'NONE', ( #3407 ), #5286, .T. ) ;
#3320 = CARTESIAN_POINT ( 'NONE',  ( 2.462019382530658440, 17.50000000000000000, -0.4341204441674990644 ) ) ;
#3321 = DIRECTION ( 'NONE',  ( -0.3826834323650969982, -0.000000000000000000, -0.9238795325112838519 ) ) ;
#3322 = CARTESIAN_POINT ( 'NONE',  ( 3.004064944065961473, -5.000000000000000000, -7.252454330213600642 ) ) ;
#3323 = LINE ( 'NONE', #36, #3437 ) ;
#3324 = ORIENTED_EDGE ( 'NONE', *, *, #2508, .F. ) ;
#3325 = AXIS2_PLACEMENT_3D ( 'NONE', #746, #5057, #3163 ) ;
#3326 = CARTESIAN_POINT ( 'NONE',  ( -1.606969024216029940, 17.50000000000000000, 1.915111107797552670 ) ) ;
#3327 = ORIENTED_EDGE ( 'NONE', *, *, #4925, .T. ) ;
#3328 =( NAMED_UNIT ( * ) SI_UNIT ( $, .STERADIAN. ) SOLID_ANGLE_UNIT ( ) );
#3329 = CARTESIAN_POINT ( 'NONE',  ( 6.822217097514144513, -5.000000000000000000, -3.258811727361020427 ) ) ;
#3330 = PRESENTATION_STYLE_ASSIGNMENT (( #500 ) ) ;
#3331 = CARTESIAN_POINT ( 'NONE',  ( 1.634107315208378486, 24.46899646116468219, 1.932788709605717914 ) ) ;
#3332 = EDGE_LOOP ( 'NONE', ( #3363 ) ) ;
#3333 = CARTESIAN_POINT ( 'NONE',  ( 2.494171462952082141, 24.46899646116462179, 0.4302181156025941533 ) ) ;
#3334 = CIRCLE ( 'NONE', #625, 0.1000000000000000472 ) ;
#3335 = VERTEX_POINT ( 'NONE', #4830 ) ;
#3336 = DIRECTION ( 'NONE',  ( 0.000000000000000000, -1.000000000000000000, 0.000000000000000000 ) ) ;
#3337 = CARTESIAN_POINT ( 'NONE',  ( 0.009426193598897670417, 24.46899646116479587, 2.530985985830528140 ) ) ;
#3338 = LINE ( 'NONE', #4273, #3374 ) ;
#3339 = SURFACE_STYLE_FILL_AREA ( #5098 ) ;
#3340 = ORIENTED_EDGE ( 'NONE', *, *, #150, .F. ) ;
#3341 = AXIS2_PLACEMENT_3D ( 'NONE', #3279, #5190, #2859 ) ;
#3342 = PLANE ( 'NONE',  #695 ) ;
#3343 = CARTESIAN_POINT ( 'NONE',  ( 1.377703785067212472, 17.50000000000000000, -2.539461842140144920 ) ) ;
#3344 = SURFACE_STYLE_FILL_AREA ( #3256 ) ;
#3345 = DIRECTION ( 'NONE',  ( -0.3826834323650792347, 0.000000000000000000, 0.9238795325112911794 ) ) ;
#3346 = ORIENTED_EDGE ( 'NONE', *, *, #2515, .T. ) ;
#3347 = VECTOR ( 'NONE', #396, 1000.000000000000000 ) ;
#3348 = EDGE_LOOP ( 'NONE', ( #336, #1378, #4183, #4813 ) ) ;
#3349 = DIRECTION ( 'NONE',  ( -1.000000000000000000, 0.000000000000000000, 2.247478609048135426E-15 ) ) ;
#3350 = MECHANICAL_DESIGN_GEOMETRIC_PRESENTATION_REPRESENTATION (  '', ( #5031 ), #4060 ) ;
#3351 = CARTESIAN_POINT ( 'NONE',  ( 3.196421199642810684, -4.956521243558937861, -7.170134877892306413 ) ) ;
#3352 = CARTESIAN_POINT ( 'NONE',  ( -2.243913082612969845, 24.44525494324458137, 1.221301102388173021 ) ) ;
#3353 = ORIENTED_EDGE ( 'NONE', *, *, #1664, .T. ) ;
#3354 = DIRECTION ( 'NONE',  ( 0.1736481776669324129, 0.000000000000000000, 0.9848077530122075762 ) ) ;
#3355 = EDGE_LOOP ( 'NONE', ( #5023, #2921, #88, #2338 ) ) ;
#3356 = EDGE_CURVE ( 'NONE', #3828, #2417, #6091, .T. ) ;
#3357 = B_SPLINE_CURVE_WITH_KNOTS ( 'NONE', 3,
 ( #3145, #3652, #2601, #5937 ),
 .UNSPECIFIED., .F., .F.,
 ( 4, 4 ),
 ( 0.0001003866226309439383, 0.0006790497961158533996 ),
 .UNSPECIFIED. ) ;
#3358 = CARTESIAN_POINT ( 'NONE',  ( 2.739593826771878238, 24.07755045136797989, 1.017555210793411158 ) ) ;
#3359 = CARTESIAN_POINT ( 'NONE',  ( 2.261645958976554294, 17.50000000000000000, -1.797746290030857841 ) ) ;
#3360 = DIRECTION ( 'NONE',  ( 0.000000000000000000, 0.000000000000000000, 1.000000000000000000 ) ) ;
#3361 = CARTESIAN_POINT ( 'NONE',  ( 2.888090359768303639, 17.50000000000000000, 0.07660444431174834312 ) ) ;
#3362 = ADVANCED_FACE ( 'NONE', ( #4216 ), #178, .F. ) ;
#3363 = ORIENTED_EDGE ( 'NONE', *, *, #337, .T. ) ;
#3364 = CARTESIAN_POINT ( 'NONE',  ( -0.06427876096865371702, 17.50000000000000000, -2.553936284621321384 ) ) ;
#3365 = AXIS2_PLACEMENT_3D ( 'NONE', #1004, #541, #5342 ) ;
#3366 = PRESENTATION_LAYER_ASSIGNMENT (  '', '', ( #1731 ) ) ;
#3367 = ORIENTED_EDGE ( 'NONE', *, *, #5324, .T. ) ;
#3368 = CARTESIAN_POINT ( 'NONE',  ( -2.923773703913035593, 24.07622500002037214, 0.008793457318357171537 ) ) ;
#3369 = ADVANCED_FACE ( 'NONE', ( #1074 ), #4979, .T. ) ;
#3370 = CARTESIAN_POINT ( 'NONE',  ( 0.8426389177435961164, 24.46645550312265627, 2.389326101643843625 ) ) ;
#3371 = CARTESIAN_POINT ( 'NONE',  ( -6.822217097514189810, -0.000000000000000000, -3.258811727360924948 ) ) ;
#3372 = CARTESIAN_POINT ( 'NONE',  ( 0.4744400990084305381, 24.08122916413027781, -2.879963614019399376 ) ) ;
#3373 = VERTEX_POINT ( 'NONE', #613 ) ;
#3374 = VECTOR ( 'NONE', #3843, 1000.000000000000000 ) ;
#3375 = EDGE_CURVE ( 'NONE', #1460, #4280, #3999, .T. ) ;
#3376 = EDGE_LOOP ( 'NONE', ( #4368, #601, #4531, #4622, #4304 ) ) ;
#3377 = PRODUCT ( 'SR16 Гайка', 'SR16 Гайка', '', ( #2994 ) ) ;
#3378 = APPLICATION_CONTEXT ( 'automotive_design' ) ;
#3379 = EDGE_CURVE ( 'NONE', #5688, #3845, #5079, .T. ) ;
#3380 = CARTESIAN_POINT ( 'NONE',  ( 3.369714263716351077, -5.000000000000000000, 7.089959504884819630 ) ) ;
#3381 = SHAPE_REPRESENTATION_RELATIONSHIP ( 'NONE' , 'NONE' ,  #1294, #1394 ) ;
#3382 = CARTESIAN_POINT ( 'NONE',  ( -3.004064944065911291, -5.000000000000000000, 7.252454330213621070 ) ) ;
#3383 = FACE_OUTER_BOUND ( 'NONE', #5585, .T. ) ;
#3384 = LINE ( 'NONE', #914, #744 ) ;
#3385 = ORIENTED_EDGE ( 'NONE', *, *, #796, .F. ) ;
#3386 = CARTESIAN_POINT ( 'NONE',  ( 2.753904282585236007, 24.08265420111444399, -0.9628074703613844765 ) ) ;
#3387 = CYLINDRICAL_SURFACE ( 'NONE', #2419, 0.09999999999999982514 ) ;
#3388 = VERTEX_POINT ( 'NONE', #5877 ) ;
#3389 = VECTOR ( 'NONE', #4002, 1000.000000000000000 ) ;
#3390 = PRESENTATION_LAYER_ASSIGNMENT (  '', '', ( #2063 ) ) ;
#3391 = EDGE_LOOP ( 'NONE', ( #4242, #5768, #3683, #5714 ) ) ;
#3392 = CARTESIAN_POINT ( 'NONE',  ( -2.753904282584882512, 24.08265420111477439, 0.9628074703613870300 ) ) ;
#3393 = DIRECTION ( 'NONE',  ( 0.000000000000000000, 1.000000000000000000, 0.000000000000000000 ) ) ;
#3394 = ORIENTED_EDGE ( 'NONE', *, *, #2368, .F. ) ;
#3395 = CARTESIAN_POINT ( 'NONE',  ( -0.06427876096829798769, 24.44525494324443216, 2.553936284621320052 ) ) ;
#3396 = UNCERTAINTY_MEASURE_WITH_UNIT (LENGTH_MEASURE( 1.000000000000000082E-05 ), #5085, 'distance_accuracy_value', 'NONE');
#3397 = ORIENTED_EDGE ( 'NONE', *, *, #421, .F. ) ;
#3398 = EDGE_CURVE ( 'NONE', #3845, #1543, #665, .T. ) ;
#3399 = CARTESIAN_POINT ( 'NONE',  ( -1.510386574700823381, 24.11089388095980013, -2.462857397828597250 ) ) ;
#3400 = CARTESIAN_POINT ( 'NONE',  ( 0.000000000000000000, 0.000000000000000000, 0.000000000000000000 ) ) ;
#3401 = DIRECTION ( 'NONE',  ( -0.000000000000000000, -1.000000000000000000, -0.000000000000000000 ) ) ;
#3402 = EDGE_CURVE ( 'NONE', #5160, #450, #5846, .T. ) ;
#3403 = CARTESIAN_POINT ( 'NONE',  ( -0.4317678476855801861, 24.10565824199063911, 2.861955754001449304 ) ) ;
#3404 = VERTEX_POINT ( 'NONE', #4369 ) ;
#3405 = VECTOR ( 'NONE', #5, 1000.000000000000227 ) ;
#3406 = ORIENTED_EDGE ( 'NONE', *, *, #4452, .F. ) ;
#3407 = FACE_OUTER_BOUND ( 'NONE', #105, .T. ) ;
#3408 = DIRECTION ( 'NONE',  ( -0.9238795325112911794, 0.000000000000000000, -0.3826834323650792347 ) ) ;
#3409 =( NAMED_UNIT ( * ) SI_UNIT ( $, .STERADIAN. ) SOLID_ANGLE_UNIT ( ) );
#3410 = CIRCLE ( 'NONE', #4989, 0.1000000000000000472 ) ;
#3411 = B_SPLINE_CURVE_WITH_KNOTS ( 'NONE', 3,
 ( #713, #3989, #3636, #2591, #2683, #2114, #2083, #4467, #4015, #4045, #745, #4995, #5892, #5923, #259, #5517, #5954, #1602, #2659, #2620, #5983, #5425 ),
 .UNSPECIFIED., .F., .F.,
 ( 4, 3, 3, 3, 3, 3, 3, 4 ),
 ( 6.898434138572757750E-16, 3.737017154560825404E-05, 6.632414775707343299E-05, 9.559872338901840693E-05, 0.0001205902993732065455, 0.0001452370099002170314, 0.0001812528771463373263, 0.0001900682076267434047 ),
 .UNSPECIFIED. ) ;
#3412 = CARTESIAN_POINT ( 'NONE',  ( 7.089959504884808084, -4.705661585819406412, -3.369714263716374614 ) ) ;
#3413 = ORIENTED_EDGE ( 'NONE', *, *, #2930, .T. ) ;
#3414 = EDGE_CURVE ( 'NONE', #4280, #2291, #3410, .T. ) ;
#3415 = SURFACE_STYLE_USAGE ( .BOTH. , #4802 ) ;
#3416 = CARTESIAN_POINT ( 'NONE',  ( 2.752722509071675816, 24.07755045136797634, -0.9814844526275230407 ) ) ;
#3417 = EDGE_CURVE ( 'NONE', #1001, #880, #1968, .T. ) ;
#3418 = CARTESIAN_POINT ( 'NONE',  ( 2.243913082607417842, 24.44525494324854975, 1.221301102390079274 ) ) ;
#3419 = VERTEX_POINT ( 'NONE', #1532 ) ;
#3420 = CARTESIAN_POINT ( 'NONE',  ( 2.630610637707271326, -5.000000000000000000, -7.396106250776916191 ) ) ;
#3421 = ORIENTED_EDGE ( 'NONE', *, *, #2354, .F. ) ;
#3422 = FACE_OUTER_BOUND ( 'NONE', #3940, .T. ) ;
#3423 = AXIS2_PLACEMENT_3D ( 'NONE', #2665, #3584, #806 ) ;
#3424 = CARTESIAN_POINT ( 'NONE',  ( -2.503974364089228910, 24.50000000000000000, -0.5067886038577164021 ) ) ;
#3425 = FACE_OUTER_BOUND ( 'NONE', #1934, .T. ) ;
#3426 = FACE_BOUND ( 'NONE', #3883, .T. ) ;
#3427 = ORIENTED_EDGE ( 'NONE', *, *, #2731, .F. ) ;
#3428 = CARTESIAN_POINT ( 'NONE',  ( 0.8550503583145130371, 17.50000000000000000, 2.349231551964702014 ) ) ;
#3429 = ORIENTED_EDGE ( 'NONE', *, *, #3379, .T. ) ;
#3430 = CARTESIAN_POINT ( 'NONE',  ( 2.584441325218843399, 24.33873950571506484, -0.6461614688647221438 ) ) ;
#3431 = LINE ( 'NONE', #5312, #1438 ) ;
#3432 = CARTESIAN_POINT ( 'NONE',  ( 0.8501159812466525523, 24.46796627992238271, 2.385057143558432458 ) ) ;
#3433 = ORIENTED_EDGE ( 'NONE', *, *, #5089, .F. ) ;
#3434 = EDGE_LOOP ( 'NONE', ( #4669, #1104, #436, #6145 ) ) ;
#3435 = ORIENTED_EDGE ( 'NONE', *, *, #3176, .F. ) ;
#3436 = EDGE_CURVE ( 'NONE', #929, #4416, #6006, .T. ) ;
#3437 = VECTOR ( 'NONE', #4743, 1000.000000000000227 ) ;
#3438 = VECTOR ( 'NONE', #5927, 1000.000000000000000 ) ;
#3439 = AXIS2_PLACEMENT_3D ( 'NONE', #5559, #3272, #1706 ) ;
#3440 = CARTESIAN_POINT ( 'NONE',  ( 3.369714263716300895, -4.599999999999999645, -7.089959504884843611 ) ) ;
#3441 = CARTESIAN_POINT ( 'NONE',  ( 1.509471357411231951, 24.10736372361300184, 2.467558281632494577 ) ) ;
#3442 = DIRECTION ( 'NONE',  ( 0.000000000000000000, 0.000000000000000000, 1.000000000000000000 ) ) ;
#3443 = CARTESIAN_POINT ( 'NONE',  ( -2.630610637707272659, -4.599999999999999645, -7.396106250776917967 ) ) ;
#3444 = CARTESIAN_POINT ( 'NONE',  ( -2.519599436220912647, 24.45104258969317002, 0.3858050423525408168 ) ) ;
#3445 = EDGE_CURVE ( 'NONE', #389, #790, #3206, .T. ) ;
#3446 = CARTESIAN_POINT ( 'NONE',  ( -3.369714263716302671, -5.000000000000000000, -7.089959504884845387 ) ) ;
#3447 = ORIENTED_EDGE ( 'NONE', *, *, #12, .T. ) ;
#3448 = CIRCLE ( 'NONE', #2831, 0.1000000000000000056 ) ;
#3449 = CARTESIAN_POINT ( 'NONE',  ( -6.822217097514189810, -5.000000000000000000, -3.258811727360924948 ) ) ;
#3450 = CARTESIAN_POINT ( 'NONE',  ( 0.8550503583141707553, 17.50000000000000000, -2.349231551964762410 ) ) ;
#3451 = CARTESIAN_POINT ( 'NONE',  ( 0.8130953767553036338, 17.50000000000000000, -2.421899711655335352 ) ) ;
#3452 = ORIENTED_EDGE ( 'NONE', *, *, #5604, .F. ) ;
#3453 = VECTOR ( 'NONE', #1220, 1000.000000000000000 ) ;
#3454 = LINE ( 'NONE', #5390, #5821 ) ;
#3455 = ORIENTED_EDGE ( 'NONE', *, *, #3589, .T. ) ;
#3456 = VECTOR ( 'NONE', #4104, 1000.000000000000114 ) ;
#3457 =( GEOMETRIC_REPRESENTATION_CONTEXT ( 3 ) GLOBAL_UNCERTAINTY_ASSIGNED_CONTEXT ( ( #4500 ) ) GLOBAL_UNIT_ASSIGNED_CONTEXT ( ( #3862, #5266, #2906 ) ) REPRESENTATION_CONTEXT ( 'NONE', 'WORKASPACE' ) );
#3458 = CARTESIAN_POINT ( 'NONE',  ( -2.703388160339981194, 24.09876993821348989, 1.053032604585090404 ) ) ;
#3459 = ADVANCED_FACE ( 'NONE', ( #3052 ), #4891, .T. ) ;
#3460 = PLANE ( 'NONE',  #1789 ) ;
#3461 =( NAMED_UNIT ( * ) PLANE_ANGLE_UNIT ( ) SI_UNIT ( $, .RADIAN. ) );
#3462 = LINE ( 'NONE', #3602, #359 ) ;
#3463 = VERTEX_POINT ( 'NONE', #581 ) ;
#3464 = FACE_OUTER_BOUND ( 'NONE', #5366, .T. ) ;
#3465 = COLOUR_RGB ( '',0.6470588235294117974, 0.6196078431372549211, 0.5882352941176470784 ) ;
#3466 = UNCERTAINTY_MEASURE_WITH_UNIT (LENGTH_MEASURE( 1.000000000000000082E-05 ), #4271, 'distance_accuracy_value', 'NONE');
#3467 = ORIENTED_EDGE ( 'NONE', *, *, #225, .T. ) ;
#3468 = DIRECTION ( 'NONE',  ( 0.3826834323650989411, 0.000000000000000000, 0.9238795325112830747 ) ) ;
#3469 = CYLINDRICAL_SURFACE ( 'NONE', #6028, 0.09999999999999982514 ) ;
#3470 = LINE ( 'NONE', #1464, #4240 ) ;
#3471 = CARTESIAN_POINT ( 'NONE',  ( 1.690878987334383909, 17.50000000000000000, 2.015111107797324053 ) ) ;
#3472 = AXIS2_PLACEMENT_3D ( 'NONE', #1527, #2987, #4419 ) ;
#3473 = CIRCLE ( 'NONE', #72, 0.09999999999999982514 ) ;
#3474 = ORIENTED_EDGE ( 'NONE', *, *, #5786, .F. ) ;
#3475 = DIRECTION ( 'NONE',  ( 0.000000000000000000, 0.000000000000000000, 1.000000000000000000 ) ) ;
#3476 = CARTESIAN_POINT ( 'NONE',  ( -7.330172279000418456, -4.956669073102030865, -2.810075569242686200 ) ) ;
#3477 = SURFACE_SIDE_STYLE ('',( #1132 ) ) ;
#3478 = DIRECTION ( 'NONE',  ( -0.3826834323650951664, 0.000000000000000000, -0.9238795325112845180 ) ) ;
#3479 = EDGE_CURVE ( 'NONE', #4745, #5941, #2488, .T. ) ;
#3480 = CARTESIAN_POINT ( 'NONE',  ( -1.510386574700650630, 17.50000000000000000, 2.462857397828261963 ) ) ;
#3481 = VERTEX_POINT ( 'NONE', #4094 ) ;
#3482 = EDGE_CURVE ( 'NONE', #2726, #6037, #4604, .T. ) ;
#3483 = B_SPLINE_CURVE_WITH_KNOTS ( 'NONE', 3,
 ( #2191, #1276, #5933, #1703 ),
 .UNSPECIFIED., .F., .F.,
 ( 4, 4 ),
 ( 0.0001004224161591211833, 0.0006790855898711081837 ),
 .UNSPECIFIED. ) ;
#3484 = VECTOR ( 'NONE', #3916, 999.9999999999998863 ) ;
#3485 =( NAMED_UNIT ( * ) PLANE_ANGLE_UNIT ( ) SI_UNIT ( $, .RADIAN. ) );
#3486 = CARTESIAN_POINT ( 'NONE',  ( -1.851418243574116440, 24.33900071865940973, -1.915111107797323298 ) ) ;
#3487 = DIRECTION ( 'NONE',  ( -0.000000000000000000, -1.000000000000000000, -0.000000000000000000 ) ) ;
#3488 = ADVANCED_FACE ( 'NONE', ( #727 ), #3711, .T. ) ;
#3489 = VERTEX_POINT ( 'NONE', #2222 ) ;
#3490 = PLANE ( 'NONE',  #1045 ) ;
#3491 = ORIENTED_EDGE ( 'NONE', *, *, #4757, .T. ) ;
#3492 = CARTESIAN_POINT ( 'NONE',  ( 2.747791788645630007, 24.09876993821315949, 0.9310346384744236925 ) ) ;
#3493 = SURFACE_SIDE_STYLE ('',( #3900 ) ) ;
#3494 = DIRECTION ( 'NONE',  ( 0.000000000000000000, -1.000000000000000000, 0.000000000000000000 ) ) ;
#3495 = DIRECTION ( 'NONE',  ( 0.000000000000000000, 1.000000000000000000, 0.000000000000000000 ) ) ;
#3496 = DIRECTION ( 'NONE',  ( 0.3826834323650902814, 0.000000000000000000, 0.9238795325112866275 ) ) ;
#3497 = MECHANICAL_DESIGN_GEOMETRIC_PRESENTATION_REPRESENTATION (  '', ( #6156 ), #4471 ) ;
#3498 =( LENGTH_UNIT ( ) NAMED_UNIT ( * ) SI_UNIT ( .MILLI., .METRE. ) );
#3499 = CARTESIAN_POINT ( 'NONE',  ( 1.394039166999158752, 24.09876993821324476, -2.544374188805442305 ) ) ;
#3500 = SURFACE_STYLE_FILL_AREA ( #3842 ) ;
#3501 = CARTESIAN_POINT ( 'NONE',  ( -2.251025575685997371, 24.07755045136828187, 1.863780244638609140 ) ) ;
#3502 = ORIENTED_EDGE ( 'NONE', *, *, #5981, .T. ) ;
#3503 = FILL_AREA_STYLE_COLOUR ( '', #1287 ) ;
#3504 = DIRECTION ( 'NONE',  ( 0.000000000000000000, 1.000000000000000000, 0.000000000000000000 ) ) ;
#3505 = PRODUCT_CONTEXT ( 'NONE', #5432, 'mechanical' ) ;
#3506 = DIRECTION ( 'NONE',  ( -0.9238795325112845180, 0.000000000000000000, 0.3826834323650951664 ) ) ;
#3507 = LINE ( 'NONE', #4066, #4181 ) ;
#3508 = ORIENTED_EDGE ( 'NONE', *, *, #3182, .T. ) ;
#3509 = DIRECTION ( 'NONE',  ( -0.000000000000000000, -1.000000000000000000, -0.000000000000000000 ) ) ;
#3510 = AXIS2_PLACEMENT_3D ( 'NONE', #3219, #2676, #822 ) ;
#3511 = ORIENTED_EDGE ( 'NONE', *, *, #1496, .F. ) ;
#3512 = SURFACE_STYLE_FILL_AREA ( #589 ) ;
#3513 = DIRECTION ( 'NONE',  ( -0.000000000000000000, -1.000000000000000000, -0.000000000000000000 ) ) ;
#3514 = DIRECTION ( 'NONE',  ( -0.9238795325112869605, 0.000000000000000000, 0.3826834323650892267 ) ) ;
#3515 = ORIENTED_EDGE ( 'NONE', *, *, #3141, .T. ) ;
#3516 = FACE_OUTER_BOUND ( 'NONE', #5331, .T. ) ;
#3517 = ORIENTED_EDGE ( 'NONE', *, *, #2663, .F. ) ;
#3518 = ADVANCED_FACE ( 'NONE', ( #3244 ), #4152, .F. ) ;
#3519 = B_SPLINE_CURVE_WITH_KNOTS ( 'NONE', 3,
 ( #3951, #162, #675, #2076, #219, #2999, #5823, #4434, #4956, #1570, #2142, #4009, #4040, #1629, #3571, #1596, #5451, #2044, #3984, #5948, #1109, #705 ),
 .UNSPECIFIED., .F., .F.,
 ( 4, 3, 3, 3, 3, 3, 3, 4 ),
 ( 6.505213034913026604E-19, 3.737017153946769208E-05, 6.632414775239064183E-05, 9.559872338582914492E-05, 0.0001205902993705272922, 0.0001452370098983329319, 0.0001812528771460836230, 0.0001900682076298355493 ),
 .UNSPECIFIED. ) ;
#3520 = CARTESIAN_POINT ( 'NONE',  ( 0.4699698013300925847, 24.08265420111458255, 2.879256051215649759 ) ) ;
#3521 = FACE_OUTER_BOUND ( 'NONE', #3066, .T. ) ;
#3522 = CARTESIAN_POINT ( 'NONE',  ( 2.259398372105474895, 24.08406744546856970, 1.843319426968546670 ) ) ;
#3523 = LINE ( 'NONE', #2593, #37 ) ;
#3524 = VECTOR ( 'NONE', #295, 1000.000000000000000 ) ;
#3525 = SURFACE_STYLE_USAGE ( .BOTH. , #1003 ) ;
#3526 = CARTESIAN_POINT ( 'NONE',  ( 1.438569477789226170, 24.07928144543826576, -2.541872288793128654 ) ) ;
#3527 = CARTESIAN_POINT ( 'NONE',  ( -1.500098379282156946, 24.09078937327038616, 2.492631405393016752 ) ) ;
#3528 = AXIS2_PLACEMENT_3D ( 'NONE', #4876, #3039, #1090 ) ;
#3529 = B_SPLINE_CURVE_WITH_KNOTS ( 'NONE', 3,
 ( #4190, #6074, #3257, #5137 ),
 .UNSPECIFIED., .F., .F.,
 ( 4, 4 ),
 ( 2.907226979862946281E-07, 0.0007283906869928973406 ),
 .UNSPECIFIED. ) ;
#3530 = DIRECTION ( 'NONE',  ( -0.000000000000000000, -1.000000000000000000, -0.000000000000000000 ) ) ;
#3531 = CARTESIAN_POINT ( 'NONE',  ( 2.888090359768303639, 17.50000000000000000, -0.07660444431204649351 ) ) ;
#3532 = LINE ( 'NONE', #4949, #151 ) ;
#3533 = CARTESIAN_POINT ( 'NONE',  ( -3.258811727360950705, -5.000000000000000000, -6.822217097514180928 ) ) ;
#3534 = ORIENTED_EDGE ( 'NONE', *, *, #1537, .T. ) ;
#3535 = LINE ( 'NONE', #1137, #1219 ) ;
#3536 = EDGE_LOOP ( 'NONE', ( #458, #2294, #2289, #410, #2310 ) ) ;
#3537 = CIRCLE ( 'NONE', #816, 0.3999999999999999112 ) ;
#3538 = PLANE ( 'NONE',  #3306 ) ;
#3539 = LINE ( 'NONE', #734, #2176 ) ;
#3540 = DIRECTION ( 'NONE',  ( 0.000000000000000000, 0.000000000000000000, 1.000000000000000000 ) ) ;
#3541 = ORIENTED_EDGE ( 'NONE', *, *, #5025, .F. ) ;
#3542 = ORIENTED_EDGE ( 'NONE', *, *, #3830, .T. ) ;
#3543 = CARTESIAN_POINT ( 'NONE',  ( 0.4885682510857018990, 24.07755045136811489, 2.881335455432022741 ) ) ;
#3544 = CIRCLE ( 'NONE', #1417, 0.09999999999999982514 ) ;
#3545 = CARTESIAN_POINT ( 'NONE',  ( 2.243913082613323784, 24.50000000000000000, -1.221301102388172577 ) ) ;
#3546 = ORIENTED_EDGE ( 'NONE', *, *, #923, .F. ) ;
#3547 = VECTOR ( 'NONE', #5201, 1000.000000000000000 ) ;
#3548 = EDGE_CURVE ( 'NONE', #6151, #997, #3357, .T. ) ;
#3549 = CYLINDRICAL_SURFACE ( 'NONE', #4523, 0.09999999999999982514 ) ;
#3550 = MECHANICAL_DESIGN_GEOMETRIC_PRESENTATION_REPRESENTATION (  '', ( #5423 ), #5812 ) ;
#3551 = DIRECTION ( 'NONE',  ( 0.8660254037844377084, 0.000000000000000000, -0.5000000000000017764 ) ) ;
#3552 = CARTESIAN_POINT ( 'NONE',  ( 2.888090359768293869, 24.11089388095991382, 0.07660444431175644775 ) ) ;
#3553 = ADVANCED_FACE ( 'NONE', ( #1312 ), #6030, .T. ) ;
#3554 = LINE ( 'NONE', #3676, #802 ) ;
#3555 = DIRECTION ( 'NONE',  ( 0.000000000000000000, 0.000000000000000000, 1.000000000000000000 ) ) ;
#3556 =( NAMED_UNIT ( * ) PLANE_ANGLE_UNIT ( ) SI_UNIT ( $, .RADIAN. ) );
#3557 = PRESENTATION_LAYER_ASSIGNMENT (  '', '', ( #4540 ) ) ;
#3558 = DIRECTION ( 'NONE',  ( -0.000000000000000000, 1.000000000000000000, -0.000000000000000000 ) ) ;
#3559 = PLANE ( 'NONE',  #5519 ) ;
#3560 = ADVANCED_FACE ( 'NONE', ( #3618 ), #1194, .T. ) ;
#3561 = CARTESIAN_POINT ( 'NONE',  ( 1.453882690896718843, 24.07614780132978183, 2.536775805162590824 ) ) ;
#3562 = DIRECTION ( 'NONE',  ( 0.07494036579309623636, 0.000000000000000000, 0.9971880171636624546 ) ) ;
#3563 = CARTESIAN_POINT ( 'NONE',  ( -0.9999999999999967804, 11.50000000000000178, -7.786045209218863228 ) ) ;
#3564 = DIRECTION ( 'NONE',  ( 0.000000000000000000, 1.000000000000000000, 0.000000000000000000 ) ) ;
#3565 = ORIENTED_EDGE ( 'NONE', *, *, #3379, .F. ) ;
#3566 = CARTESIAN_POINT ( 'NONE',  ( -2.889259914356385739, -4.599999999999999645, 6.975290470460234538 ) ) ;
#3567 = AXIS2_PLACEMENT_3D ( 'NONE', #1546, #2472, #2532 ) ;
#3568 = ORIENTED_EDGE ( 'NONE', *, *, #1070, .T. ) ;
#3569 = PRESENTATION_LAYER_ASSIGNMENT (  '', '', ( #4645 ) ) ;
#3570 = ADVANCED_FACE ( 'NONE', ( #3178 ), #814, .F. ) ;
#3571 = CARTESIAN_POINT ( 'NONE',  ( 2.207655672896539301, 24.08406744546857325, -1.904983974641317968 ) ) ;
#3572 = FILL_AREA_STYLE_COLOUR ( '', #6124 ) ;
#3573 = DIRECTION ( 'NONE',  ( 0.6427876096865379196, 0.000000000000000000, -0.7660444431189792347 ) ) ;
#3574 = ORIENTED_EDGE ( 'NONE', *, *, #1664, .F. ) ;
#3575 = EDGE_CURVE ( 'NONE', #790, #997, #903, .T. ) ;
#3576 = VERTEX_POINT ( 'NONE', #2758 ) ;
#3577 = CIRCLE ( 'NONE', #3170, 0.4000000000000001887 ) ;
#3578 = CARTESIAN_POINT ( 'NONE',  ( 0.5518647581003229829, 24.08748573298187878, 2.859752549496366925 ) ) ;
#3579 = DIRECTION ( 'NONE',  ( -0.3826834323650964986, 0.000000000000000000, -0.9238795325112839629 ) ) ;
#3580 = CARTESIAN_POINT ( 'NONE',  ( 0.000000000000000000, 24.50000000000000000, 0.000000000000000000 ) ) ;
#3581 = UNCERTAINTY_MEASURE_WITH_UNIT (LENGTH_MEASURE( 1.000000000000000082E-05 ), #3263, 'distance_accuracy_value', 'NONE');
#3582 = CARTESIAN_POINT ( 'NONE',  ( -7.128363843406259726, -0.000000000000000000, -2.519708101351894936 ) ) ;
#3583 = CARTESIAN_POINT ( 'NONE',  ( 6.928203230275514102, 2.500000000000000000, -3.543546446612491656E-15 ) ) ;
#3584 = DIRECTION ( 'NONE',  ( -0.000000000000000000, -1.000000000000000000, -0.000000000000000000 ) ) ;
#3585 = LINE ( 'NONE', #355, #3873 ) ;
#3586 = DIRECTION ( 'NONE',  ( 0.000000000000000000, 1.000000000000000000, -0.000000000000000000 ) ) ;
#3587 = CARTESIAN_POINT ( 'NONE',  ( -1.469970945528078721, 24.07614780132995946, 2.527487247020179684 ) ) ;
#3588 = VECTOR ( 'NONE', #5633, 1000.000000000000000 ) ;
#3589 = EDGE_CURVE ( 'NONE', #3666, #2657, #2412, .T. ) ;
#3590 = VECTOR ( 'NONE', #5870, 1000.000000000000000 ) ;
#3591 = DIRECTION ( 'NONE',  ( -0.9396926207859080948, -0.000000000000000000, -0.3420201433256697121 ) ) ;
#3592 = CARTESIAN_POINT ( 'NONE',  ( 1.085128351560509241, 24.33873950507192063, 2.432973093065944337 ) ) ;
#3593 = CONTEXT_DEPENDENT_SHAPE_REPRESENTATION ( #4954, #2914 ) ;
#3594 = CARTESIAN_POINT ( 'NONE',  ( 0.8550503583141707553, 17.50000000000000000, -2.349231551964762410 ) ) ;
#3595 = CARTESIAN_POINT ( 'NONE',  ( -2.227367322762165092, 24.45629017994092536, 1.228564589401253571 ) ) ;
#3596 = ORIENTED_EDGE ( 'NONE', *, *, #264, .F. ) ;
#3597 = CARTESIAN_POINT ( 'NONE',  ( -2.503974364089228466, 24.44525494324460269, -0.5067886038577151808 ) ) ;
#3598 = EDGE_LOOP ( 'NONE', ( #4366, #1918, #3546, #1722 ) ) ;
#3599 = MECHANICAL_DESIGN_GEOMETRIC_PRESENTATION_REPRESENTATION (  '', ( #4676 ), #4229 ) ;
#3600 = CARTESIAN_POINT ( 'NONE',  ( 2.184311803714408473, 24.46796627992228679, 1.280615751802408608 ) ) ;
#3601 = CARTESIAN_POINT ( 'NONE',  ( 0.8550503583145130371, 17.50000000000000000, 2.349231551964702014 ) ) ;
#3602 = CARTESIAN_POINT ( 'NONE',  ( 2.462019382530658440, 17.50000000000000000, -0.4341204441674990644 ) ) ;
#3603 = FACE_OUTER_BOUND ( 'NONE', #3001, .T. ) ;
#3604 = DIRECTION ( 'NONE',  ( 0.3826834323650854519, -0.000000000000000000, -0.9238795325112885148 ) ) ;
#3605 = EDGE_LOOP ( 'NONE', ( #2335, #4929, #5896, #2072 ) ) ;
#3606 = VECTOR ( 'NONE', #2179, 1000.000000000000000 ) ;
#3607 = ADVANCED_FACE ( 'NONE', ( #1375, #3308 ), #2379, .T. ) ;
#3608 = CARTESIAN_POINT ( 'NONE',  ( 0.5757621368831939979, 24.10911168744622657, 2.832972941439267256 ) ) ;
#3609 = LINE ( 'NONE', #2684, #3017 ) ;
#3610 = DIRECTION ( 'NONE',  ( 0.1736481776669281663, -0.000000000000000000, 0.9848077530122085754 ) ) ;
#3611 = DIRECTION ( 'NONE',  ( -0.4999999999999982236, -0.000000000000000000, -0.8660254037844395958 ) ) ;
#3612 = FACE_BOUND ( 'NONE', #534, .T. ) ;
#3613 = DIRECTION ( 'NONE',  ( 4.336808689942015369E-15, 0.000000000000000000, 1.000000000000000000 ) ) ;
#3614 = CARTESIAN_POINT ( 'NONE',  ( -2.728493785017600537, 24.08265420111477795, -1.032622238644595569 ) ) ;
#3615 = LINE ( 'NONE', #3172, #844 ) ;
#3616 = CARTESIAN_POINT ( 'NONE',  ( -7.089959504884829400, 0.000000000000000000, 3.369714263716327984 ) ) ;
#3617 = LINE ( 'NONE', #2061, #154 ) ;
#3618 = FACE_OUTER_BOUND ( 'NONE', #1177, .T. ) ;
#3619 = DIRECTION ( 'NONE',  ( -0.000000000000000000, -1.000000000000000000, -0.000000000000000000 ) ) ;
#3620 = AXIS2_PLACEMENT_3D ( 'NONE', #1678, #5094, #1255 ) ;
#3621 = CARTESIAN_POINT ( 'NONE',  ( -2.493523669839427637, 24.46948457643222596, 0.4311850900831480926 ) ) ;
#3622 = LINE ( 'NONE', #5908, #1557 ) ;
#3623 = CARTESIAN_POINT ( 'NONE',  ( -0.9338999314663063434, 17.50000000000000000, -2.377930449576677763 ) ) ;
#3624 = EDGE_CURVE ( 'NONE', #3978, #5243, #144, .T. ) ;
#3625 = ORIENTED_EDGE ( 'NONE', *, *, #2563, .F. ) ;
#3626 = CARTESIAN_POINT ( 'NONE',  ( 2.177651805992832035, 24.45629017994061627, 1.314674390370895285 ) ) ;
#3627 = CARTESIAN_POINT ( 'NONE',  ( 0.000000000000000000, 16.00000000000000000, -3.000000000000001332 ) ) ;
#3628 = EDGE_CURVE ( 'NONE', #3709, #3720, #5186, .T. ) ;
#3629 = CARTESIAN_POINT ( 'NONE',  ( -1.377703785067121656, 17.50000000000000000, -2.539461842140009029 ) ) ;
#3630 = CARTESIAN_POINT ( 'NONE',  ( -1.377703785067108999, 24.11089388096017672, -2.539461842140004144 ) ) ;
#3631 = PRESENTATION_LAYER_ASSIGNMENT (  '', '', ( #2005 ) ) ;
#3632 = ORIENTED_EDGE ( 'NONE', *, *, #5490, .T. ) ;
#3633 = ORIENTED_EDGE ( 'NONE', *, *, #1682, .T. ) ;
#3634 = AXIS2_PLACEMENT_3D ( 'NONE', #4651, #381, #2298 ) ;
#3635 = CARTESIAN_POINT ( 'NONE',  ( -0.9999999999999967804, 9.300000000000000711, -7.786045209218863228 ) ) ;
#3636 = CARTESIAN_POINT ( 'NONE',  ( -2.183738085401433437, 24.09647142437426837, -1.913597858067887181 ) ) ;
#3637 = EDGE_CURVE ( 'NONE', #4659, #5745, #5154, .T. ) ;
#3638 = CARTESIAN_POINT ( 'NONE',  ( -4.978874504933413396E-16, -4.599999999999999645, -1.202006635516349691E-15 ) ) ;
#3639 = B_SPLINE_CURVE_WITH_KNOTS ( 'NONE', 3,
 ( #2311, #2754, #4235, #6121 ),
 .UNSPECIFIED., .F., .F.,
 ( 4, 4 ),
 ( 0.001137138967498196570, 0.001713209474207553693 ),
 .UNSPECIFIED. ) ;
#3640 = UNCERTAINTY_MEASURE_WITH_UNIT (LENGTH_MEASURE( 1.000000000000000082E-05 ), #524, 'distance_accuracy_value', 'NONE');
#3641 = VECTOR ( 'NONE', #5819, 1000.000000000000000 ) ;
#3642 = EDGE_CURVE ( 'NONE', #1690, #4659, #4760, .T. ) ;
#3643 = CARTESIAN_POINT ( 'NONE',  ( 2.923853636424975644, 24.07614780132969301, 0.009288558142407581097 ) ) ;
#3644 = CARTESIAN_POINT ( 'NONE',  ( 1.625803582960685389, 24.46985301392149736, -1.938680527813378074 ) ) ;
#3645 = SURFACE_SIDE_STYLE ('',( #4116 ) ) ;
#3646 = DIRECTION ( 'NONE',  ( -0.8660254037844374864, 0.000000000000000000, 0.5000000000000022204 ) ) ;
#3647 = VERTEX_POINT ( 'NONE', #6128 ) ;
#3648 = CARTESIAN_POINT ( 'NONE',  ( 6.822217097514147177, -4.599999999999999645, -3.258811727361021315 ) ) ;
#3649 = AXIS2_PLACEMENT_3D ( 'NONE', #1973, #3478, #3506 ) ;
#3650 =( GEOMETRIC_REPRESENTATION_CONTEXT ( 3 ) GLOBAL_UNCERTAINTY_ASSIGNED_CONTEXT ( ( #1119 ) ) GLOBAL_UNIT_ASSIGNED_CONTEXT ( ( #800, #2397, #2870 ) ) REPRESENTATION_CONTEXT ( 'NONE', 'WORKASPACE' ) );
#3651 = COLOUR_RGB ( '',0.6470588235294117974, 0.6196078431372549211, 0.5882352941176470784 ) ;
#3652 = CARTESIAN_POINT ( 'NONE',  ( -2.584441325218490348, 24.33873950571540945, 0.6461614688647242533 ) ) ;
#3653 = DIRECTION ( 'NONE',  ( 0.7660444431189770143, -0.000000000000000000, 0.6427876096865404731 ) ) ;
#3654 = EDGE_LOOP ( 'NONE', ( #3784, #2514, #961, #983 ) ) ;
#3655 = CARTESIAN_POINT ( 'NONE',  ( 2.630610637707271326, -4.599999999999999645, -7.396106250776916191 ) ) ;
#3656 = EDGE_LOOP ( 'NONE', ( #392, #4716, #4763, #1138 ) ) ;
#3657 = ADVANCED_BREP_SHAPE_REPRESENTATION ( '', ( #967, #1169 ), #5258 ) ;
#3658 = B_SPLINE_CURVE_WITH_KNOTS ( 'NONE', 3,
 ( #3031, #2141, #217, #2106, #4461, #4071, #1170, #161, #250, #5856, #2998, #2006, #4896, #4433, #4039, #2555, #2526, #3983, #4006 ),
 .UNSPECIFIED., .F., .F.,
 ( 4, 3, 3, 3, 3, 3, 4 ),
 ( 5.421010862427522170E-19, 3.145909546063536629E-05, 5.768159792252158596E-05, 8.411505865618471706E-05, 0.0001075980665475250001, 0.0001382024233625039108, 0.0001492729888286389688 ),
 .UNSPECIFIED. ) ;
#3659 = AXIS2_PLACEMENT_3D ( 'NONE', #2816, #2405, #5701 ) ;
#3660 = CARTESIAN_POINT ( 'NONE',  ( 2.206418036534715466, 24.46649189398650748, 1.245163496834002403 ) ) ;
#3661 = VERTEX_POINT ( 'NONE', #2232 ) ;
#3662 = FACE_OUTER_BOUND ( 'NONE', #2321, .T. ) ;
#3663 = AXIS2_PLACEMENT_3D ( 'NONE', #5902, #3401, #4856 ) ;
#3664 = ORIENTED_EDGE ( 'NONE', *, *, #4345, .T. ) ;
#3665 = VECTOR ( 'NONE', #657, 1000.000000000000000 ) ;
#3666 = VERTEX_POINT ( 'NONE', #1899 ) ;
#3667 = EDGE_CURVE ( 'NONE', #5561, #2047, #654, .T. ) ;
#3668 = ADVANCED_FACE ( 'NONE', ( #1463, #1840 ), #5127, .T. ) ;
#3669 = CARTESIAN_POINT ( 'NONE',  ( -1.000000000000000444, 9.404864578708655998, -7.763975174125070211 ) ) ;
#3670 = DIRECTION ( 'NONE',  ( 0.000000000000000000, 1.000000000000000000, 0.000000000000000000 ) ) ;
#3671 = VERTEX_POINT ( 'NONE', #4418 ) ;
#3672 = DIRECTION ( 'NONE',  ( 0.000000000000000000, 0.000000000000000000, 1.000000000000000000 ) ) ;
#3673 = CLOSED_SHELL ( 'NONE', ( #1235, #1274, #3864, #5248, #4603, #3488, #4696 ) ) ;
#3674 = DIRECTION ( 'NONE',  ( 0.000000000000000000, 0.000000000000000000, 1.000000000000000000 ) ) ;
#3675 = EDGE_CURVE ( 'NONE', #5561, #3948, #1068, .T. ) ;
#3676 = CARTESIAN_POINT ( 'NONE',  ( -2.630610637707220700, -5.000000000000000000, 7.396106250776933955 ) ) ;
#3677 = DIRECTION ( 'NONE',  ( -0.9238795325112890700, 0.000000000000000000, -0.3826834323650841752 ) ) ;
#3678 = DIRECTION ( 'NONE',  ( 0.000000000000000000, 1.000000000000000000, -0.000000000000000000 ) ) ;
#3679 = ORIENTED_EDGE ( 'NONE', *, *, #2425, .T. ) ;
#3680 = ORIENTED_EDGE ( 'NONE', *, *, #971, .T. ) ;
#3681 =( LENGTH_UNIT ( ) NAMED_UNIT ( * ) SI_UNIT ( .MILLI., .METRE. ) );
#3682 = EDGE_CURVE ( 'NONE', #1521, #1592, #4816, .T. ) ;
#3683 = ORIENTED_EDGE ( 'NONE', *, *, #1212, .F. ) ;
#3684 = EDGE_CURVE ( 'NONE', #1851, #1545, #4828, .T. ) ;
#3685 = VECTOR ( 'NONE', #4456, 1000.000000000000114 ) ;
#3686 = SURFACE_SIDE_STYLE ('',( #3780 ) ) ;
#3687 = ORIENTED_EDGE ( 'NONE', *, *, #1236, .F. ) ;
#3688 = DIRECTION ( 'NONE',  ( 0.9238795325112892920, 0.000000000000000000, 0.3826834323650837311 ) ) ;
#3689 = VERTEX_POINT ( 'NONE', #4822 ) ;
#3690 =( GEOMETRIC_REPRESENTATION_CONTEXT ( 3 ) GLOBAL_UNCERTAINTY_ASSIGNED_CONTEXT ( ( #6115 ) ) GLOBAL_UNIT_ASSIGNED_CONTEXT ( ( #5753, #3816, #2360 ) ) REPRESENTATION_CONTEXT ( 'NONE', 'WORKASPACE' ) );
#3691 = CARTESIAN_POINT ( 'NONE',  ( -3.464101615137757051, 0.000000000000000000, -6.000000000000002665 ) ) ;
#3692 =( NAMED_UNIT ( * ) SI_UNIT ( $, .STERADIAN. ) SOLID_ANGLE_UNIT ( ) );
#3693 = CARTESIAN_POINT ( 'NONE',  ( -1.508876337705935988, 24.10565824199069951, -2.469920324558627200 ) ) ;
#3694 = APPLICATION_CONTEXT ( 'automotive_design' ) ;
#3695 = EDGE_LOOP ( 'NONE', ( #5099 ) ) ;
#3696 = CARTESIAN_POINT ( 'NONE',  ( 7.243032877830850147, -5.000000000000000000, -3.000162450711862050 ) ) ;
#3697 = CARTESIAN_POINT ( 'NONE',  ( -0.9069260551001856463, 24.46038112602409598, 2.372161283647259644 ) ) ;
#3698 = FILL_AREA_STYLE_COLOUR ( '', #2436 ) ;
#3699 = CARTESIAN_POINT ( 'NONE',  ( 6.822217097514212902, 0.000000000000000000, 3.258811727360877875 ) ) ;
#3700 = VERTEX_POINT ( 'NONE', #1993 ) ;
#3701 = DIRECTION ( 'NONE',  ( 0.9238795325112891810, 0.000000000000000000, 0.3826834323650838976 ) ) ;
#3702 = VECTOR ( 'NONE', #2902, 999.9999999999998863 ) ;
#3703 = EDGE_CURVE ( 'NONE', #5419, #5558, #1835, .T. ) ;
#3704 = DIRECTION ( 'NONE',  ( 0.3826834323650807335, 0.000000000000000000, -0.9238795325112905132 ) ) ;
#3705 = CARTESIAN_POINT ( 'NONE',  ( 1.654417044694234340, 24.46402637105404665, 1.921995444566525491 ) ) ;
#3706 = ADVANCED_FACE ( 'NONE', ( #2986 ), #2478, .F. ) ;
#3707 = VERTEX_POINT ( 'NONE', #1960 ) ;
#3708 = LINE ( 'NONE', #2669, #1183 ) ;
#3709 = VERTEX_POINT ( 'NONE', #1526 ) ;
#3710 = CARTESIAN_POINT ( 'NONE',  ( -1.596827397421388239, 24.45632721815522714, 1.980016241785372832 ) ) ;
#3711 = CYLINDRICAL_SURFACE ( 'NONE', #2808, 0.4000000000000000222 ) ;
#3712 = CARTESIAN_POINT ( 'NONE',  ( 0.8550503583145130371, 17.50000000000000000, 2.349231551964702014 ) ) ;
#3713 = CARTESIAN_POINT ( 'NONE',  ( 0.03356013614164855136, 24.46379134448226367, -2.535997085040446297 ) ) ;
#3714 = ORIENTED_EDGE ( 'NONE', *, *, #2133, .F. ) ;
#3715 = EDGE_LOOP ( 'NONE', ( #2916, #2786, #1860, #1393 ) ) ;
#3716 = CARTESIAN_POINT ( 'NONE',  ( -7.292889267578007484, -5.000000000000000000, 2.906446369887102144 ) ) ;
#3717 = LINE ( 'NONE', #4556, #1459 ) ;
#3718 = SURFACE_SIDE_STYLE ('',( #2833 ) ) ;
#3719 = PLANE ( 'NONE',  #1917 ) ;
#3720 = VERTEX_POINT ( 'NONE', #632 ) ;
#3721 = TOROIDAL_SURFACE ( 'NONE', #1011, 7.649999999999999467, 0.2000000000000000111 ) ;
#3722 = CARTESIAN_POINT ( 'NONE',  ( 7.850000000000001421, -2.062392495605124370E-16, 0.000000000000000000 ) ) ;
#3723 = LINE ( 'NONE', #6010, #2984 ) ;
#3724 = CARTESIAN_POINT ( 'NONE',  ( -0.8497394495624908117, 24.46823170470889153, 2.384922204047284389 ) ) ;
#3725 = LINE ( 'NONE', #6048, #1134 ) ;
#3726 = B_SPLINE_CURVE_WITH_KNOTS ( 'NONE', 3,
 ( #1818, #2270, #1327, #3136 ),
 .UNSPECIFIED., .F., .F.,
 ( 4, 4 ),
 ( 0.0001497275135150167213, 0.0007283906869928884502 ),
 .UNSPECIFIED. ) ;
#3727 = ORIENTED_EDGE ( 'NONE', *, *, #2486, .F. ) ;
#3728 = SURFACE_STYLE_USAGE ( .BOTH. , #1647 ) ;
#3729 = VECTOR ( 'NONE', #2077, 1000.000000000000000 ) ;
#3730 = AXIS2_PLACEMENT_3D ( 'NONE', #3400, #2509, #3908 ) ;
#3731 = CIRCLE ( 'NONE', #2621, 3.750000000000006661 ) ;
#3732 = AXIS2_PLACEMENT_3D ( 'NONE', #3142, #5037, #4574 ) ;
#3733 = CARTESIAN_POINT ( 'NONE',  ( -1.510386574700909090, 17.50000000000000000, -2.462857397828111417 ) ) ;
#3734 = CARTESIAN_POINT ( 'NONE',  ( 7.396106250776943725, -4.599999999999999645, 2.630610637707194499 ) ) ;
#3735 = CARTESIAN_POINT ( 'NONE',  ( 1.626909784977863760, 24.46985301392150447, 1.937752314108744489 ) ) ;
#3736 = ADVANCED_FACE ( 'NONE', ( #3045 ), #2541, .T. ) ;
#3737 = ORIENTED_EDGE ( 'NONE', *, *, #775, .F. ) ;
#3738 = CARTESIAN_POINT ( 'NONE',  ( 2.519708101351919805, -5.000000000000000000, -7.128363843406251732 ) ) ;
#3739 = COLOUR_RGB ( '',0.6470588235294117974, 0.6196078431372549211, 0.5882352941176470784 ) ;
#3740 = VERTEX_POINT ( 'NONE', #4447 ) ;
#3741 = EDGE_CURVE ( 'NONE', #4872, #2432, #236, .T. ) ;
#3742 = DIRECTION ( 'NONE',  ( 0.000000000000000000, 0.000000000000000000, -1.000000000000000000 ) ) ;
#3743 = CARTESIAN_POINT ( 'NONE',  ( -2.922647711875441701, 24.07731203357828775, 0.01724218057663137391 ) ) ;
#3744 = MECHANICAL_DESIGN_GEOMETRIC_PRESENTATION_REPRESENTATION (  '', ( #4630 ), #6116 ) ;
#3745 = DIRECTION ( 'NONE',  ( 0.9396926207859078728, 0.000000000000000000, 0.3420201433256701562 ) ) ;
#3746 = ORIENTED_EDGE ( 'NONE', *, *, #6063, .F. ) ;
#3747 = CARTESIAN_POINT ( 'NONE',  ( 2.590576904467965846, 17.50000000000000000, -0.4567886038580667440 ) ) ;
#3748 = MECHANICAL_DESIGN_GEOMETRIC_PRESENTATION_REPRESENTATION (  '', ( #5618 ), #3851 ) ;
#3749 = VERTEX_POINT ( 'NONE', #202 ) ;
#3750 =( GEOMETRIC_REPRESENTATION_CONTEXT ( 3 ) GLOBAL_UNCERTAINTY_ASSIGNED_CONTEXT ( ( #2567 ) ) GLOBAL_UNIT_ASSIGNED_CONTEXT ( ( #1334, #833, #3113 ) ) REPRESENTATION_CONTEXT ( 'NONE', 'WORKASPACE' ) );
#3751 = EDGE_CURVE ( 'NONE', #991, #2657, #68, .T. ) ;
#3752 = LINE ( 'NONE', #1, #3104 ) ;
#3753 = EDGE_CURVE ( 'NONE', #3874, #5419, #4177, .T. ) ;
#3754 = PLANE ( 'NONE',  #3649 ) ;
#3755 = VECTOR ( 'NONE', #193, 999.9999999999998863 ) ;
#3756 = VERTEX_POINT ( 'NONE', #327 ) ;
#3757 = EDGE_CURVE ( 'NONE', #3404, #2616, #5034, .T. ) ;
#3758 = LINE ( 'NONE', #4222, #926 ) ;
#3759 = CARTESIAN_POINT ( 'NONE',  ( 0.4317678476859103109, 24.10565824199061069, -2.861955754001427543 ) ) ;
#3760 = CARTESIAN_POINT ( 'NONE',  ( -0.9256827505249359822, 24.45104258969305633, 2.374939640304683852 ) ) ;
#3761 = SURFACE_STYLE_FILL_AREA ( #1754 ) ;
#3762 = CARTESIAN_POINT ( 'NONE',  ( -3.369714263716303115, -4.705661585819406412, -7.089959504884846275 ) ) ;
#3763 = STYLED_ITEM ( 'NONE', ( #5180 ), #2820 ) ;
#3764 = EDGE_LOOP ( 'NONE', ( #5389, #344, #1298, #3455 ) ) ;
#3765 = CARTESIAN_POINT ( 'NONE',  ( 2.462019382530658440, 17.50000000000000000, -0.4341204441674990644 ) ) ;
#3766 = ORIENTED_EDGE ( 'NONE', *, *, #117, .T. ) ;
#3767 = PRODUCT_DEFINITION_CONTEXT ( 'detailed design', #3694, 'design' ) ;
#3768 = AXIS2_PLACEMENT_3D ( 'NONE', #1854, #3321, #6047 ) ;
#3769 = CARTESIAN_POINT ( 'NONE',  ( 0.000000000000000000, 24.50000000000000000, 0.000000000000000000 ) ) ;
#3770 = FILL_AREA_STYLE_COLOUR ( '', #2910 ) ;
#3771 = CYLINDRICAL_SURFACE ( 'NONE', #3866, 0.4000000000000000222 ) ;
#3772 = ORIENTED_EDGE ( 'NONE', *, *, #4136, .T. ) ;
#3773 = FACE_OUTER_BOUND ( 'NONE', #878, .T. ) ;
#3774 = EDGE_LOOP ( 'NONE', ( #6132 ) ) ;
#3775 = B_SPLINE_CURVE_WITH_KNOTS ( 'NONE', 3,
 ( #226, #683, #3037, #5491, #1114, #3520, #5864, #3543, #4079, #5456, #1666, #655, #1577, #195, #4496, #3578, #4933, #2564, #2151, #4964, #3608, #319 ),
 .UNSPECIFIED., .F., .F.,
 ( 4, 3, 3, 3, 3, 3, 3, 4 ),
 ( 8.274813951709019538E-19, 3.737017153941320414E-05, 6.632414775228829315E-05, 9.559872338568041949E-05, 0.0001205902993703391425, 0.0001452370098981048158, 0.0001812528771457944663, 0.0001900682076238027502 ),
 .UNSPECIFIED. ) ;
#3776 = VECTOR ( 'NONE', #1084, 1000.000000000000000 ) ;
#3777 = CARTESIAN_POINT ( 'NONE',  ( -0.9338999314659715001, 17.50000000000000000, 2.377930449576800331 ) ) ;
#3778 = CARTESIAN_POINT ( 'NONE',  ( -2.008388262780223421, 24.22678025990253659, 1.915111107797551337 ) ) ;
#3779 = CARTESIAN_POINT ( 'NONE',  ( 0.02486579814413122230, 24.46649189398666024, 2.533395819424091755 ) ) ;
#3780 = SURFACE_STYLE_FILL_AREA ( #2793 ) ;
#3781 = EDGE_LOOP ( 'NONE', ( #3433, #2940, #5383, #821 ) ) ;
#3782 = EDGE_CURVE ( 'NONE', #5454, #1080, #268, .T. ) ;
#3783 = CARTESIAN_POINT ( 'NONE',  ( 0.5719665553350411491, 24.10342794339688410, -2.839547081524430361 ) ) ;
#3784 = ORIENTED_EDGE ( 'NONE', *, *, #1395, .F. ) ;
#3785 = EDGE_CURVE ( 'NONE', #1059, #5151, #3554, .T. ) ;
#3786 = B_SPLINE_CURVE_WITH_KNOTS ( 'NONE', 3,
 ( #4797, #2460, #3849, #585, #62, #3382 ),
 .UNSPECIFIED., .F., .F.,
 ( 4, 2, 4 ),
 ( 0.000000000000000000, 0.0003124823142240921612, 0.0006249646284481843225 ),
 .UNSPECIFIED. ) ;
#3787 = DIRECTION ( 'NONE',  ( 0.3826834323650889491, 0.000000000000000000, 0.9238795325112870716 ) ) ;
#3788 = PRESENTATION_STYLE_ASSIGNMENT (( #2325 ) ) ;
#3789 = CARTESIAN_POINT ( 'NONE',  ( 2.179634321644848161, 17.50000000000000000, 1.332635182233148363 ) ) ;
#3790 = ORIENTED_EDGE ( 'NONE', *, *, #2976, .T. ) ;
#3791 = VECTOR ( 'NONE', #1171, 1000.000000000000000 ) ;
#3792 = CARTESIAN_POINT ( 'NONE',  ( 0.06427876096865385580, 17.50000000000000000, -2.553936284621321384 ) ) ;
#3793 = LINE ( 'NONE', #3450, #2477 ) ;
#3794 = LINE ( 'NONE', #5143, #2854 ) ;
#3795 = CARTESIAN_POINT ( 'NONE',  ( 3.369714263716300895, -4.599999999999999645, -7.089959504884843611 ) ) ;
#3796 = PRESENTATION_LAYER_ASSIGNMENT (  '', '', ( #4969 ) ) ;
#3797 = FACE_OUTER_BOUND ( 'NONE', #3598, .T. ) ;
#3798 = EDGE_LOOP ( 'NONE', ( #3911, #3187, #5763, #2905, #3367, #681 ) ) ;
#3799 = SURFACE_STYLE_FILL_AREA ( #1858 ) ;
#3800 = ORIENTED_EDGE ( 'NONE', *, *, #2522, .F. ) ;
#3801 = ADVANCED_FACE ( 'NONE', ( #5064 ), #5086, .T. ) ;
#3802 = ADVANCED_FACE ( 'NONE', ( #5435, #779 ), #3077, .F. ) ;
#3803 = DIRECTION ( 'NONE',  ( 0.000000000000000000, 0.000000000000000000, -1.000000000000000000 ) ) ;
#3804 = CARTESIAN_POINT ( 'NONE',  ( -2.630610637707272659, -4.599999999999999645, -7.396106250776917967 ) ) ;
#3805 = FILL_AREA_STYLE ('',( #5179 ) ) ;
#3806 = CARTESIAN_POINT ( 'NONE',  ( 1.663425971003965831, 24.46082274070647244, 1.918467757140398522 ) ) ;
#3807 = EDGE_LOOP ( 'NONE', ( #6134, #5337, #3413, #4315 ) ) ;
#3808 = CARTESIAN_POINT ( 'NONE',  ( -2.906446172071057710, -5.000000000000000000, 7.292889349516093134 ) ) ;
#3809 = FILL_AREA_STYLE ('',( #2378 ) ) ;
#3810 = CARTESIAN_POINT ( 'NONE',  ( -1.377703785066863196, 17.50000000000000000, 2.539461842140159575 ) ) ;
#3811 = CARTESIAN_POINT ( 'NONE',  ( 0.000000000000000000, 15.50000000000001066, 0.000000000000000000 ) ) ;
#3812 = SURFACE_STYLE_USAGE ( .BOTH. , #3686 ) ;
#3813 = CARTESIAN_POINT ( 'NONE',  ( -2.526298143494066561, 24.44525494324887305, -0.3801841595499744209 ) ) ;
#3814 = EDGE_LOOP ( 'NONE', ( #3956, #6069, #5794, #5413 ) ) ;
#3815 = DIRECTION ( 'NONE',  ( 0.9848077530122084644, 0.000000000000000000, -0.1736481776669284716 ) ) ;
#3816 =( NAMED_UNIT ( * ) PLANE_ANGLE_UNIT ( ) SI_UNIT ( $, .RADIAN. ) );
#3817 = PLANE ( 'NONE',  #3254 ) ;
#3818 = EDGE_CURVE ( 'NONE', #5972, #1965, #691, .T. ) ;
#3819 = DIRECTION ( 'NONE',  ( 0.9238795325112911794, 0.000000000000000000, 0.3826834323650792347 ) ) ;
#3820 = ORIENTED_EDGE ( 'NONE', *, *, #5283, .F. ) ;
#3821 = ADVANCED_FACE ( 'NONE', ( #4569 ), #720, .F. ) ;
#3822 = CARTESIAN_POINT ( 'NONE',  ( 2.630610637707323729, -4.599999999999999645, 7.396106250776897539 ) ) ;
#3823 =( LENGTH_UNIT ( ) NAMED_UNIT ( * ) SI_UNIT ( .MILLI., .METRE. ) );
#3824 = DIRECTION ( 'NONE',  ( -0.9238795325112870716, 0.000000000000000000, 0.3826834323650890601 ) ) ;
#3825 = ORIENTED_EDGE ( 'NONE', *, *, #150, .T. ) ;
#3826 = PRESENTATION_LAYER_ASSIGNMENT (  '', '', ( #804 ) ) ;
#3827 = FILL_AREA_STYLE ('',( #2843 ) ) ;
#3828 = VERTEX_POINT ( 'NONE', #4625 ) ;
#3829 = UNCERTAINTY_MEASURE_WITH_UNIT (LENGTH_MEASURE( 1.000000000000000082E-05 ), #2067, 'distance_accuracy_value', 'NONE');
#3830 = EDGE_CURVE ( 'NONE', #3194, #3874, #2145, .T. ) ;
#3831 = CARTESIAN_POINT ( 'NONE',  ( 0.8233214832241594339, 24.45632721815571387, -2.406753786773492276 ) ) ;
#3832 = CARTESIAN_POINT ( 'NONE',  ( -2.671576081883781484, -4.808964141696582040, -7.381776472597924688 ) ) ;
#3833 = DIRECTION ( 'NONE',  ( 0.000000000000000000, 0.000000000000000000, 1.000000000000000000 ) ) ;
#3834 = DIRECTION ( 'NONE',  ( -0.7660444431189769032, 0.000000000000000000, 0.6427876096865406952 ) ) ;
#3835 = ORIENTED_EDGE ( 'NONE', *, *, #140, .T. ) ;
#3836 = CARTESIAN_POINT ( 'NONE',  ( 2.740117462260440728, 24.11089388095953723, 0.9158004477463697057 ) ) ;
#3837 = VECTOR ( 'NONE', #4928, 1000.000000000000114 ) ;
#3838 = EDGE_CURVE ( 'NONE', #6105, #2357, #4978, .T. ) ;
#3839 = ORIENTED_EDGE ( 'NONE', *, *, #2195, .F. ) ;
#3840 =( NAMED_UNIT ( * ) PLANE_ANGLE_UNIT ( ) SI_UNIT ( $, .RADIAN. ) );
#3841 = CARTESIAN_POINT ( 'NONE',  ( -0.04090477935146913380, 24.46038112602403913, 2.539289432908567790 ) ) ;
#3842 = FILL_AREA_STYLE ('',( #5776 ) ) ;
#3843 = DIRECTION ( 'NONE',  ( -0.000000000000000000, -1.000000000000000000, -0.000000000000000000 ) ) ;
#3844 = FILL_AREA_STYLE_COLOUR ( '', #3739 ) ;
#3845 = VERTEX_POINT ( 'NONE', #4656 ) ;
#3846 = ORIENTED_EDGE ( 'NONE', *, *, #5661, .T. ) ;
#3847 = DIRECTION ( 'NONE',  ( -0.000000000000000000, 1.000000000000000000, -0.000000000000000000 ) ) ;
#3848 = FILL_AREA_STYLE_COLOUR ( '', #5854 ) ;
#3849 = CARTESIAN_POINT ( 'NONE',  ( -3.330614637021457103, -4.808964141696582040, 7.108793764933130532 ) ) ;
#3850 = SURFACE_STYLE_FILL_AREA ( #371 ) ;
#3851 =( GEOMETRIC_REPRESENTATION_CONTEXT ( 3 ) GLOBAL_UNCERTAINTY_ASSIGNED_CONTEXT ( ( #1729 ) ) GLOBAL_UNIT_ASSIGNED_CONTEXT ( ( #3823, #2840, #3227 ) ) REPRESENTATION_CONTEXT ( 'NONE', 'WORKASPACE' ) );
#3852 = SURFACE_SIDE_STYLE ('',( #488 ) ) ;
#3853 = ORIENTED_EDGE ( 'NONE', *, *, #1896, .F. ) ;
#3854 = STYLED_ITEM ( 'NONE', ( #2169 ), #4772 ) ;
#3855 = ORIENTED_EDGE ( 'NONE', *, *, #3703, .T. ) ;
#3856 = CIRCLE ( 'NONE', #5712, 7.849999999999999645 ) ;
#3857 = SURFACE_STYLE_USAGE ( .BOTH. , #3318 ) ;
#3858 = CARTESIAN_POINT ( 'NONE',  ( 0.000000000000000000, 0.000000000000000000, 0.000000000000000000 ) ) ;
#3859 = VECTOR ( 'NONE', #445, 1000.000000000000000 ) ;
#3860 = CYLINDRICAL_SURFACE ( 'NONE', #4718, 0.4000000000000000222 ) ;
#3861 = EDGE_LOOP ( 'NONE', ( #5836, #2499, #3746, #5072 ) ) ;
#3862 =( LENGTH_UNIT ( ) NAMED_UNIT ( * ) SI_UNIT ( .MILLI., .METRE. ) );
#3863 = EDGE_LOOP ( 'NONE', ( #5474, #5620, #5557, #125 ) ) ;
#3864 = ADVANCED_FACE ( 'NONE', ( #2751 ), #6086, .F. ) ;
#3865 = CARTESIAN_POINT ( 'NONE',  ( 2.744346812419448334, 24.07614780132970722, 1.008745229337449034 ) ) ;
#3866 = AXIS2_PLACEMENT_3D ( 'NONE', #449, #5646, #3302 ) ;
#3867 = CARTESIAN_POINT ( 'NONE',  ( -7.128363843406259726, -5.000000000000000000, -2.519708101351894936 ) ) ;
#3868 = FILL_AREA_STYLE_COLOUR ( '', #2846 ) ;
#3869 = ORIENTED_EDGE ( 'NONE', *, *, #2425, .F. ) ;
#3870 = CARTESIAN_POINT ( 'NONE',  ( 6.975290470460246084, -5.000000000000000000, 2.889259914356361758 ) ) ;
#3871 = COLOUR_RGB ( '',0.6470588235294117974, 0.6196078431372549211, 0.5882352941176470784 ) ;
#3872 = CIRCLE ( 'NONE', #1147, 0.09999999999999982514 ) ;
#3873 = VECTOR ( 'NONE', #6024, 1000.000000000000000 ) ;
#3874 = VERTEX_POINT ( 'NONE', #1759 ) ;
#3875 = CARTESIAN_POINT ( 'NONE',  ( -0.4260709772372914816, 17.50000000000000000, 2.857515999855442246 ) ) ;
#3876 = CARTESIAN_POINT ( 'NONE',  ( -1.851418243575051692, 24.33900071865860326, 1.915111107797552004 ) ) ;
#3877 = CARTESIAN_POINT ( 'NONE',  ( -0.06427876096829798769, 24.44525494324443216, 2.553936284621320052 ) ) ;
#3878 = EDGE_CURVE ( 'NONE', #2212, #1073, #1027, .T. ) ;
#3879 = PRESENTATION_STYLE_ASSIGNMENT (( #2858 ) ) ;
#3880 = CARTESIAN_POINT ( 'NONE',  ( 0.4990481106522766108, 24.07622500002019450, -2.880881979505650392 ) ) ;
#3881 = ORIENTED_EDGE ( 'NONE', *, *, #618, .T. ) ;
#3882 = CIRCLE ( 'NONE', #5736, 0.3999999999999999112 ) ;
#3883 = EDGE_LOOP ( 'NONE', ( #3115 ) ) ;
#3884 = PRODUCT_DEFINITION_SHAPE ( 'NONE', 'NONE',  #6160 ) ;
#3885 = EDGE_CURVE ( 'NONE', #1705, #2780, #1830, .T. ) ;
#3886 = CARTESIAN_POINT ( 'NONE',  ( -1.606969024216029940, 17.50000000000000000, 1.915111107797552670 ) ) ;
#3887 = PRESENTATION_STYLE_ASSIGNMENT (( #1940 ) ) ;
#3888 = DIRECTION ( 'NONE',  ( -0.000000000000000000, 1.000000000000000000, 0.000000000000000000 ) ) ;
#3889 = DIRECTION ( 'NONE',  ( -0.9238795325112911794, 0.000000000000000000, -0.3826834323650792347 ) ) ;
#3890 = SHAPE_REPRESENTATION ( 'SR16 Гайка', ( #1169 ), #680 ) ;
#3891 = CARTESIAN_POINT ( 'NONE',  ( 7.108856995717137472, -4.809216244852373201, -3.330480830019037608 ) ) ;
#3892 = ORIENTED_EDGE ( 'NONE', *, *, #2893, .T. ) ;
#3893 = CARTESIAN_POINT ( 'NONE',  ( 2.726060637096964001, 24.08406744546853773, -1.035036674028118275 ) ) ;
#3894 = FACE_OUTER_BOUND ( 'NONE', #2866, .T. ) ;
#3895 = ORIENTED_EDGE ( 'NONE', *, *, #4532, .F. ) ;
#3896 = CARTESIAN_POINT ( 'NONE',  ( -1.690878987333757744, 24.50000000000000000, 1.915111107797552448 ) ) ;
#3897 = ORIENTED_EDGE ( 'NONE', *, *, #5511, .F. ) ;
#3898 =( GEOMETRIC_REPRESENTATION_CONTEXT ( 3 ) GLOBAL_UNCERTAINTY_ASSIGNED_CONTEXT ( ( #4999 ) ) GLOBAL_UNIT_ASSIGNED_CONTEXT ( ( #3498, #505, #5400 ) ) REPRESENTATION_CONTEXT ( 'NONE', 'WORKASPACE' ) );
#3899 = CARTESIAN_POINT ( 'NONE',  ( -2.744441034882602271, 24.07622500002035792, 1.008252648217471847 ) ) ;
#3900 = SURFACE_STYLE_FILL_AREA ( #3006 ) ;
#3901 = DIRECTION ( 'NONE',  ( -0.9238795325112825196, 0.000000000000000000, 0.3826834323651000513 ) ) ;
#3902 = VERTEX_POINT ( 'NONE', #3300 ) ;
#3903 = EDGE_CURVE ( 'NONE', #3177, #5196, #5178, .T. ) ;
#3904 = CARTESIAN_POINT ( 'NONE',  ( -2.687716936213861540, 17.50000000000000000, 1.059769709824812445 ) ) ;
#3905 = UNCERTAINTY_MEASURE_WITH_UNIT (LENGTH_MEASURE( 1.000000000000000082E-05 ), #1767, 'distance_accuracy_value', 'NONE');
#3906 = LINE ( 'NONE', #50, #100 ) ;
#3907 = ADVANCED_FACE ( 'NONE', ( #4780, #925 ), #2847, .T. ) ;
#3908 = DIRECTION ( 'NONE',  ( 0.000000000000000000, 0.000000000000000000, -1.000000000000000000 ) ) ;
#3909 = DIRECTION ( 'NONE',  ( -0.4999999999999981681, 0.000000000000000000, -0.8660254037844395958 ) ) ;
#3910 = CARTESIAN_POINT ( 'NONE',  ( -0.5168692998027656360, 24.07614780132990262, 2.877820788629496196 ) ) ;
#3911 = ORIENTED_EDGE ( 'NONE', *, *, #2727, .T. ) ;
#3912 = COLOUR_RGB ( '',0.7764705882352941346, 0.7568627450980391913, 0.7372549019607843590 ) ;
#3913 = EDGE_LOOP ( 'NONE', ( #2470, #3060, #2406, #3003 ) ) ;
#3914 = DIRECTION ( 'NONE',  ( 0.1736481776669288046, 0.000000000000000000, -0.9848077530122083534 ) ) ;
#3915 = CARTESIAN_POINT ( 'NONE',  ( 7.170134877892339276, -4.956521243558936973, 3.196421199642734745 ) ) ;
#3916 = DIRECTION ( 'NONE',  ( 0.3826834323650902814, -0.000000000000000000, 0.9238795325112866275 ) ) ;
#3917 = PLANE ( 'NONE',  #1642 ) ;
#3918 = CARTESIAN_POINT ( 'NONE',  ( 2.889259914356434589, -4.599999999999999645, -6.975290470460214998 ) ) ;
#3919 = AXIS2_PLACEMENT_3D ( 'NONE', #1999, #2546, #3974 ) ;
#3920 = PLANE ( 'NONE',  #4725 ) ;
#3921 = ORIENTED_EDGE ( 'NONE', *, *, #5244, .T. ) ;
#3922 = EDGE_CURVE ( 'NONE', #450, #2913, #4290, .T. ) ;
#3923 = PRESENTATION_STYLE_ASSIGNMENT (( #4312 ) ) ;
#3924 = CARTESIAN_POINT ( 'NONE',  ( 2.703388160340335133, 24.09876993821315949, -1.053032604585090404 ) ) ;
#3925 = CYLINDRICAL_SURFACE ( 'NONE', #4367, 0.4000000000000000222 ) ;
#3926 = ORIENTED_EDGE ( 'NONE', *, *, #1844, .F. ) ;
#3927 = LINE ( 'NONE', #3420, #59 ) ;
#3928 = ORIENTED_EDGE ( 'NONE', *, *, #2078, .T. ) ;
#3929 = CARTESIAN_POINT ( 'NONE',  ( -2.751374610483016792, 24.09078937327046077, 0.9452217853316260410 ) ) ;
#3930 = VECTOR ( 'NONE', #2352, 1000.000000000000000 ) ;
#3931 = LINE ( 'NONE', #4386, #227 ) ;
#3932 = DIRECTION ( 'NONE',  ( 0.000000000000000000, 1.000000000000000000, 0.000000000000000000 ) ) ;
#3933 = ORIENTED_EDGE ( 'NONE', *, *, #5164, .F. ) ;
#3934 = CARTESIAN_POINT ( 'NONE',  ( -0.4903497382059452958, 17.50000000000000000, 2.780911555543543745 ) ) ;
#3935 = ADVANCED_FACE ( 'NONE', ( #1423 ), #958, .F. ) ;
#3936 = ORIENTED_EDGE ( 'NONE', *, *, #5511, .T. ) ;
#3937 = CARTESIAN_POINT ( 'NONE',  ( 2.740117462260085901, 24.11089388095992447, -0.9158004477462106108 ) ) ;
#3938 = VECTOR ( 'NONE', #2277, 1000.000000000000227 ) ;
#3939 = EDGE_CURVE ( 'NONE', #929, #5285, #3235, .T. ) ;
#3940 = EDGE_LOOP ( 'NONE', ( #2609, #4616, #4644, #731 ) ) ;
#3941 = PRESENTATION_LAYER_ASSIGNMENT (  '', '', ( #4815 ) ) ;
#3942 = EDGE_CURVE ( 'NONE', #976, #2212, #1338, .T. ) ;
#3943 = AXIS2_PLACEMENT_3D ( 'NONE', #5674, #5306, #5739 ) ;
#3944 = CARTESIAN_POINT ( 'NONE',  ( 1.411905799400042127, 17.50000000000000000, 2.445492580061419563 ) ) ;
#3945 = DIRECTION ( 'NONE',  ( 0.000000000000000000, 0.000000000000000000, -1.000000000000000000 ) ) ;
#3946 = CARTESIAN_POINT ( 'NONE',  ( -3.258811727360950705, -4.599999999999999645, -6.822217097514180928 ) ) ;
#3947 = CARTESIAN_POINT ( 'NONE',  ( 2.649580679115369986, 24.33873950678605169, 0.2767378293798364308 ) ) ;
#3948 = VERTEX_POINT ( 'NONE', #994 ) ;
#3949 = VECTOR ( 'NONE', #4865, 999.9999999999998863 ) ;
#3950 = DIRECTION ( 'NONE',  ( -0.3826834323650879499, 0.000000000000000000, 0.9238795325112876267 ) ) ;
#3951 = CARTESIAN_POINT ( 'NONE',  ( 2.261645958976552517, 24.11089388095995290, -1.797746290030845406 ) ) ;
#3952 = DIRECTION ( 'NONE',  ( -0.000000000000000000, -1.000000000000000000, -0.000000000000000000 ) ) ;
#3953 = ORIENTED_EDGE ( 'NONE', *, *, #5468, .T. ) ;
#3954 = SURFACE_STYLE_FILL_AREA ( #1086 ) ;
#3955 = PRODUCT_DEFINITION ( 'UNKNOWN', '', #2576, #2877 ) ;
#3956 = ORIENTED_EDGE ( 'NONE', *, *, #678, .T. ) ;
#3957 = COLOUR_RGB ( '',0.6470588235294117974, 0.6196078431372549211, 0.5882352941176470784 ) ;
#3958 = VECTOR ( 'NONE', #2434, 1000.000000000000000 ) ;
#3959 = EDGE_CURVE ( 'NONE', #1476, #5356, #5303, .T. ) ;
#3960 = LINE ( 'NONE', #4319, #2045 ) ;
#3961 = CYLINDRICAL_SURFACE ( 'NONE', #4903, 0.3999999999999999667 ) ;
#3962 = CARTESIAN_POINT ( 'NONE',  ( 2.249961098915528090, 24.07731203357797511, 1.865433460054380710 ) ) ;
#3963 = DIRECTION ( 'NONE',  ( 0.9396926207859078728, -0.000000000000000000, 0.3420201433256701562 ) ) ;
#3964 = CARTESIAN_POINT ( 'NONE',  ( -2.243913082607063458, 24.44525494324885884, -1.221301102390079718 ) ) ;
#3965 = PRESENTATION_LAYER_ASSIGNMENT (  '', '', ( #5232 ) ) ;
#3966 = VERTEX_POINT ( 'NONE', #5832 ) ;
#3967 = PLANE ( 'NONE',  #5795 ) ;
#3968 = DIRECTION ( 'NONE',  ( -0.000000000000000000, 1.000000000000000000, -0.000000000000000000 ) ) ;
#3969 = CARTESIAN_POINT ( 'NONE',  ( -0.4824415982374418155, 24.07928144543837590, 2.880598371736442065 ) ) ;
#3970 = CARTESIAN_POINT ( 'NONE',  ( 2.395141502711313652, 24.33873950506871253, -1.166258458897399430 ) ) ;
#3971 = STYLED_ITEM ( 'NONE', ( #1195 ), #2487 ) ;
#3972 = AXIS2_PLACEMENT_3D ( 'NONE', #2912, #4811, #532 ) ;
#3973 = ORIENTED_EDGE ( 'NONE', *, *, #6063, .T. ) ;
#3974 = DIRECTION ( 'NONE',  ( 0.000000000000000000, 0.000000000000000000, 1.000000000000000000 ) ) ;
#3975 = CARTESIAN_POINT ( 'NONE',  ( 1.482041236376213877, 24.07928144543825510, 2.516773857270793169 ) ) ;
#3976 =( NAMED_UNIT ( * ) PLANE_ANGLE_UNIT ( ) SI_UNIT ( $, .RADIAN. ) );
#3977 = CARTESIAN_POINT ( 'NONE',  ( -2.206704156875733513, 24.46645550312287298, 1.244739462586021750 ) ) ;
#3978 = VERTEX_POINT ( 'NONE', #4441 ) ;
#3979 = CARTESIAN_POINT ( 'NONE',  ( 7.212019310911093051, -5.000000000000000888, -3.101683716060889218 ) ) ;
#3980 = EDGE_CURVE ( 'NONE', #4808, #4617, #1921, .T. ) ;
#3981 = EDGE_LOOP ( 'NONE', ( #1498, #2656, #281, #2149 ) ) ;
#3982 = AXIS2_PLACEMENT_3D ( 'NONE', #4372, #2898, #2929 ) ;
#3983 = CARTESIAN_POINT ( 'NONE',  ( 2.502420202987256204, 24.44731221181113057, -0.5040967178654526260 ) ) ;
#3984 = CARTESIAN_POINT ( 'NONE',  ( 2.170383058580524160, 24.10565824199047924, -1.914850279051764526 ) ) ;
#3985 = FACE_OUTER_BOUND ( 'NONE', #1654, .T. ) ;
#3986 = VERTEX_POINT ( 'NONE', #1548 ) ;
#3987 = DIRECTION ( 'NONE',  ( -0.000000000000000000, 1.000000000000000000, -0.000000000000000000 ) ) ;
#3988 = ORIENTED_EDGE ( 'NONE', *, *, #2228, .F. ) ;
#3989 = CARTESIAN_POINT ( 'NONE',  ( -2.173136630176170758, 24.10342794340837003, -1.915111107797322632 ) ) ;
#3990 = VECTOR ( 'NONE', #4483, 1000.000000000000114 ) ;
#3991 = DIRECTION ( 'NONE',  ( 1.000000000000000000, -0.000000000000000000, -0.000000000000000000 ) ) ;
#3992 = CIRCLE ( 'NONE', #582, 0.1000000000000000472 ) ;
#3993 = CARTESIAN_POINT ( 'NONE',  ( -1.690878987334029970, 17.50000000000000000, -2.015111107797324053 ) ) ;
#3994 = CARTESIAN_POINT ( 'NONE',  ( -2.179634321644492889, 24.44525494324457782, -1.332635182233149251 ) ) ;
#3995 = LINE ( 'NONE', #5772, #3590 ) ;
#3996 = DIRECTION ( 'NONE',  ( 0.000000000000000000, 0.000000000000000000, -1.000000000000000000 ) ) ;
#3997 = CARTESIAN_POINT ( 'NONE',  ( 0.05673178631876015648, 24.45117771391967310, 2.548190838701224425 ) ) ;
#3998 = CARTESIAN_POINT ( 'NONE',  ( -2.207655672896182253, 24.08406744546884326, 1.904983974641319300 ) ) ;
#3999 = LINE ( 'NONE', #1130, #992 ) ;
#4000 = CARTESIAN_POINT ( 'NONE',  ( 1.397553550899480523, 24.09647142437280465, 2.545076199333028644 ) ) ;
#4001 = LINE ( 'NONE', #5409, #2636 ) ;
#4002 = DIRECTION ( 'NONE',  ( -0.000000000000000000, 1.000000000000000000, -0.000000000000000000 ) ) ;
#4003 = ORIENTED_EDGE ( 'NONE', *, *, #2048, .F. ) ;
#4004 = CARTESIAN_POINT ( 'NONE',  ( 2.519708101351921137, -4.599999999999999645, -7.128363843406254396 ) ) ;
#4005 = ORIENTED_EDGE ( 'NONE', *, *, #4192, .F. ) ;
#4006 = CARTESIAN_POINT ( 'NONE',  ( 2.503974364086288595, 24.44525494324852488, -0.5067886038524658243 ) ) ;
#4007 = AXIS2_PLACEMENT_3D ( 'NONE', #881, #4704, #2927 ) ;
#4008 = ADVANCED_FACE ( 'NONE', ( #4934 ), #4320, .F. ) ;
#4009 = CARTESIAN_POINT ( 'NONE',  ( 2.227794978838257389, 24.07731203357797867, -1.891850013290342192 ) ) ;
#4010 = LINE ( 'NONE', #988, #3776 ) ;
#4011 = ORIENTED_EDGE ( 'NONE', *, *, #3009, .T. ) ;
#4012 = DIRECTION ( 'NONE',  ( -0.000000000000000000, -1.000000000000000000, -0.000000000000000000 ) ) ;
#4013 = ORIENTED_EDGE ( 'NONE', *, *, #5811, .T. ) ;
#4014 = EDGE_CURVE ( 'NONE', #2418, #3373, #2473, .T. ) ;
#4015 = CARTESIAN_POINT ( 'NONE',  ( -2.233831260589204781, 24.07614780133018684, -1.886532338381583962 ) ) ;
#4016 = CARTESIAN_POINT ( 'NONE',  ( 0.000000000000000000, 0.000000000000000000, 0.000000000000000000 ) ) ;
#4017 = VERTEX_POINT ( 'NONE', #1954 ) ;
#4018 = CARTESIAN_POINT ( 'NONE',  ( -2.212004646023184584, 24.46402637105432021, -1.240240981696604683 ) ) ;
#4019 = UNCERTAINTY_MEASURE_WITH_UNIT (LENGTH_MEASURE( 1.000000000000000082E-05 ), #2572, 'distance_accuracy_value', 'NONE');
#4020 = EDGE_CURVE ( 'NONE', #374, #40, #4681, .T. ) ;
#4021 = AXIS2_PLACEMENT_3D ( 'NONE', #4085, #2252, #5962 ) ;
#4022 = LINE ( 'NONE', #718, #2539 ) ;
#4023 = CARTESIAN_POINT ( 'NONE',  ( 0.06427876096865399458, 24.44525494324442150, -2.553936284621321384 ) ) ;
#4024 = CARTESIAN_POINT ( 'NONE',  ( 6.928203230275514102, 0.000000000000000000, -3.543546446612491656E-15 ) ) ;
#4025 = CARTESIAN_POINT ( 'NONE',  ( 1.510386574701009454, 24.11089388096000619, -2.462857397828235761 ) ) ;
#4026 = PRESENTATION_STYLE_ASSIGNMENT (( #3728 ) ) ;
#4027 = CARTESIAN_POINT ( 'NONE',  ( -1.415460574289765017, 24.08748573298199602, 2.545429377966455853 ) ) ;
#4028 = EDGE_CURVE ( 'NONE', #2719, #80, #2105, .T. ) ;
#4029 = SURFACE_STYLE_USAGE ( .BOTH. , #2992 ) ;
#4030 = CARTESIAN_POINT ( 'NONE',  ( 1.417231048937226401, 24.08637983427266605, 2.545720563407408932 ) ) ;
#4031 = B_SPLINE_CURVE_WITH_KNOTS ( 'NONE', 3,
 ( #3795, #2297, #4168, #3351, #349, #3322 ),
 .UNSPECIFIED., .F., .F.,
 ( 4, 2, 4 ),
 ( 0.000000000000000000, 0.0003124823142240919986, 0.0006249646284481839972 ),
 .UNSPECIFIED. ) ;
#4032 = CARTESIAN_POINT ( 'NONE',  ( 6.822217097514144513, -5.000000000000000000, -3.258811727361020427 ) ) ;
#4033 = CARTESIAN_POINT ( 'NONE',  ( -2.235695901671932884, 24.45104258969314870, 1.224291911660289944 ) ) ;
#4034 = VERTEX_POINT ( 'NONE', #77 ) ;
#4035 = CYLINDRICAL_SURFACE ( 'NONE', #2935, 0.4000000000000000222 ) ;
#4036 = ORIENTED_EDGE ( 'NONE', *, *, #4961, .T. ) ;
#4037 = AXIS2_PLACEMENT_3D ( 'NONE', #129, #4408, #2557 ) ;
#4038 = VECTOR ( 'NONE', #5367, 1000.000000000000000 ) ;
#4039 = CARTESIAN_POINT ( 'NONE',  ( 2.495970661612464170, 24.45632721815553623, -0.4903595734333143774 ) ) ;
#4040 = CARTESIAN_POINT ( 'NONE',  ( 2.221184647294952796, 24.07928144543821247, -1.896558893781761901 ) ) ;
#4041 = CARTESIAN_POINT ( 'NONE',  ( 3.258811727360997779, 0.000000000000000000, 6.822217097514156059 ) ) ;
#4042 = ORIENTED_EDGE ( 'NONE', *, *, #1420, .T. ) ;
#4043 = AXIS2_PLACEMENT_3D ( 'NONE', #1875, #5682, #4668 ) ;
#4044 = ORIENTED_EDGE ( 'NONE', *, *, #1837, .T. ) ;
#4045 = CARTESIAN_POINT ( 'NONE',  ( -2.240053024429135675, 24.07618934483402384, -1.879050610017725331 ) ) ;
#4046 = PRESENTATION_LAYER_ASSIGNMENT (  '', '', ( #4530 ) ) ;
#4047 = B_SPLINE_CURVE_WITH_KNOTS ( 'NONE', 3,
 ( #817, #5680, #1770, #1804, #3713, #2725, #5157, #845, #3248, #2261, #5594, #4241, #1406, #4632, #2857, #365, #2225, #5129, #3277 ),
 .UNSPECIFIED., .F., .F.,
 ( 4, 3, 3, 3, 3, 3, 4 ),
 ( 6.776263578034402713E-20, 3.145909546063718911E-05, 5.768159792252225003E-05, 8.411505865618519140E-05, 0.0001075980665475259216, 0.0001382024233625003600, 0.0001492729888286328972 ),
 .UNSPECIFIED. ) ;
#4048 = FACE_OUTER_BOUND ( 'NONE', #58, .T. ) ;
#4049 = ADVANCED_FACE ( 'NONE', ( #1985 ), #3961, .T. ) ;
#4050 = ORIENTED_EDGE ( 'NONE', *, *, #3182, .F. ) ;
#4051 = CARTESIAN_POINT ( 'NONE',  ( 1.606969024216656106, 17.50000000000000000, 1.915111107797324186 ) ) ;
#4052 = EDGE_CURVE ( 'NONE', #2616, #5196, #3931, .T. ) ;
#4053 =( GEOMETRIC_REPRESENTATION_CONTEXT ( 3 ) GLOBAL_UNCERTAINTY_ASSIGNED_CONTEXT ( ( #803 ) ) GLOBAL_UNIT_ASSIGNED_CONTEXT ( ( #1901, #1996, #1528 ) ) REPRESENTATION_CONTEXT ( 'NONE', 'WORKASPACE' ) );
#4054 = MECHANICAL_DESIGN_GEOMETRIC_PRESENTATION_REPRESENTATION (  '', ( #741 ), #257 ) ;
#4055 = DIRECTION ( 'NONE',  ( 0.000000000000000000, 0.000000000000000000, 1.000000000000000000 ) ) ;
#4056 = DIRECTION ( 'NONE',  ( 0.000000000000000000, 1.000000000000000000, 0.000000000000000000 ) ) ;
#4057 = CARTESIAN_POINT ( 'NONE',  ( -2.734025554808708680, 24.08011071800951086, -1.025113498465352713 ) ) ;
#4058 = DIRECTION ( 'NONE',  ( -0.000000000000000000, 1.000000000000000000, -0.000000000000000000 ) ) ;
#4059 = PRESENTATION_STYLE_ASSIGNMENT (( #5499 ) ) ;
#4060 =( GEOMETRIC_REPRESENTATION_CONTEXT ( 3 ) GLOBAL_UNCERTAINTY_ASSIGNED_CONTEXT ( ( #3581 ) ) GLOBAL_UNIT_ASSIGNED_CONTEXT ( ( #3263, #2301, #4715 ) ) REPRESENTATION_CONTEXT ( 'NONE', 'WORKASPACE' ) );
#4061 = SURFACE_STYLE_FILL_AREA ( #2599 ) ;
#4062 = CARTESIAN_POINT ( 'NONE',  ( -2.234088273409384318, 24.07622500002032950, 1.886101689517263535 ) ) ;
#4063 = PLANE ( 'NONE',  #1243 ) ;
#4064 =( GEOMETRIC_REPRESENTATION_CONTEXT ( 3 ) GLOBAL_UNCERTAINTY_ASSIGNED_CONTEXT ( ( #4444 ) ) GLOBAL_UNIT_ASSIGNED_CONTEXT ( ( #4849, #4414, #4321 ) ) REPRESENTATION_CONTEXT ( 'NONE', 'WORKASPACE' ) );
#4065 = CARTESIAN_POINT ( 'NONE',  ( 7.396106250776943725, -4.599999999999999645, 2.630610637707194499 ) ) ;
#4066 = CARTESIAN_POINT ( 'NONE',  ( 3.546590444804752307E-13, 17.50000000000000000, 2.499999999999991562 ) ) ;
#4067 = ORIENTED_EDGE ( 'NONE', *, *, #536, .F. ) ;
#4068 = DIRECTION ( 'NONE',  ( 0.000000000000000000, 1.000000000000000000, 0.000000000000000000 ) ) ;
#4069 = EDGE_LOOP ( 'NONE', ( #1656 ) ) ;
#4070 = ADVANCED_FACE ( 'NONE', ( #5797 ), #3721, .T. ) ;
#4071 = CARTESIAN_POINT ( 'NONE',  ( 2.499349581870847548, 24.46645550312254258, -0.4149352157810534125 ) ) ;
#4072 = CARTESIAN_POINT ( 'NONE',  ( -0.8550503583141598751, 17.50000000000000000, -2.349231551964701126 ) ) ;
#4073 = CARTESIAN_POINT ( 'NONE',  ( -0.6541792807425839129, 24.22653848204091531, 2.697150464089320021 ) ) ;
#4074 = CARTESIAN_POINT ( 'NONE',  ( -1.426390721609838597, 24.08265420111469979, -2.544876525870925388 ) ) ;
#4075 = ORIENTED_EDGE ( 'NONE', *, *, #1913, .T. ) ;
#4076 = ORIENTED_EDGE ( 'NONE', *, *, #6057, .F. ) ;
#4077 = B_SPLINE_CURVE_WITH_KNOTS ( 'NONE', 3,
 ( #1103, #4033, #3595, #1591, #4920, #3977, #641, #2036, #3025, #2671, #700, #5011, #668, #5410, #2580, #2170, #2549, #1166, #1197 ),
 .UNSPECIFIED., .F., .F.,
 ( 4, 3, 3, 3, 3, 3, 4 ),
 ( 9.697399036122160616E-19, 3.145909546063628109E-05, 5.768159792252140977E-05, 8.411505865618212853E-05, 0.0001075980665475222625, 0.0001382024233624998179, 0.0001492729888286359330 ),
 .UNSPECIFIED. ) ;
#4078 = AXIS2_PLACEMENT_3D ( 'NONE', #4378, #1979, #5328 ) ;
#4079 = CARTESIAN_POINT ( 'NONE',  ( 0.4985744116572205509, 24.07614780132984222, 2.881046671018661076 ) ) ;
#4080 = FILL_AREA_STYLE ('',( #320 ) ) ;
#4081 = FILL_AREA_STYLE_COLOUR ( '', #2112 ) ;
#4082 = DIRECTION ( 'NONE',  ( 0.9238795325112825196, 0.000000000000000000, -0.3826834323651000513 ) ) ;
#4083 = DIRECTION ( 'NONE',  ( 0.7660444431189766812, 0.000000000000000000, -0.6427876096865409172 ) ) ;
#4084 = CARTESIAN_POINT ( 'NONE',  ( 2.915662456093379262, 24.08406744546853062, -0.04024867501270940756 ) ) ;
#4085 = CARTESIAN_POINT ( 'NONE',  ( -2.462019382530304057, 17.50000000000000000, 0.4341204441674988423 ) ) ;
#4086 = CARTESIAN_POINT ( 'NONE',  ( -2.243913082607063458, 24.44525494324885884, -1.221301102390079718 ) ) ;
#4087 = DIRECTION ( 'NONE',  ( 0.9238795325112885148, 0.000000000000000000, 0.3826834323650853964 ) ) ;
#4088 = ADVANCED_FACE ( 'NONE', ( #3521 ), #3460, .T. ) ;
#4089 = DIRECTION ( 'NONE',  ( 0.9238795325112891810, -0.000000000000000000, 0.3826834323650838976 ) ) ;
#4090 = CARTESIAN_POINT ( 'NONE',  ( -1.490732360093723452, 24.08265420111469979, 2.507728863572154854 ) ) ;
#4091 = VECTOR ( 'NONE', #2556, 1000.000000000000000 ) ;
#4092 = EDGE_CURVE ( 'NONE', #4170, #4593, #5298, .T. ) ;
#4093 = VECTOR ( 'NONE', #2058, 1000.000000000000000 ) ;
#4094 = CARTESIAN_POINT ( 'NONE',  ( 1.377703785067475595, 17.50000000000000000, 2.539461842140010361 ) ) ;
#4095 = LINE ( 'NONE', #4514, #4653 ) ;
#4096 = DIRECTION ( 'NONE',  ( -0.000000000000000000, -1.000000000000000000, -0.000000000000000000 ) ) ;
#4097 = CARTESIAN_POINT ( 'NONE',  ( -1.606969024216302167, 17.50000000000000000, -1.915111107797323964 ) ) ;
#4098 = DIRECTION ( 'NONE',  ( 0.9238795325112838519, 0.000000000000000000, -0.3826834323650967762 ) ) ;
#4099 = EDGE_LOOP ( 'NONE', ( #5144, #2205, #3262, #4317 ) ) ;
#4100 = B_SPLINE_CURVE_WITH_KNOTS ( 'NONE', 3,
 ( #1529, #974, #5221, #2355, #6158, #1432 ),
 .UNSPECIFIED., .F., .F.,
 ( 4, 2, 4 ),
 ( 0.000000000000000000, 0.0003124823142240915107, 0.0006249646284481830214 ),
 .UNSPECIFIED. ) ;
#4101 = CARTESIAN_POINT ( 'NONE',  ( 2.238068735162857870, 24.44929433676956876, 1.223582656351503317 ) ) ;
#4102 = CYLINDRICAL_SURFACE ( 'NONE', #1268, 0.3999999999999999667 ) ;
#4103 = FILL_AREA_STYLE_COLOUR ( '', #882 ) ;
#4104 = DIRECTION ( 'NONE',  ( 0.9238795325112899581, -0.000000000000000000, 0.3826834323650817327 ) ) ;
#4105 = CARTESIAN_POINT ( 'NONE',  ( -0.8231216561258888342, 24.45629017994082943, -2.406866610358045833 ) ) ;
#4106 = ORIENTED_EDGE ( 'NONE', *, *, #5038, .F. ) ;
#4107 = EDGE_CURVE ( 'NONE', #1998, #4786, #1272, .T. ) ;
#4108 = ORIENTED_EDGE ( 'NONE', *, *, #4458, .T. ) ;
#4109 = PRESENTATION_LAYER_ASSIGNMENT (  '', '', ( #6073 ) ) ;
#4110 = PLANE ( 'NONE',  #93 ) ;
#4111 = CARTESIAN_POINT ( 'NONE',  ( 1.490777987167568597E-16, 17.50000000000000000, -2.630540728933219441 ) ) ;
#4112 = PLANE ( 'NONE',  #1798 ) ;
#4113 = DIRECTION ( 'NONE',  ( -0.3826834323651000513, 0.000000000000000000, -0.9238795325112825196 ) ) ;
#4114 = DIRECTION ( 'NONE',  ( -1.000000000000000000, 0.000000000000000000, -3.210683727211235158E-15 ) ) ;
#4115 = CARTESIAN_POINT ( 'NONE',  ( 7.128363843406225087, 0.000000000000000000, -2.519708101351994411 ) ) ;
#4116 = SURFACE_STYLE_FILL_AREA ( #5498 ) ;
#4117 = CARTESIAN_POINT ( 'NONE',  ( 1.596678209311341634, 24.45629017994065535, 1.980190606166752021 ) ) ;
#4118 = ORIENTED_EDGE ( 'NONE', *, *, #3878, .F. ) ;
#4119 = CARTESIAN_POINT ( 'NONE',  ( 2.740117462260440728, 24.11089388095953723, 0.9158004477463697057 ) ) ;
#4120 = ADVANCED_FACE ( 'NONE', ( #5027 ), #3069, .T. ) ;
#4121 =( NAMED_UNIT ( * ) SI_UNIT ( $, .STERADIAN. ) SOLID_ANGLE_UNIT ( ) );
#4122 = CARTESIAN_POINT ( 'NONE',  ( 2.630610637707323729, 0.000000000000000000, 7.396106250776897539 ) ) ;
#4123 =( GEOMETRIC_REPRESENTATION_CONTEXT ( 3 ) GLOBAL_UNCERTAINTY_ASSIGNED_CONTEXT ( ( #139 ) ) GLOBAL_UNIT_ASSIGNED_CONTEXT ( ( #5363, #5395, #1484 ) ) REPRESENTATION_CONTEXT ( 'NONE', 'WORKASPACE' ) );
#4124 = DIRECTION ( 'NONE',  ( -0.3826834323651009950, 0.000000000000000000, -0.9238795325112820755 ) ) ;
#4125 = ORIENTED_EDGE ( 'NONE', *, *, #2907, .F. ) ;
#4126 = EDGE_CURVE ( 'NONE', #229, #1663, #3609, .T. ) ;
#4127 = CARTESIAN_POINT ( 'NONE',  ( 3.004064944065961473, -5.000000000000000000, -7.252454330213600642 ) ) ;
#4128 = ORIENTED_EDGE ( 'NONE', *, *, #4908, .T. ) ;
#4129 = EDGE_CURVE ( 'NONE', #588, #3252, #1604, .T. ) ;
#4130 = CARTESIAN_POINT ( 'NONE',  ( -2.179634321643191264, 24.44525494324885528, 1.332635182227083881 ) ) ;
#4131 = PRESENTATION_STYLE_ASSIGNMENT (( #2202 ) ) ;
#4132 = DIRECTION ( 'NONE',  ( -0.7660444431189792347, 0.000000000000000000, -0.6427876096865379196 ) ) ;
#4133 =( GEOMETRIC_REPRESENTATION_CONTEXT ( 3 ) GLOBAL_UNCERTAINTY_ASSIGNED_CONTEXT ( ( #2626 ) ) GLOBAL_UNIT_ASSIGNED_CONTEXT ( ( #4329, #4939, #326 ) ) REPRESENTATION_CONTEXT ( 'NONE', 'WORKASPACE' ) );
#4134 = ORIENTED_EDGE ( 'NONE', *, *, #3176, .T. ) ;
#4135 = EDGE_LOOP ( 'NONE', ( #3511, #104, #2645, #1319 ) ) ;
#4136 = EDGE_CURVE ( 'NONE', #4844, #5325, #1227, .T. ) ;
#4137 = SURFACE_STYLE_USAGE ( .BOTH. , #4647 ) ;
#4138 = DIRECTION ( 'NONE',  ( 0.000000000000000000, -1.000000000000000000, 0.000000000000000000 ) ) ;
#4139 = CARTESIAN_POINT ( 'NONE',  ( 2.262393732995420237, 24.10736372361295921, 1.802476698601487737 ) ) ;
#4140 = ORIENTED_EDGE ( 'NONE', *, *, #5560, .T. ) ;
#4141 = CARTESIAN_POINT ( 'NONE',  ( -2.404013271032710031E-15, -4.599999999999999645, 9.957749009866574357E-16 ) ) ;
#4142 = UNCERTAINTY_MEASURE_WITH_UNIT (LENGTH_MEASURE( 1.000000000000000082E-05 ), #4395, 'distance_accuracy_value', 'NONE');
#4143 = EDGE_CURVE ( 'NONE', #580, #1765, #3102, .T. ) ;
#4144 = AXIS2_PLACEMENT_3D ( 'NONE', #5412, #3509, #4459 ) ;
#4145 = PLANE ( 'NONE',  #5695 ) ;
#4146 = CARTESIAN_POINT ( 'NONE',  ( 1.592398212034015437, 24.44525494324859238, -1.997746290024484006 ) ) ;
#4147 = DIRECTION ( 'NONE',  ( 0.3826834323650841196, 0.000000000000000000, -0.9238795325112890700 ) ) ;
#4148 = CARTESIAN_POINT ( 'NONE',  ( 1.377703785067676989, 24.11089388095963315, -2.539461842140313674 ) ) ;
#4149 = ORIENTED_EDGE ( 'NONE', *, *, #6125, .F. ) ;
#4150 = VECTOR ( 'NONE', #5816, 1000.000000000000114 ) ;
#4151 = B_SPLINE_CURVE_WITH_KNOTS ( 'NONE', 3,
 ( #1337, #106, #957, #3929, #5828, #3392, #2878, #5699, #1953, #4809, #3899, #5764, #1451, #5238, #5362, #4902, #5268, #3458, #565, #2503, #2977, #1483 ),
 .UNSPECIFIED., .F., .F.,
 ( 4, 3, 3, 3, 3, 3, 3, 4 ),
 ( 1.084202172485504434E-19, 3.737017153941223514E-05, 6.632414775228716829E-05, 9.559872338567692294E-05, 0.0001205902993703355239, 0.0001452370098981014277, 0.0001812528771457916745, 0.0001900682076238030484 ),
 .UNSPECIFIED. ) ;
#4152 = PLANE ( 'NONE',  #3620 ) ;
#4153 = FACE_OUTER_BOUND ( 'NONE', #3157, .T. ) ;
#4154 = ORIENTED_EDGE ( 'NONE', *, *, #2990, .F. ) ;
#4155 = DIRECTION ( 'NONE',  ( -0.000000000000000000, 1.000000000000000000, -0.000000000000000000 ) ) ;
#4156 = ORIENTED_EDGE ( 'NONE', *, *, #282, .T. ) ;
#4157 = MECHANICAL_DESIGN_GEOMETRIC_PRESENTATION_REPRESENTATION (  '', ( #5232 ), #5826 ) ;
#4158 = DIRECTION ( 'NONE',  ( 0.9396926207859077618, 0.000000000000000000, -0.3420201433256704893 ) ) ;
#4159 = CARTESIAN_POINT ( 'NONE',  ( -2.163165183675170411, 17.50000000000000000, -1.915111107797322632 ) ) ;
#4160 = ADVANCED_FACE ( 'NONE', ( #5492 ), #1209, .T. ) ;
#4161 = CARTESIAN_POINT ( 'NONE',  ( 2.178688031611964337, 24.44929433676957231, -1.326433051890837378 ) ) ;
#4162 = PRESENTATION_LAYER_ASSIGNMENT (  '', '', ( #3971 ) ) ;
#4163 = VERTEX_POINT ( 'NONE', #5082 ) ;
#4164 = ORIENTED_EDGE ( 'NONE', *, *, #5978, .F. ) ;
#4165 = EDGE_CURVE ( 'NONE', #2780, #771, #4243, .T. ) ;
#4166 = FILL_AREA_STYLE_COLOUR ( '', #2875 ) ;
#4167 =( NAMED_UNIT ( * ) PLANE_ANGLE_UNIT ( ) SI_UNIT ( $, .RADIAN. ) );
#4168 = CARTESIAN_POINT ( 'NONE',  ( 3.330614637021506841, -4.808964141696580263, -7.108793764933106551 ) ) ;
#4169 = DIRECTION ( 'NONE',  ( -0.000000000000000000, 1.000000000000000000, -0.000000000000000000 ) ) ;
#4170 = VERTEX_POINT ( 'NONE', #2623 ) ;
#4171 = STYLED_ITEM ( 'NONE', ( #3879 ), #73 ) ;
#4172 = CARTESIAN_POINT ( 'NONE',  ( -2.630610637707220700, -4.599999999999999645, 7.396106250776933955 ) ) ;
#4173 = CARTESIAN_POINT ( 'NONE',  ( 1.593630243780476796, 24.44929433676885466, -1.991594543663315564 ) ) ;
#4174 = DIRECTION ( 'NONE',  ( -0.5000000000000004441, 0.000000000000000000, -0.8660254037844383745 ) ) ;
#4175 = ORIENTED_EDGE ( 'NONE', *, *, #5730, .T. ) ;
#4176 = ORIENTED_EDGE ( 'NONE', *, *, #2155, .F. ) ;
#4177 = B_SPLINE_CURVE_WITH_KNOTS ( 'NONE', 3,
 ( #5311, #1492, #1038, #4855, #5523, #3171, #3205, #1702, #3644, #754, #2716, #1246, #1733, #4596, #3138, #4972, #4173, #1156, #4146 ),
 .UNSPECIFIED., .F., .F.,
 ( 4, 3, 3, 3, 3, 3, 4 ),
 ( 2.180199824507292949E-16, 3.145909545691150452E-05, 5.768159791967765590E-05, 8.411505865422262283E-05, 0.0001075980665461521020, 0.0001382024233624776460, 0.0001492729888267961232 ),
 .UNSPECIFIED. ) ;
#4178 = CARTESIAN_POINT ( 'NONE',  ( 0.1875612965850058933, 24.33873950678621512, 2.657382614787304309 ) ) ;
#4179 = CARTESIAN_POINT ( 'NONE',  ( 1.000000000000000000, 9.500000000000000000, -7.637401889065457361 ) ) ;
#4180 = CARTESIAN_POINT ( 'NONE',  ( -2.165063509461000457, 17.50000000000000000, -1.249999999999842348 ) ) ;
#4181 = VECTOR ( 'NONE', #1221, 1000.000000000000114 ) ;
#4182 = FACE_OUTER_BOUND ( 'NONE', #1206, .T. ) ;
#4183 = ORIENTED_EDGE ( 'NONE', *, *, #4206, .T. ) ;
#4184 = CARTESIAN_POINT ( 'NONE',  ( 2.630610637707271326, 0.000000000000000000, -7.396106250776916191 ) ) ;
#4185 = ORIENTED_EDGE ( 'NONE', *, *, #4761, .T. ) ;
#4186 = B_SPLINE_CURVE_WITH_KNOTS ( 'NONE', 3,
 ( #2931, #3444, #5718, #63, #5288, #1014, #3146, #3621, #2700, #4981, #5880, #2642, #1165, #5503, #5996, #277, #1258, #307, #1680 ),
 .UNSPECIFIED., .F., .F.,
 ( 4, 3, 3, 3, 3, 3, 4 ),
 ( 7.373371937284243769E-19, 3.145909546063539340E-05, 5.768159792252129458E-05, 8.411505865618299589E-05, 0.0001075980665475228723, 0.0001382024233625000077, 0.0001492729888286425737 ),
 .UNSPECIFIED. ) ;
#4187 = PLANE ( 'NONE',  #1282 ) ;
#4188 = CARTESIAN_POINT ( 'NONE',  ( 0.000000000000000000, 16.00000000000000000, 3.750000000000006661 ) ) ;
#4189 =( LENGTH_UNIT ( ) NAMED_UNIT ( * ) SI_UNIT ( .MILLI., .METRE. ) );
#4190 = CARTESIAN_POINT ( 'NONE',  ( -0.5173645989549715551, 24.02061601851451655, -2.934120444167288344 ) ) ;
#4191 = ORIENTED_EDGE ( 'NONE', *, *, #4717, .F. ) ;
#4192 = EDGE_CURVE ( 'NONE', #5941, #5411, #260, .T. ) ;
#4193 = FACE_OUTER_BOUND ( 'NONE', #3057, .T. ) ;
#4194 = CARTESIAN_POINT ( 'NONE',  ( -1.000000000000000222, 9.478480610159802922, -7.689480729456792396 ) ) ;
#4195 = CARTESIAN_POINT ( 'NONE',  ( -0.8567904650620218332, 24.46899646116485627, 2.381572802283144608 ) ) ;
#4196 = FACE_OUTER_BOUND ( 'NONE', #4806, .T. ) ;
#4197 = CARTESIAN_POINT ( 'NONE',  ( -3.330480830018966998, -4.809216244852374977, -7.108856995717173000 ) ) ;
#4198 = ORIENTED_EDGE ( 'NONE', *, *, #2228, .T. ) ;
#4199 = ADVANCED_FACE ( 'NONE', ( #5955 ), #290, .F. ) ;
#4200 = STYLED_ITEM ( 'NONE', ( #1507 ), #3090 ) ;
#4201 = DIRECTION ( 'NONE',  ( 0.000000000000000000, -0.000000000000000000, 1.000000000000000000 ) ) ;
#4202 = VECTOR ( 'NONE', #1559, 1000.000000000000000 ) ;
#4203 = CARTESIAN_POINT ( 'NONE',  ( -7.396106250776925073, -0.000000000000000000, -2.630610637707245125 ) ) ;
#4204 = PLANE ( 'NONE',  #4445 ) ;
#4205 = ORIENTED_EDGE ( 'NONE', *, *, #5597, .F. ) ;
#4206 = EDGE_CURVE ( 'NONE', #3749, #229, #5426, .T. ) ;
#4207 = EDGE_LOOP ( 'NONE', ( #1564 ) ) ;
#4208 = LINE ( 'NONE', #6092, #390 ) ;
#4209 = DIRECTION ( 'NONE',  ( 0.000000000000000000, 0.000000000000000000, 1.000000000000000000 ) ) ;
#4210 = ADVANCED_FACE ( 'NONE', ( #774 ), #5984, .F. ) ;
#4211 =( NAMED_UNIT ( * ) SI_UNIT ( $, .STERADIAN. ) SOLID_ANGLE_UNIT ( ) );
#4212 = VERTEX_POINT ( 'NONE', #6080 ) ;
#4213 = CARTESIAN_POINT ( 'NONE',  ( 1.377703785067676989, 24.11089388095963315, -2.539461842140313674 ) ) ;
#4214 = ORIENTED_EDGE ( 'NONE', *, *, #2825, .F. ) ;
#4215 = PRESENTATION_LAYER_ASSIGNMENT (  '', '', ( #4502 ) ) ;
#4216 = FACE_OUTER_BOUND ( 'NONE', #1266, .T. ) ;
#4217 = VERTEX_POINT ( 'NONE', #369 ) ;
#4218 = FACE_OUTER_BOUND ( 'NONE', #5052, .T. ) ;
#4219 = CARTESIAN_POINT ( 'NONE',  ( -0.9163306665798072181, 24.45632721815577426, -2.372901212518561120 ) ) ;
#4220 = ORIENTED_EDGE ( 'NONE', *, *, #4383, .F. ) ;
#4221 = B_SPLINE_CURVE_WITH_KNOTS ( 'NONE', 3,
 ( #1820, #3760, #1753, #3697, #1782, #1358, #5577, #4648, #2273, #4195, #3724, #5610, #1328, #3292, #2804, #5170, #2332, #4253, #6141 ),
 .UNSPECIFIED., .F., .F.,
 ( 4, 3, 3, 3, 3, 3, 4 ),
 ( 1.084202172485504434E-19, 3.145909546063396361E-05, 5.768159792251623271E-05, 8.411505865617608410E-05, 0.0001075980665475159741, 0.0001382024233624951017, 0.0001492729888286333038 ),
 .UNSPECIFIED. ) ;
#4222 = CARTESIAN_POINT ( 'NONE',  ( -3.258811727360950705, -0.000000000000000000, -6.822217097514180928 ) ) ;
#4223 = LINE ( 'NONE', #6078, #6113 ) ;
#4224 = CARTESIAN_POINT ( 'NONE',  ( 3.464101615137756163, 2.500000000000000000, -6.000000000000002665 ) ) ;
#4225 =( NAMED_UNIT ( * ) SI_UNIT ( $, .STERADIAN. ) SOLID_ANGLE_UNIT ( ) );
#4226 = ORIENTED_EDGE ( 'NONE', *, *, #556, .T. ) ;
#4227 = ORIENTED_EDGE ( 'NONE', *, *, #5360, .F. ) ;
#4228 = B_SPLINE_CURVE_WITH_KNOTS ( 'NONE', 3,
 ( #1500, #639, #3476, #2066, #2098, #5814 ),
 .UNSPECIFIED., .F., .F.,
 ( 4, 2, 4 ),
 ( 8.673617379884035472E-19, 0.0003124823193954504030, 0.0006249646387908999387 ),
 .UNSPECIFIED. ) ;
#4229 =( GEOMETRIC_REPRESENTATION_CONTEXT ( 3 ) GLOBAL_UNCERTAINTY_ASSIGNED_CONTEXT ( ( #2188 ) ) GLOBAL_UNIT_ASSIGNED_CONTEXT ( ( #3681, #3240, #1217 ) ) REPRESENTATION_CONTEXT ( 'NONE', 'WORKASPACE' ) );
#4230 = CARTESIAN_POINT ( 'NONE',  ( 0.8146495378578690882, 24.44731221181130820, -2.419207825662887501 ) ) ;
#4231 = CARTESIAN_POINT ( 'NONE',  ( 7.396106250776946389, -4.705661585819406412, 2.630610637707194943 ) ) ;
#4232 = CARTESIAN_POINT ( 'NONE',  ( -2.179634321644315254, 17.50000000000000000, 1.332635182233456783 ) ) ;
#4233 = ORIENTED_EDGE ( 'NONE', *, *, #405, .F. ) ;
#4234 = EDGE_CURVE ( 'NONE', #880, #4993, #4031, .T. ) ;
#4235 = CARTESIAN_POINT ( 'NONE',  ( 2.008865503836572142, 24.22642293442086370, 1.915111107797323298 ) ) ;
#4236 = ORIENTED_EDGE ( 'NONE', *, *, #411, .T. ) ;
#4237 = CARTESIAN_POINT ( 'NONE',  ( 0.06427876096900844716, 17.50000000000000000, 2.553936284621320940 ) ) ;
#4238 = CARTESIAN_POINT ( 'NONE',  ( 2.740117462260092562, 17.50000000000000000, -0.9158004477462216020 ) ) ;
#4239 =( NAMED_UNIT ( * ) SI_UNIT ( $, .STERADIAN. ) SOLID_ANGLE_UNIT ( ) );
#4240 = VECTOR ( 'NONE', #4886, 1000.000000000000114 ) ;
#4241 = CARTESIAN_POINT ( 'NONE',  ( -0.02486579814378360800, 24.46649189398666024, -2.533395819424093975 ) ) ;
#4242 = ORIENTED_EDGE ( 'NONE', *, *, #664, .F. ) ;
#4243 = CIRCLE ( 'NONE', #2838, 7.850000000000001421 ) ;
#4244 = ORIENTED_EDGE ( 'NONE', *, *, #664, .T. ) ;
#4245 = VECTOR ( 'NONE', #5697, 1000.000000000000227 ) ;
#4246 = CARTESIAN_POINT ( 'NONE',  ( -1.592398212033660831, 24.44525494324881265, 1.997746290024486449 ) ) ;
#4247 = CARTESIAN_POINT ( 'NONE',  ( 0.000000000000000000, 0.000000000000000000, 0.000000000000000000 ) ) ;
#4248 = STYLED_ITEM ( 'NONE', ( #3315 ), #5248 ) ;
#4249 = FACE_OUTER_BOUND ( 'NONE', #5607, .T. ) ;
#4250 = ADVANCED_FACE ( 'NONE', ( #4196 ), #1783, .T. ) ;
#4251 = ORIENTED_EDGE ( 'NONE', *, *, #4107, .T. ) ;
#4252 = DIRECTION ( 'NONE',  ( 0.000000000000000000, -1.000000000000000000, 0.000000000000000000 ) ) ;
#4253 = CARTESIAN_POINT ( 'NONE',  ( -0.8146495378575268065, 24.44731221181136860, 2.419207825662943012 ) ) ;
#4254 = SURFACE_SIDE_STYLE ('',( #441 ) ) ;
#4255 = CARTESIAN_POINT ( 'NONE',  ( -3.369714263716302671, -4.599999999999999645, -7.089959504884845387 ) ) ;
#4256 = ORIENTED_EDGE ( 'NONE', *, *, #2560, .T. ) ;
#4257 = MECHANICAL_DESIGN_GEOMETRIC_PRESENTATION_REPRESENTATION (  '', ( #4944 ), #5935 ) ;
#4258 = FACE_OUTER_BOUND ( 'NONE', #4628, .T. ) ;
#4259 = ORIENTED_EDGE ( 'NONE', *, *, #348, .F. ) ;
#4260 = UNCERTAINTY_MEASURE_WITH_UNIT (LENGTH_MEASURE( 1.000000000000000082E-05 ), #5716, 'distance_accuracy_value', 'NONE');
#4261 = SURFACE_STYLE_FILL_AREA ( #2715 ) ;
#4262 = SURFACE_SIDE_STYLE ('',( #2341 ) ) ;
#4263 = CLOSED_SHELL ( 'NONE', ( #5743, #73, #4963, #3518, #5926, #5623, #4160 ) ) ;
#4264 = VERTEX_POINT ( 'NONE', #917 ) ;
#4265 = LINE ( 'NONE', #571, #5309 ) ;
#4266 = ORIENTED_EDGE ( 'NONE', *, *, #1844, .T. ) ;
#4267 = AXIS2_PLACEMENT_3D ( 'NONE', #5906, #583, #5317 ) ;
#4268 = EDGE_CURVE ( 'NONE', #4827, #4617, #3725, .T. ) ;
#4269 = CARTESIAN_POINT ( 'NONE',  ( -1.625803582960750227, 24.46985301392172829, 1.938680527813022580 ) ) ;
#4270 = DIRECTION ( 'NONE',  ( 0.000000000000000000, 1.000000000000000000, 0.000000000000000000 ) ) ;
#4271 =( LENGTH_UNIT ( ) NAMED_UNIT ( * ) SI_UNIT ( .MILLI., .METRE. ) );
#4272 = DIRECTION ( 'NONE',  ( 0.9238795325112829637, 0.000000000000000000, -0.3826834323650989411 ) ) ;
#4273 = CARTESIAN_POINT ( 'NONE',  ( -1.592398212032537064, 17.50000000000000000, 1.997746290030859129 ) ) ;
#4274 = CARTESIAN_POINT ( 'NONE',  ( -2.502791841330364253, 24.46402637105433797, -0.4088951524266100090 ) ) ;
#4275 = ADVANCED_FACE ( 'NONE', ( #6143 ), #408, .F. ) ;
#4276 = ORIENTED_EDGE ( 'NONE', *, *, #3682, .F. ) ;
#4277 = AXIS2_PLACEMENT_3D ( 'NONE', #5940, #5881, #3056 ) ;
#4278 = CARTESIAN_POINT ( 'NONE',  ( 1.411905799400042127, 17.50000000000000000, 2.445492580061419563 ) ) ;
#4279 = LINE ( 'NONE', #643, #4432 ) ;
#4280 = VERTEX_POINT ( 'NONE', #2241 ) ;
#4281 = ADVANCED_FACE ( 'NONE', ( #5693 ), #4742, .F. ) ;
#4282 = VERTEX_POINT ( 'NONE', #380 ) ;
#4283 =( NAMED_UNIT ( * ) SI_UNIT ( $, .STERADIAN. ) SOLID_ANGLE_UNIT ( ) );
#4284 = CARTESIAN_POINT ( 'NONE',  ( 2.712356031255809263, 24.09245612541756998, -1.047392462527552581 ) ) ;
#4285 = DIRECTION ( 'NONE',  ( 0.3826834323650815106, 0.000000000000000000, -0.9238795325112902912 ) ) ;
#4286 = ORIENTED_EDGE ( 'NONE', *, *, #5108, .T. ) ;
#4287 = EDGE_CURVE ( 'NONE', #588, #3647, #831, .T. ) ;
#4288 = ORIENTED_EDGE ( 'NONE', *, *, #6130, .F. ) ;
#4289 = CARTESIAN_POINT ( 'NONE',  ( -3.004064944065962806, -5.000000000000000000, -7.252454330213603306 ) ) ;
#4290 = LINE ( 'NONE', #3359, #5593 ) ;
#4291 =( LENGTH_UNIT ( ) NAMED_UNIT ( * ) SI_UNIT ( .MILLI., .METRE. ) );
#4292 = CARTESIAN_POINT ( 'NONE',  ( -2.526298143499019044, 17.50000000000000000, -0.3801841595458189671 ) ) ;
#4293 = VECTOR ( 'NONE', #2868, 1000.000000000000000 ) ;
#4294 = VERTEX_POINT ( 'NONE', #6110 ) ;
#4295 = CARTESIAN_POINT ( 'NONE',  ( 2.513158064002136260, 24.45632721815553978, 0.3928849707342924047 ) ) ;
#4296 = ORIENTED_EDGE ( 'NONE', *, *, #4677, .F. ) ;
#4297 = VECTOR ( 'NONE', #3847, 1000.000000000000000 ) ;
#4298 =( LENGTH_UNIT ( ) NAMED_UNIT ( * ) SI_UNIT ( .MILLI., .METRE. ) );
#4299 = CARTESIAN_POINT ( 'NONE',  ( -6.928203230275510549, 2.500000000000000000, 1.771773223306245828E-15 ) ) ;
#4300 = FACE_OUTER_BOUND ( 'NONE', #3536, .T. ) ;
#4301 =( NAMED_UNIT ( * ) PLANE_ANGLE_UNIT ( ) SI_UNIT ( $, .RADIAN. ) );
#4302 = CARTESIAN_POINT ( 'NONE',  ( -2.490619778613226920, 24.46948457643222596, -0.4476538756004445063 ) ) ;
#4303 = ORIENTED_EDGE ( 'NONE', *, *, #3160, .F. ) ;
#4304 = ORIENTED_EDGE ( 'NONE', *, *, #2004, .T. ) ;
#4305 = FACE_OUTER_BOUND ( 'NONE', #5566, .T. ) ;
#4306 = DIRECTION ( 'NONE',  ( 0.1736481776669319410, 0.000000000000000000, -0.9848077530122076872 ) ) ;
#4307 = ADVANCED_FACE ( 'NONE', ( #1886 ), #5171, .T. ) ;
#4308 = CARTESIAN_POINT ( 'NONE',  ( 3.004064944066012988, -5.000000000000000000, 7.252454330213579325 ) ) ;
#4309 =( NAMED_UNIT ( * ) SI_UNIT ( $, .STERADIAN. ) SOLID_ANGLE_UNIT ( ) );
#4310 = EDGE_CURVE ( 'NONE', #4416, #5121, #1466, .T. ) ;
#4311 = ORIENTED_EDGE ( 'NONE', *, *, #5489, .T. ) ;
#4312 = SURFACE_STYLE_USAGE ( .BOTH. , #4557 ) ;
#4313 = CARTESIAN_POINT ( 'NONE',  ( 2.735892167142838893, 24.07928144543818050, -1.022492505952074193 ) ) ;
#4314 = DIRECTION ( 'NONE',  ( -0.5000000000000003331, 0.000000000000000000, -0.8660254037844383745 ) ) ;
#4315 = ORIENTED_EDGE ( 'NONE', *, *, #2446, .T. ) ;
#4316 = PRESENTATION_STYLE_ASSIGNMENT (( #2400 ) ) ;
#4317 = ORIENTED_EDGE ( 'NONE', *, *, #6004, .F. ) ;
#4318 = EDGE_CURVE ( 'NONE', #2357, #3373, #3726, .T. ) ;
#4319 = CARTESIAN_POINT ( 'NONE',  ( -2.519708101351870955, -4.599999999999999645, 7.128363843406268607 ) ) ;
#4320 = PLANE ( 'NONE',  #27 ) ;
#4321 =( NAMED_UNIT ( * ) SI_UNIT ( $, .STERADIAN. ) SOLID_ANGLE_UNIT ( ) );
#4322 = EDGE_LOOP ( 'NONE', ( #2973, #1515, #5696, #2110 ) ) ;
#4323 = CARTESIAN_POINT ( 'NONE',  ( 2.507425525500392549, 24.46082274070641205, 0.4004019608682961584 ) ) ;
#4324 = CIRCLE ( 'NONE', #4037, 0.1000000000000000472 ) ;
#4325 = ADVANCED_FACE ( 'NONE', ( #4193 ), #5899, .T. ) ;
#4326 = APPLICATION_CONTEXT ( 'automotive_design' ) ;
#4327 = CIRCLE ( 'NONE', #4818, 2.499999999999992006 ) ;
#4328 = VERTEX_POINT ( 'NONE', #2629 ) ;
#4329 =( LENGTH_UNIT ( ) NAMED_UNIT ( * ) SI_UNIT ( .MILLI., .METRE. ) );
#4330 = CARTESIAN_POINT ( 'NONE',  ( -2.888090359767938153, 24.11089388096026909, -0.07660444431175696123 ) ) ;
#4331 = CARTESIAN_POINT ( 'NONE',  ( -0.4397410935859167869, 24.09876993821335489, 2.867719125437198091 ) ) ;
#4332 = CARTESIAN_POINT ( 'NONE',  ( -2.179634321643191264, 24.44525494324885528, 1.332635182227083881 ) ) ;
#4333 = CARTESIAN_POINT ( 'NONE',  ( 0.5263707851409998861, 24.07755045136814331, -2.874669848738891975 ) ) ;
#4334 = ORIENTED_EDGE ( 'NONE', *, *, #2830, .T. ) ;
#4335 = ORIENTED_EDGE ( 'NONE', *, *, #148, .T. ) ;
#4336 = VECTOR ( 'NONE', #1772, 1000.000000000000000 ) ;
#4337 = DIRECTION ( 'NONE',  ( -0.1736481776669284716, 0.000000000000000000, -0.9848077530122084644 ) ) ;
#4338 =( NAMED_UNIT ( * ) SI_UNIT ( $, .STERADIAN. ) SOLID_ANGLE_UNIT ( ) );
#4339 = DIRECTION ( 'NONE',  ( 0.000000000000000000, 0.000000000000000000, 1.000000000000000000 ) ) ;
#4340 = DIRECTION ( 'NONE',  ( 0.000000000000000000, 0.000000000000000000, -1.000000000000000000 ) ) ;
#4341 = DIRECTION ( 'NONE',  ( -0.000000000000000000, 1.000000000000000000, -0.000000000000000000 ) ) ;
#4342 = VERTEX_POINT ( 'NONE', #5433 ) ;
#4343 =( GEOMETRIC_REPRESENTATION_CONTEXT ( 3 ) GLOBAL_UNCERTAINTY_ASSIGNED_CONTEXT ( ( #3200 ) ) GLOBAL_UNIT_ASSIGNED_CONTEXT ( ( #1196, #3184, #789 ) ) REPRESENTATION_CONTEXT ( 'NONE', 'WORKASPACE' ) );
#4344 = ORIENTED_EDGE ( 'NONE', *, *, #5375, .F. ) ;
#4345 = EDGE_CURVE ( 'NONE', #5688, #1951, #4022, .T. ) ;
#4346 = CARTESIAN_POINT ( 'NONE',  ( 2.747332075486152547, 24.07618934483372897, -1.000417519972925717 ) ) ;
#4347 =( GEOMETRIC_REPRESENTATION_CONTEXT ( 3 ) GLOBAL_UNCERTAINTY_ASSIGNED_CONTEXT ( ( #4019 ) ) GLOBAL_UNIT_ASSIGNED_CONTEXT ( ( #2572, #5466, #2276 ) ) REPRESENTATION_CONTEXT ( 'NONE', 'WORKASPACE' ) );
#4348 = DIRECTION ( 'NONE',  ( -0.7660444431189792347, 0.000000000000000000, -0.6427876096865379196 ) ) ;
#4349 = ORIENTED_EDGE ( 'NONE', *, *, #5226, .F. ) ;
#4350 = DIRECTION ( 'NONE',  ( 0.000000000000000000, 0.000000000000000000, 1.000000000000000000 ) ) ;
#4351 = ORIENTED_EDGE ( 'NONE', *, *, #481, .T. ) ;
#4352 = EDGE_CURVE ( 'NONE', #1525, #4328, #1715, .T. ) ;
#4353 = CARTESIAN_POINT ( 'NONE',  ( 2.742438035004949981, 24.10736372361293078, 0.9199898239962364110 ) ) ;
#4354 = VECTOR ( 'NONE', #3834, 1000.000000000000227 ) ;
#4355 = CARTESIAN_POINT ( 'NONE',  ( 2.245392924230833476, 24.07622500002005594, 1.872629331288202970 ) ) ;
#4356 = SURFACE_SIDE_STYLE ('',( #629 ) ) ;
#4357 = ORIENTED_EDGE ( 'NONE', *, *, #1967, .T. ) ;
#4358 = CARTESIAN_POINT ( 'NONE',  ( 2.630610637707271326, -4.599999999999999645, -7.396106250776916191 ) ) ;
#4359 = CIRCLE ( 'NONE', #4749, 7.850000000000001421 ) ;
#4360 = VECTOR ( 'NONE', #2353, 1000.000000000000000 ) ;
#4361 = MECHANICAL_DESIGN_GEOMETRIC_PRESENTATION_REPRESENTATION (  '', ( #4645 ), #1938 ) ;
#4362 = CARTESIAN_POINT ( 'NONE',  ( -2.590576904467672748, 17.50000000000000000, -0.4567886038577166907 ) ) ;
#4363 = DIRECTION ( 'NONE',  ( 0.000000000000000000, -1.000000000000000000, 0.000000000000000000 ) ) ;
#4364 = CARTESIAN_POINT ( 'NONE',  ( 1.430833428082834535, 24.08122916413020320, -2.544012485563700299 ) ) ;
#4365 = CARTESIAN_POINT ( 'NONE',  ( 0.8300502164773043701, 24.46038112602397518, 2.400141800640368750 ) ) ;
#4366 = ORIENTED_EDGE ( 'NONE', *, *, #5244, .F. ) ;
#4367 = AXIS2_PLACEMENT_3D ( 'NONE', #1056, #3514, #5418 ) ;
#4368 = ORIENTED_EDGE ( 'NONE', *, *, #923, .T. ) ;
#4369 = CARTESIAN_POINT ( 'NONE',  ( 7.396106250776888658, 0.000000000000000000, -2.630610637707348598 ) ) ;
#4370 = CARTESIAN_POINT ( 'NONE',  ( 7.252454330213632616, -5.000000000000000000, 3.004064944065885978 ) ) ;
#4371 = DIRECTION ( 'NONE',  ( -0.9396926207859078728, 0.000000000000000000, 0.3420201433256701562 ) ) ;
#4372 = CARTESIAN_POINT ( 'NONE',  ( 2.823811598799649492, 17.50000000000000000, -1.491320088253811349E-13 ) ) ;
#4373 = CARTESIAN_POINT ( 'NONE',  ( -0.5769522785843891333, 17.50000000000000000, 2.830911555543544011 ) ) ;
#4374 = FACE_OUTER_BOUND ( 'NONE', #1468, .T. ) ;
#4375 = ORIENTED_EDGE ( 'NONE', *, *, #1575, .F. ) ;
#4376 = LINE ( 'NONE', #4709, #3702 ) ;
#4377 = DIRECTION ( 'NONE',  ( -0.9396926207858826707, -0.000000000000000000, 0.3420201433257391010 ) ) ;
#4378 = CARTESIAN_POINT ( 'NONE',  ( 3.546967407286327756E-13, 17.50000000000000000, 2.630540728933218997 ) ) ;
#4379 = ORIENTED_EDGE ( 'NONE', *, *, #4310, .F. ) ;
#4380 = LINE ( 'NONE', #4041, #4840 ) ;
#4381 = AXIS2_PLACEMENT_3D ( 'NONE', #1752, #1357, #407 ) ;
#4382 = ORIENTED_EDGE ( 'NONE', *, *, #1995, .F. ) ;
#4383 = EDGE_CURVE ( 'NONE', #5628, #4879, #3758, .T. ) ;
#4384 = AXIS2_PLACEMENT_3D ( 'NONE', #2917, #2411, #631 ) ;
#4385 = FACE_OUTER_BOUND ( 'NONE', #3241, .T. ) ;
#4386 = CARTESIAN_POINT ( 'NONE',  ( 6.822217097514144513, 0.000000000000000000, -3.258811727361020427 ) ) ;
#4387 = DIRECTION ( 'NONE',  ( 0.000000000000000000, 0.000000000000000000, -1.000000000000000000 ) ) ;
#4388 = LINE ( 'NONE', #5799, #3606 ) ;
#4389 = ADVANCED_FACE ( 'NONE', ( #2594 ), #3259, .T. ) ;
#4390 = ORIENTED_EDGE ( 'NONE', *, *, #4287, .T. ) ;
#4391 = CARTESIAN_POINT ( 'NONE',  ( 2.503974364089583737, 24.44525494324425452, 0.5067886038577182894 ) ) ;
#4392 = UNCERTAINTY_MEASURE_WITH_UNIT (LENGTH_MEASURE( 1.000000000000000082E-05 ), #5229, 'distance_accuracy_value', 'NONE');
#4393 = ADVANCED_FACE ( 'NONE', ( #1671, #3612 ), #5496, .F. ) ;
#4394 = FILL_AREA_STYLE_COLOUR ( '', #2214 ) ;
#4395 =( LENGTH_UNIT ( ) NAMED_UNIT ( * ) SI_UNIT ( .MILLI., .METRE. ) );
#4396 = CARTESIAN_POINT ( 'NONE',  ( 1.508655051187692386, 24.10342794339680950, -2.472677355649552933 ) ) ;
#4397 = EDGE_CURVE ( 'NONE', #6037, #956, #3856, .T. ) ;
#4398 = CARTESIAN_POINT ( 'NONE',  ( 0.8898386082860803015, 24.46649189398659985, 2.372108753197586406 ) ) ;
#4399 = CARTESIAN_POINT ( 'NONE',  ( -2.207580204228969389, 24.33873950472573355, 1.491124158068980909 ) ) ;
#4400 = PRESENTATION_LAYER_ASSIGNMENT (  '', '', ( #401 ) ) ;
#4401 = ORIENTED_EDGE ( 'NONE', *, *, #5406, .F. ) ;
#4402 =( NAMED_UNIT ( * ) SI_UNIT ( $, .STERADIAN. ) SOLID_ANGLE_UNIT ( ) );
#4403 = DIRECTION ( 'NONE',  ( 0.000000000000000000, 0.000000000000000000, 1.000000000000000000 ) ) ;
#4404 =( NAMED_UNIT ( * ) SI_UNIT ( $, .STERADIAN. ) SOLID_ANGLE_UNIT ( ) );
#4405 = LINE ( 'NONE', #3446, #2322 ) ;
#4406 = ORIENTED_EDGE ( 'NONE', *, *, #3818, .T. ) ;
#4407 = DIRECTION ( 'NONE',  ( 0.000000000000000000, 1.000000000000000000, 0.000000000000000000 ) ) ;
#4408 = DIRECTION ( 'NONE',  ( 0.000000000000000000, 1.000000000000000000, 0.000000000000000000 ) ) ;
#4409 = ORIENTED_EDGE ( 'NONE', *, *, #2159, .F. ) ;
#4410 = ORIENTED_EDGE ( 'NONE', *, *, #4757, .F. ) ;
#4411 = CYLINDRICAL_SURFACE ( 'NONE', #3567, 0.1000000000000000056 ) ;
#4412 = STYLED_ITEM ( 'NONE', ( #2167 ), #3570 ) ;
#4413 = CARTESIAN_POINT ( 'NONE',  ( 1.000000000000000000, 11.50000000000000178, -6.850000000000000533 ) ) ;
#4414 =( NAMED_UNIT ( * ) PLANE_ANGLE_UNIT ( ) SI_UNIT ( $, .RADIAN. ) );
#4415 = DIRECTION ( 'NONE',  ( 0.000000000000000000, 1.000000000000000000, 0.000000000000000000 ) ) ;
#4416 = VERTEX_POINT ( 'NONE', #1780 ) ;
#4417 = DIRECTION ( 'NONE',  ( -0.9238795325112870716, 0.000000000000000000, 0.3826834323650892822 ) ) ;
#4418 = CARTESIAN_POINT ( 'NONE',  ( -0.5769522785843954615, 24.11089388096012698, 2.830911555543533353 ) ) ;
#4419 = DIRECTION ( 'NONE',  ( 0.000000000000000000, 0.000000000000000000, 1.000000000000000000 ) ) ;
#4420 = ADVANCED_FACE ( 'NONE', ( #858 ), #5929, .T. ) ;
#4421 = CARTESIAN_POINT ( 'NONE',  ( 0.8174676474105805335, 24.45104258969293554, 2.414326716736485690 ) ) ;
#4422 = AXIS2_PLACEMENT_3D ( 'NONE', #3583, #5062, #5434 ) ;
#4423 = CARTESIAN_POINT ( 'NONE',  ( -0.4260709772372915927, 17.50000000000000000, 2.857515999855442246 ) ) ;
#4424 = ORIENTED_EDGE ( 'NONE', *, *, #2508, .T. ) ;
#4425 = COLOUR_RGB ( '',0.6470588235294117974, 0.6196078431372549211, 0.5882352941176470784 ) ;
#4426 = DIRECTION ( 'NONE',  ( -0.000000000000000000, -1.000000000000000000, -0.000000000000000000 ) ) ;
#4427 = DIRECTION ( 'NONE',  ( 0.3826834323650902814, 0.000000000000000000, 0.9238795325112866275 ) ) ;
#4428 = PRODUCT_CONTEXT ( 'NONE', #3378, 'mechanical' ) ;
#4429 = ORIENTED_EDGE ( 'NONE', *, *, #1489, .T. ) ;
#4430 = DIRECTION ( 'NONE',  ( 0.000000000000000000, 0.000000000000000000, 1.000000000000000000 ) ) ;
#4431 = VERTEX_POINT ( 'NONE', #2772 ) ;
#4432 = VECTOR ( 'NONE', #5851, 1000.000000000000114 ) ;
#4433 = CARTESIAN_POINT ( 'NONE',  ( 2.493154799527013132, 24.46082274070641205, -0.4813352696338841774 ) ) ;
#4434 = CARTESIAN_POINT ( 'NONE',  ( 2.251025575686353530, 24.07755045136800831, -1.863780244638607364 ) ) ;
#4435 = CARTESIAN_POINT ( 'NONE',  ( 0.8130953767556489131, 24.44525494324437176, 2.421899711655269627 ) ) ;
#4436 = ORIENTED_EDGE ( 'NONE', *, *, #32, .F. ) ;
#4437 = ORIENTED_EDGE ( 'NONE', *, *, #3020, .T. ) ;
#4438 = STYLED_ITEM ( 'NONE', ( #2210 ), #4210 ) ;
#4439 = VECTOR ( 'NONE', #4089, 1000.000000000000114 ) ;
#4440 = CARTESIAN_POINT ( 'NONE',  ( -2.590576904467611907, 17.50000000000000000, 0.4567886038580664665 ) ) ;
#4441 = CARTESIAN_POINT ( 'NONE',  ( -2.888090359767938153, 24.11089388096026909, -0.07660444431175696123 ) ) ;
#4442 = CARTESIAN_POINT ( 'NONE',  ( 2.590576904467965846, 17.50000000000000000, -0.4567886038580667440 ) ) ;
#4443 = CARTESIAN_POINT ( 'NONE',  ( -2.181328074130262529, 24.46645550312286943, -1.288692127198250992 ) ) ;
#4444 = UNCERTAINTY_MEASURE_WITH_UNIT (LENGTH_MEASURE( 1.000000000000000082E-05 ), #4849, 'distance_accuracy_value', 'NONE');
#4445 = AXIS2_PLACEMENT_3D ( 'NONE', #4722, #5619, #1425 ) ;
#4446 = DIRECTION ( 'NONE',  ( -0.9238795325112870716, 0.000000000000000000, 0.3826834323650889491 ) ) ;
#4447 = CARTESIAN_POINT ( 'NONE',  ( -2.888090359767948367, 17.50000000000000000, 0.07660444431204720128 ) ) ;
#4448 = CYLINDRICAL_SURFACE ( 'NONE', #3151, 0.09999999999999982514 ) ;
#4449 = LINE ( 'NONE', #1585, #1523 ) ;
#4450 = CARTESIAN_POINT ( 'NONE',  ( -1.384575577538042390, 24.10565824199069240, 2.541685401902035402 ) ) ;
#4451 = VECTOR ( 'NONE', #3653, 1000.000000000000114 ) ;
#4452 = EDGE_CURVE ( 'NONE', #17, #3986, #1640, .T. ) ;
#4453 = CARTESIAN_POINT ( 'NONE',  ( 2.163165183675525682, 17.50000000000000000, 1.815111107797322987 ) ) ;
#4454 = CARTESIAN_POINT ( 'NONE',  ( 1.377703785067463382, 24.11089388096000619, 2.539461842140005920 ) ) ;
#4455 =( NAMED_UNIT ( * ) PLANE_ANGLE_UNIT ( ) SI_UNIT ( $, .RADIAN. ) );
#4456 = DIRECTION ( 'NONE',  ( -0.1736481776669325516, 0.000000000000000000, -0.9848077530122075762 ) ) ;
#4457 = ORIENTED_EDGE ( 'NONE', *, *, #2074, .T. ) ;
#4458 = EDGE_CURVE ( 'NONE', #1815, #5558, #4938, .T. ) ;
#4459 = DIRECTION ( 'NONE',  ( 0.000000000000000000, 0.000000000000000000, -1.000000000000000000 ) ) ;
#4460 = EDGE_LOOP ( 'NONE', ( #4003, #3316, #4684, #1897 ) ) ;
#4461 = CARTESIAN_POINT ( 'NONE',  ( 2.503297247447588525, 24.46379134448208958, -0.4073209901216551243 ) ) ;
#4462 = PLANE ( 'NONE',  #1075 ) ;
#4463 = CARTESIAN_POINT ( 'NONE',  ( -2.888090359768326731, 24.11089388095988184, 0.07660444431172985791 ) ) ;
#4464 = EDGE_LOOP ( 'NONE', ( #2960, #4335, #4694, #399 ) ) ;
#4465 = LINE ( 'NONE', #679, #3755 ) ;
#4466 = ORIENTED_EDGE ( 'NONE', *, *, #707, .T. ) ;
#4467 = CARTESIAN_POINT ( 'NONE',  ( -2.226351723929316240, 24.07755045136857319, -1.893185396112299079 ) ) ;
#4468 = CONICAL_SURFACE ( 'NONE', #6052, 3.000000000000000888, 0.7853981633974569387 ) ;
#4469 = ADVANCED_FACE ( 'NONE', ( #4614 ), #1688, .T. ) ;
#4470 = DIRECTION ( 'NONE',  ( 0.9238795325112865164, 0.000000000000000000, 0.3826834323650902259 ) ) ;
#4471 =( GEOMETRIC_REPRESENTATION_CONTEXT ( 3 ) GLOBAL_UNCERTAINTY_ASSIGNED_CONTEXT ( ( #4260 ) ) GLOBAL_UNIT_ASSIGNED_CONTEXT ( ( #5716, #550, #2422 ) ) REPRESENTATION_CONTEXT ( 'NONE', 'WORKASPACE' ) );
#4472 = CARTESIAN_POINT ( 'NONE',  ( 1.592398212033163007, 17.50000000000000000, 1.997746290030630867 ) ) ;
#4473 = CARTESIAN_POINT ( 'NONE',  ( -1.411905799399429950, 17.50000000000000000, 2.445492580061568777 ) ) ;
#4474 = CARTESIAN_POINT ( 'NONE',  ( -1.593916685695800250, 24.45104258969310251, -1.989134597952141315 ) ) ;
#4475 = FACE_OUTER_BOUND ( 'NONE', #1262, .T. ) ;
#4476 = CARTESIAN_POINT ( 'NONE',  ( -3.258811727360952037, -4.599999999999999645, -6.822217097514184481 ) ) ;
#4477 = CARTESIAN_POINT ( 'NONE',  ( 1.379940519817024702, 24.10911168744618749, -2.540275947011013447 ) ) ;
#4478 = FILL_AREA_STYLE_COLOUR ( '', #3651 ) ;
#4479 = CARTESIAN_POINT ( 'NONE',  ( -1.422974853016754970, 24.08406744546879352, 2.545162093343597665 ) ) ;
#4480 = DIRECTION ( 'NONE',  ( 0.000000000000000000, 1.000000000000000000, -0.000000000000000000 ) ) ;
#4481 = CARTESIAN_POINT ( 'NONE',  ( 1.462288138272805904, 24.07618934483380357, 2.531873248788340192 ) ) ;
#4482 = CYLINDRICAL_SURFACE ( 'NONE', #347, 7.000000000000000000 ) ;
#4483 = DIRECTION ( 'NONE',  ( -0.1736481776669322186, -0.000000000000000000, 0.9848077530122076872 ) ) ;
#4484 = ORIENTED_EDGE ( 'NONE', *, *, #3785, .T. ) ;
#4485 = CARTESIAN_POINT ( 'NONE',  ( -7.128363843406259726, -5.000000000000000000, -2.519708101351894936 ) ) ;
#4486 = ORIENTED_EDGE ( 'NONE', *, *, #4890, .T. ) ;
#4487 = ADVANCED_FACE ( 'NONE', ( #3603 ), #1717, .T. ) ;
#4488 =( LENGTH_UNIT ( ) NAMED_UNIT ( * ) SI_UNIT ( .MILLI., .METRE. ) );
#4489 = PRESENTATION_LAYER_ASSIGNMENT (  '', '', ( #4787 ) ) ;
#4490 = DIRECTION ( 'NONE',  ( -0.9396926207859090940, 0.000000000000000000, -0.3420201433256669366 ) ) ;
#4491 = CARTESIAN_POINT ( 'NONE',  ( -3.258811727360950705, -5.000000000000000000, -6.822217097514180928 ) ) ;
#4492 = EDGE_CURVE ( 'NONE', #5683, #3749, #5950, .T. ) ;
#4493 = EDGE_LOOP ( 'NONE', ( #6050, #4266, #4134, #4185, #4667 ) ) ;
#4494 = DIRECTION ( 'NONE',  ( 0.3826834323650964986, 0.000000000000000000, 0.9238795325112839629 ) ) ;
#4495 = VERTEX_POINT ( 'NONE', #3629 ) ;
#4496 = CARTESIAN_POINT ( 'NONE',  ( 0.5459366793936321072, 24.08406744546867628, 2.864377882857735536 ) ) ;
#4497 = PRESENTATION_STYLE_ASSIGNMENT (( #6049 ) ) ;
#4498 = DIRECTION ( 'NONE',  ( 0.000000000000000000, 1.000000000000000000, -0.000000000000000000 ) ) ;
#4499 = ADVANCED_FACE ( 'NONE', ( #5510 ), #3190, .T. ) ;
#4500 = UNCERTAINTY_MEASURE_WITH_UNIT (LENGTH_MEASURE( 1.000000000000000082E-05 ), #3862, 'distance_accuracy_value', 'NONE');
#4501 = PRODUCT_RELATED_PRODUCT_CATEGORY ( 'part', '', ( #513 ) ) ;
#4502 = STYLED_ITEM ( 'NONE', ( #333 ), #3518 ) ;
#4503 = CARTESIAN_POINT ( 'NONE',  ( -1.600888905962074116, 24.46038112602414571, -1.971501644894545713 ) ) ;
#4504 = CARTESIAN_POINT ( 'NONE',  ( 0.9338999314663211093, 24.50000000000000000, -2.377930449576747041 ) ) ;
#4505 = CARTESIAN_POINT ( 'NONE',  ( -2.687716936213949914, 24.11089388096025843, -1.059769709824537109 ) ) ;
#4506 = LINE ( 'NONE', #2597, #1155 ) ;
#4507 = CARTESIAN_POINT ( 'NONE',  ( -2.889259914356385739, -5.000000000000000000, 6.975290470460235426 ) ) ;
#4508 = EDGE_CURVE ( 'NONE', #366, #5215, #733, .T. ) ;
#4509 = DIRECTION ( 'NONE',  ( -0.3826834323650838976, 0.000000000000000000, 0.9238795325112891810 ) ) ;
#4510 = CARTESIAN_POINT ( 'NONE',  ( -2.261645958976197246, 24.11089388096023356, 1.797746290030844074 ) ) ;
#4511 = VECTOR ( 'NONE', #5210, 1000.000000000000000 ) ;
#4512 = B_SPLINE_CURVE_WITH_KNOTS ( 'NONE', 3,
 ( #5473, #729, #4551, #2285, #5706, #873 ),
 .UNSPECIFIED., .F., .F.,
 ( 4, 2, 4 ),
 ( 8.673617379884035472E-19, 0.0003124823193954503488, 0.0006249646387908998303 ),
 .UNSPECIFIED. ) ;
#4513 = SURFACE_SIDE_STYLE ('',( #696 ) ) ;
#4514 = CARTESIAN_POINT ( 'NONE',  ( -2.503974364089167626, 17.50000000000000000, 0.5067886038580663444 ) ) ;
#4515 =( NAMED_UNIT ( * ) SI_UNIT ( $, .STERADIAN. ) SOLID_ANGLE_UNIT ( ) );
#4516 = FILL_AREA_STYLE_COLOUR ( '', #2537 ) ;
#4517 = CARTESIAN_POINT ( 'NONE',  ( 0.8996979171337472492, 17.50000000000000000, -2.471899711655335619 ) ) ;
#4518 = ORIENTED_EDGE ( 'NONE', *, *, #2052, .F. ) ;
#4519 = PLANE ( 'NONE',  #2724 ) ;
#4520 = ORIENTED_EDGE ( 'NONE', *, *, #1351, .T. ) ;
#4521 = VECTOR ( 'NONE', #5957, 1000.000000000000000 ) ;
#4522 = COLOUR_RGB ( '',0.6470588235294117974, 0.6196078431372549211, 0.5882352941176470784 ) ;
#4523 = AXIS2_PLACEMENT_3D ( 'NONE', #4906, #4936, #3041 ) ;
#4524 = VECTOR ( 'NONE', #1834, 1000.000000000000000 ) ;
#4525 = CARTESIAN_POINT ( 'NONE',  ( -2.653514921881395594, 17.50000000000000000, -0.9658004477459417592 ) ) ;
#4526 = CARTESIAN_POINT ( 'NONE',  ( 0.000000000000000000, 0.5000000000000000000, 0.000000000000000000 ) ) ;
#4527 = FACE_OUTER_BOUND ( 'NONE', #2193, .T. ) ;
#4528 = CARTESIAN_POINT ( 'NONE',  ( -0.8130953767552957512, 24.44525494324448545, -2.421899711655268295 ) ) ;
#4529 = ORIENTED_EDGE ( 'NONE', *, *, #5931, .F. ) ;
#4530 = STYLED_ITEM ( 'NONE', ( #2356 ), #5743 ) ;
#4531 = ORIENTED_EDGE ( 'NONE', *, *, #5735, .F. ) ;
#4532 = EDGE_CURVE ( 'NONE', #976, #1965, #5076, .T. ) ;
#4533 = DIRECTION ( 'NONE',  ( 0.000000000000000000, -1.000000000000000000, 0.000000000000000000 ) ) ;
#4534 = VECTOR ( 'NONE', #2035, 1000.000000000000000 ) ;
#4535 = DIRECTION ( 'NONE',  ( -0.000000000000000000, 1.000000000000000000, 0.000000000000000000 ) ) ;
#4536 =( NAMED_UNIT ( * ) PLANE_ANGLE_UNIT ( ) SI_UNIT ( $, .RADIAN. ) );
#4537 = AXIS2_PLACEMENT_3D ( 'NONE', #4775, #952, #5724 ) ;
#4538 = CARTESIAN_POINT ( 'NONE',  ( -1.690878987334029748, 17.50000000000000000, -1.915111107797323742 ) ) ;
#4539 = EDGE_CURVE ( 'NONE', #80, #1738, #5540, .T. ) ;
#4540 = STYLED_ITEM ( 'NONE', ( #2336 ), #5001 ) ;
#4541 = COLOUR_RGB ( '',0.6470588235294117974, 0.6196078431372549211, 0.5882352941176470784 ) ;
#4542 = CARTESIAN_POINT ( 'NONE',  ( -1.647483749649206741, 24.46649189398677393, -1.924710362738772051 ) ) ;
#4543 = DIRECTION ( 'NONE',  ( -0.000000000000000000, -1.000000000000000000, -0.000000000000000000 ) ) ;
#4544 = CARTESIAN_POINT ( 'NONE',  ( -2.753824836874304349, 24.08122916413044834, -0.9673327211647736457 ) ) ;
#4545 = CARTESIAN_POINT ( 'NONE',  ( 1.690878987334383687, 17.50000000000000000, 1.915111107797323964 ) ) ;
#4546 = AXIS2_PLACEMENT_3D ( 'NONE', #165, #4930, #651 ) ;
#4547 = CARTESIAN_POINT ( 'NONE',  ( -1.430833428082469272, 24.08122916413036307, 2.544012485563714066 ) ) ;
#4548 = SURFACE_STYLE_USAGE ( .BOTH. , #4513 ) ;
#4549 = DIRECTION ( 'NONE',  ( 0.000000000000000000, 1.000000000000000000, 0.000000000000000000 ) ) ;
#4550 = EDGE_CURVE ( 'NONE', #2275, #3671, #5578, .T. ) ;
#4551 = CARTESIAN_POINT ( 'NONE',  ( -7.170238016404988812, -4.956669073102030865, 3.196191035088709054 ) ) ;
#4552 = ORIENTED_EDGE ( 'NONE', *, *, #987, .T. ) ;
#4553 = CARTESIAN_POINT ( 'NONE',  ( 2.906446172071109668, -5.000000000000000000, -7.292889349516077147 ) ) ;
#4554 = ORIENTED_EDGE ( 'NONE', *, *, #4492, .F. ) ;
#4555 = DIRECTION ( 'NONE',  ( 0.000000000000000000, -1.000000000000000000, 0.000000000000000000 ) ) ;
#4556 = CARTESIAN_POINT ( 'NONE',  ( -2.179634321644315254, 17.50000000000000000, 1.332635182233456783 ) ) ;
#4557 = SURFACE_SIDE_STYLE ('',( #2652 ) ) ;
#4558 = DIRECTION ( 'NONE',  ( 0.9238795325112878487, 0.000000000000000000, 0.3826834323650872838 ) ) ;
#4559 = CARTESIAN_POINT ( 'NONE',  ( 2.178172809684635336, 24.46082274070643336, -1.305016362866197932 ) ) ;
#4560 = ORIENTED_EDGE ( 'NONE', *, *, #1030, .F. ) ;
#4561 = ORIENTED_EDGE ( 'NONE', *, *, #784, .T. ) ;
#4562 = CIRCLE ( 'NONE', #5843, 0.09999999999999982514 ) ;
#4563 = DIRECTION ( 'NONE',  ( 0.000000000000000000, 0.000000000000000000, -1.000000000000000000 ) ) ;
#4564 = CARTESIAN_POINT ( 'NONE',  ( 2.262642463629601863, 24.10565824199047213, 1.804899801633920609 ) ) ;
#4565 = ADVANCED_FACE ( 'NONE', ( #4527 ), #2180, .F. ) ;
#4566 = DIRECTION ( 'NONE',  ( -0.3826834323650940561, 0.000000000000000000, -0.9238795325112848511 ) ) ;
#4567 = UNCERTAINTY_MEASURE_WITH_UNIT (LENGTH_MEASURE( 1.000000000000000082E-05 ), #5142, 'distance_accuracy_value', 'NONE');
#4568 = DIRECTION ( 'NONE',  ( 3.210683727211235158E-15, 0.000000000000000000, -1.000000000000000000 ) ) ;
#4569 = FACE_OUTER_BOUND ( 'NONE', #5862, .T. ) ;
#4570 = SURFACE_STYLE_FILL_AREA ( #5065 ) ;
#4571 = CARTESIAN_POINT ( 'NONE',  ( 1.085128351564311311, 24.33873950506884043, -2.432973093067532844 ) ) ;
#4572 = EDGE_LOOP ( 'NONE', ( #4156 ) ) ;
#4573 = EDGE_CURVE ( 'NONE', #1460, #740, #13, .T. ) ;
#4574 = DIRECTION ( 'NONE',  ( 0.000000000000000000, 0.000000000000000000, -1.000000000000000000 ) ) ;
#4575 = AXIS2_PLACEMENT_3D ( 'NONE', #2585, #5885, #1658 ) ;
#4576 = DIRECTION ( 'NONE',  ( 0.9848077530122083534, 0.000000000000000000, 0.1736481776669287769 ) ) ;
#4577 = COLOUR_RGB ( '',0.7764705882352941346, 0.7568627450980391913, 0.7372549019607843590 ) ;
#4578 = CARTESIAN_POINT ( 'NONE',  ( 3.330480830019015404, -4.809216244852373201, 7.108856995717150795 ) ) ;
#4579 = ORIENTED_EDGE ( 'NONE', *, *, #4126, .F. ) ;
#4580 = LINE ( 'NONE', #4485, #537 ) ;
#4581 = VERTEX_POINT ( 'NONE', #4159 ) ;
#4582 = PRODUCT_RELATED_PRODUCT_CATEGORY ( 'part', '', ( #5294 ) ) ;
#4583 = DIRECTION ( 'NONE',  ( 0.000000000000000000, -0.000000000000000000, -1.000000000000000000 ) ) ;
#4584 = FILL_AREA_STYLE ('',( #400 ) ) ;
#4585 = CARTESIAN_POINT ( 'NONE',  ( 2.180082519975668376, 24.46402637105401112, -1.295531725897133724 ) ) ;
#4586 = ADVANCED_FACE ( 'NONE', ( #2614 ), #736, .F. ) ;
#4587 = EDGE_LOOP ( 'NONE', ( #5919, #2102, #4561, #703 ) ) ;
#4588 = ORIENTED_EDGE ( 'NONE', *, *, #5060, .T. ) ;
#4589 = CARTESIAN_POINT ( 'NONE',  ( 7.252454330213632616, -5.000000000000000000, 3.004064944065885978 ) ) ;
#4590 = CARTESIAN_POINT ( 'NONE',  ( 0.000000000000000000, 0.000000000000000000, 0.000000000000000000 ) ) ;
#4591 = DIRECTION ( 'NONE',  ( 0.000000000000000000, 1.000000000000000000, -0.000000000000000000 ) ) ;
#4592 = CARTESIAN_POINT ( 'NONE',  ( 0.8550503583145130371, 17.50000000000000000, 2.349231551964702014 ) ) ;
#4593 = VERTEX_POINT ( 'NONE', #5193 ) ;
#4594 = DIRECTION ( 'NONE',  ( -3.210683727211237919E-15, 0.000000000000000000, 1.000000000000000000 ) ) ;
#4595 = DIRECTION ( 'NONE',  ( 2.316559417873162294E-16, 0.000000000000000000, 1.000000000000000000 ) ) ;
#4596 = CARTESIAN_POINT ( 'NONE',  ( 1.600471032586592068, 24.46082274070577967, -1.971293222748085494 ) ) ;
#4597 = LINE ( 'NONE', #6055, #752 ) ;
#4598 = CARTESIAN_POINT ( 'NONE',  ( 0.9999999999999997780, 9.500000000000001776, -7.584358905009704444 ) ) ;
#4599 = ORIENTED_EDGE ( 'NONE', *, *, #4717, .T. ) ;
#4600 = EDGE_LOOP ( 'NONE', ( #2384 ) ) ;
#4601 = LINE ( 'NONE', #2787, #5318 ) ;
#4602 = EDGE_LOOP ( 'NONE', ( #4226 ) ) ;
#4603 = ADVANCED_FACE ( 'NONE', ( #1291 ), #3817, .F. ) ;
#4604 = B_SPLINE_CURVE_WITH_KNOTS ( 'NONE', 3,
 ( #1283, #4179, #5008, #304, #2698, #787 ),
 .UNSPECIFIED., .F., .F.,
 ( 4, 2, 4 ),
 ( 0.000000000000000000, 0.0001568785302710083620, 0.0003137570605420167240 ),
 .UNSPECIFIED. ) ;
#4605 = FILL_AREA_STYLE ('',( #2722 ) ) ;
#4606 = DIRECTION ( 'NONE',  ( 0.000000000000000000, 1.000000000000000000, 0.000000000000000000 ) ) ;
#4607 = VECTOR ( 'NONE', #4688, 1000.000000000000000 ) ;
#4608 = CARTESIAN_POINT ( 'NONE',  ( 6.822217097514212902, -5.000000000000000000, 3.258811727360877875 ) ) ;
#4609 = VERTEX_POINT ( 'NONE', #4308 ) ;
#4610 = CARTESIAN_POINT ( 'NONE',  ( 2.519708101351919805, -4.599999999999999645, -7.128363843406251732 ) ) ;
#4611 = EDGE_LOOP ( 'NONE', ( #2714, #4067, #5290, #4118 ) ) ;
#4612 =( NAMED_UNIT ( * ) SI_UNIT ( $, .STERADIAN. ) SOLID_ANGLE_UNIT ( ) );
#4613 = CARTESIAN_POINT ( 'NONE',  ( -0.5173645989549715551, 17.50000000000000000, -2.934120444167288344 ) ) ;
#4614 = FACE_OUTER_BOUND ( 'NONE', #3434, .T. ) ;
#4615 = CARTESIAN_POINT ( 'NONE',  ( -1.482041236375857718, 24.07928144543843629, -2.516773857270794057 ) ) ;
#4616 = ORIENTED_EDGE ( 'NONE', *, *, #1952, .F. ) ;
#4617 = VERTEX_POINT ( 'NONE', #31 ) ;
#4618 = DIRECTION ( 'NONE',  ( 0.4999999999999996669, 0.000000000000000000, -0.8660254037844388186 ) ) ;
#4619 = CARTESIAN_POINT ( 'NONE',  ( 6.822217097514212902, -5.000000000000000000, 3.258811727360877875 ) ) ;
#4620 = CARTESIAN_POINT ( 'NONE',  ( 0.000000000000000000, 0.000000000000000000, 0.000000000000000000 ) ) ;
#4621 = CYLINDRICAL_SURFACE ( 'NONE', #1020, 7.850000000000004974 ) ;
#4622 = ORIENTED_EDGE ( 'NONE', *, *, #298, .F. ) ;
#4623 =( GEOMETRIC_REPRESENTATION_CONTEXT ( 3 ) GLOBAL_UNCERTAINTY_ASSIGNED_CONTEXT ( ( #750 ) ) GLOBAL_UNIT_ASSIGNED_CONTEXT ( ( #4731, #2263, #5132 ) ) REPRESENTATION_CONTEXT ( 'NONE', 'WORKASPACE' ) );
#4624 = SURFACE_SIDE_STYLE ('',( #4261 ) ) ;
#4625 = CARTESIAN_POINT ( 'NONE',  ( 1.510386574701177098, 24.11089388095961183, 2.462857397828599026 ) ) ;
#4626 = AXIS2_PLACEMENT_3D ( 'NONE', #3075, #1186, #4970 ) ;
#4627 = LINE ( 'NONE', #1277, #5529 ) ;
#4628 = EDGE_LOOP ( 'NONE', ( #1833, #308, #4357, #3311, #5887 ) ) ;
#4629 = CARTESIAN_POINT ( 'NONE',  ( 0.9999999999999997780, 11.50000000000000178, -7.786045209218862340 ) ) ;
#4630 = STYLED_ITEM ( 'NONE', ( #427 ), #4845 ) ;
#4631 = CARTESIAN_POINT ( 'NONE',  ( -2.503974364089228910, 17.50000000000000000, -0.5067886038577164021 ) ) ;
#4632 = CARTESIAN_POINT ( 'NONE',  ( -0.04109091775409429159, 24.46082274070658613, -2.538861168452369199 ) ) ;
#4633 = ORIENTED_EDGE ( 'NONE', *, *, #5024, .F. ) ;
#4634 = SURFACE_SIDE_STYLE ('',( #3339 ) ) ;
#4635 = ADVANCED_FACE ( 'NONE', ( #4218 ), #3754, .F. ) ;
#4636 = VERTEX_POINT ( 'NONE', #2424 ) ;
#4637 = PRESENTATION_LAYER_ASSIGNMENT (  '', '', ( #1144 ) ) ;
#4638 = FACE_OUTER_BOUND ( 'NONE', #3174, .T. ) ;
#4639 = DIRECTION ( 'NONE',  ( 1.000000000000000000, 0.000000000000000000, 0.000000000000000000 ) ) ;
#4640 = EDGE_CURVE ( 'NONE', #4786, #1317, #1535, .T. ) ;
#4641 = AXIS2_PLACEMENT_3D ( 'NONE', #4619, #6079, #5638 ) ;
#4642 = CARTESIAN_POINT ( 'NONE',  ( -1.509471357410878012, 24.10736372361319013, -2.467558281632492356 ) ) ;
#4643 = AXIS2_PLACEMENT_3D ( 'NONE', #2448, #1961, #3909 ) ;
#4644 = ORIENTED_EDGE ( 'NONE', *, *, #3624, .F. ) ;
#4645 = STYLED_ITEM ( 'NONE', ( #3330 ), #1514 ) ;
#4646 = CARTESIAN_POINT ( 'NONE',  ( -1.684606759748310756, 24.44929433676948349, -1.915256182668107821 ) ) ;
#4647 = SURFACE_SIDE_STYLE ('',( #2208 ) ) ;
#4648 = CARTESIAN_POINT ( 'NONE',  ( -0.8733445931745420499, 24.46948457643210872, 2.375047388060471665 ) ) ;
#4649 = EDGE_CURVE ( 'NONE', #5580, #2550, #1224, .T. ) ;
#4650 = DIRECTION ( 'NONE',  ( 0.000000000000000000, 0.000000000000000000, -1.000000000000000000 ) ) ;
#4651 = CARTESIAN_POINT ( 'NONE',  ( 4.250000000000000888, 9.500000000000001776, 0.000000000000000000 ) ) ;
#4652 = VERTEX_POINT ( 'NONE', #586 ) ;
#4653 = VECTOR ( 'NONE', #2723, 1000.000000000000000 ) ;
#4654 = EDGE_CURVE ( 'NONE', #5761, #1998, #1421, .T. ) ;
#4655 = CARTESIAN_POINT ( 'NONE',  ( 0.8163571290720663676, 24.44929433676972153, -2.416540340662679309 ) ) ;
#4656 = CARTESIAN_POINT ( 'NONE',  ( 2.503974364089583293, 17.50000000000000000, 0.5067886038577172902 ) ) ;
#4657 = FILL_AREA_STYLE_COLOUR ( '', #5438 ) ;
#4658 = CARTESIAN_POINT ( 'NONE',  ( 1.647483749649558682, 24.46649189398654300, 1.924710362738773162 ) ) ;
#4659 = VERTEX_POINT ( 'NONE', #1078 ) ;
#4660 = FACE_OUTER_BOUND ( 'NONE', #3981, .T. ) ;
#4661 = ORIENTED_EDGE ( 'NONE', *, *, #2930, .F. ) ;
#4662 = CARTESIAN_POINT ( 'NONE',  ( -1.609387136664788720, 24.46649189398649682, 1.956677216643449624 ) ) ;
#4663 = DIRECTION ( 'NONE',  ( -0.000000000000000000, -1.000000000000000000, -0.000000000000000000 ) ) ;
#4664 = LINE ( 'NONE', #2380, #4360 ) ;
#4665 = AXIS2_PLACEMENT_3D ( 'NONE', #2331, #4252, #5663 ) ;
#4666 = FACE_OUTER_BOUND ( 'NONE', #3807, .T. ) ;
#4667 = ORIENTED_EDGE ( 'NONE', *, *, #905, .T. ) ;
#4668 = DIRECTION ( 'NONE',  ( 0.000000000000000000, 0.000000000000000000, 1.000000000000000000 ) ) ;
#4669 = ORIENTED_EDGE ( 'NONE', *, *, #2074, .F. ) ;
#4670 = MECHANICAL_DESIGN_GEOMETRIC_PRESENTATION_REPRESENTATION (  '', ( #1173 ), #3898 ) ;
#4671 = CARTESIAN_POINT ( 'NONE',  ( 2.201134169968651300, 24.46823170470867836, 1.250967392579848791 ) ) ;
#4672 = DIRECTION ( 'NONE',  ( 0.000000000000000000, -0.000000000000000000, -1.000000000000000000 ) ) ;
#4673 = CARTESIAN_POINT ( 'NONE',  ( 1.000000000000000000, 11.50000000000000178, -6.850000000000000533 ) ) ;
#4674 = B_SPLINE_CURVE_WITH_KNOTS ( 'NONE', 3,
 ( #1159, #5404, #1586, #3527, #2600, #4090, #3050, #2573, #3587, #4943, #272, #2512, #2166, #4547, #4479, #4027, #2096, #5965, #4450, #1613, #5934, #1676 ),
 .UNSPECIFIED., .F., .F.,
 ( 4, 3, 3, 3, 3, 3, 3, 4 ),
 ( 4.848699518061080308E-19, 3.737017153941446453E-05, 6.632414775228968906E-05, 9.559872338568054146E-05, 0.0001205902993703399963, 0.0001452370098981050326, 0.0001812528771457942766, 0.0001900682076238039970 ),
 .UNSPECIFIED. ) ;
#4675 = ORIENTED_EDGE ( 'NONE', *, *, #5018, .F. ) ;
#4676 = STYLED_ITEM ( 'NONE', ( #810 ), #190 ) ;
#4677 = EDGE_CURVE ( 'NONE', #4844, #5254, #2995, .T. ) ;
#4678 = CARTESIAN_POINT ( 'NONE',  ( -1.687770665130397418, 24.44731221181067227, -1.915111107797440315 ) ) ;
#4679 = EDGE_CURVE ( 'NONE', #936, #3671, #552, .T. ) ;
#4680 =( LENGTH_UNIT ( ) NAMED_UNIT ( * ) SI_UNIT ( .MILLI., .METRE. ) );
#4681 = B_SPLINE_CURVE_WITH_KNOTS ( 'NONE', 3,
 ( #107, #2978, #2944, #2911 ),
 .UNSPECIFIED., .F., .F.,
 ( 4, 4 ),
 ( 0.0001003651230099029555, 0.0006790282963583859971 ),
 .UNSPECIFIED. ) ;
#4682 = CARTESIAN_POINT ( 'NONE',  ( 0.000000000000000000, 0.000000000000000000, 0.000000000000000000 ) ) ;
#4683 = FACE_OUTER_BOUND ( 'NONE', #2668, .T. ) ;
#4684 = ORIENTED_EDGE ( 'NONE', *, *, #5216, .F. ) ;
#4685 = CARTESIAN_POINT ( 'NONE',  ( 0.000000000000000000, -5.000000000000000000, 0.000000000000000000 ) ) ;
#4686 = ORIENTED_EDGE ( 'NONE', *, *, #4014, .T. ) ;
#4687 = MECHANICAL_DESIGN_GEOMETRIC_PRESENTATION_REPRESENTATION (  '', ( #6073 ), #2895 ) ;
#4688 = DIRECTION ( 'NONE',  ( -0.9238795325112845180, 0.000000000000000000, 0.3826834323650951664 ) ) ;
#4689 = AXIS2_PLACEMENT_3D ( 'NONE', #978, #3815, #4337 ) ;
#4690 = CARTESIAN_POINT ( 'NONE',  ( -3.258811727360950705, -5.000000000000000000, -6.822217097514180928 ) ) ;
#4691 = DIRECTION ( 'NONE',  ( 0.9238795325112829637, 0.000000000000000000, -0.3826834323650989966 ) ) ;
#4692 = ORIENTED_EDGE ( 'NONE', *, *, #5966, .F. ) ;
#4693 = FACE_OUTER_BOUND ( 'NONE', #4322, .T. ) ;
#4694 = ORIENTED_EDGE ( 'NONE', *, *, #2907, .T. ) ;
#4695 = FACE_OUTER_BOUND ( 'NONE', #2229, .T. ) ;
#4696 = ADVANCED_FACE ( 'NONE', ( #1503 ), #1942, .T. ) ;
#4697 = CARTESIAN_POINT ( 'NONE',  ( -2.923853636424620817, 24.07614780133005183, -0.009288558142409393883 ) ) ;
#4698 = DIRECTION ( 'NONE',  ( 0.000000000000000000, 1.000000000000000000, 0.000000000000000000 ) ) ;
#4699 = PLANE ( 'NONE',  #5420 ) ;
#4700 = EDGE_LOOP ( 'NONE', ( #2694 ) ) ;
#4701 = CYLINDRICAL_SURFACE ( 'NONE', #4043, 7.850000000000003197 ) ;
#4702 = VERTEX_POINT ( 'NONE', #4893 ) ;
#4703 = MECHANICAL_DESIGN_GEOMETRIC_PRESENTATION_REPRESENTATION (  '', ( #5787 ), #1595 ) ;
#4704 = DIRECTION ( 'NONE',  ( 1.926410236326968208E-15, 0.000000000000000000, 1.000000000000000000 ) ) ;
#4705 = SURFACE_STYLE_FILL_AREA ( #61 ) ;
#4706 = SURFACE_STYLE_USAGE ( .BOTH. , #3718 ) ;
#4707 = DIRECTION ( 'NONE',  ( 0.000000000000000000, 0.000000000000000000, 1.000000000000000000 ) ) ;
#4708 = VERTEX_POINT ( 'NONE', #3946 ) ;
#4709 = CARTESIAN_POINT ( 'NONE',  ( -7.128363843406240186, 0.000000000000000000, 2.519708101351947782 ) ) ;
#4710 = FILL_AREA_STYLE ('',( #4166 ) ) ;
#4711 = FILL_AREA_STYLE ('',( #346 ) ) ;
#4712 = FILL_AREA_STYLE_COLOUR ( '', #1036 ) ;
#4713 = DIRECTION ( 'NONE',  ( -0.3826834323650890046, 0.000000000000000000, -0.9238795325112871826 ) ) ;
#4714 = EDGE_LOOP ( 'NONE', ( #3193 ) ) ;
#4715 =( NAMED_UNIT ( * ) SI_UNIT ( $, .STERADIAN. ) SOLID_ANGLE_UNIT ( ) );
#4716 = ORIENTED_EDGE ( 'NONE', *, *, #2165, .T. ) ;
#4717 = EDGE_CURVE ( 'NONE', #2432, #4771, #2899, .T. ) ;
#4718 = AXIS2_PLACEMENT_3D ( 'NONE', #1823, #4713, #3824 ) ;
#4719 = AXIS2_PLACEMENT_3D ( 'NONE', #1400, #1895, #1925 ) ;
#4720 = DIRECTION ( 'NONE',  ( -0.9238795325112866275, -0.000000000000000000, 0.3826834323650902814 ) ) ;
#4721 =( LENGTH_UNIT ( ) NAMED_UNIT ( * ) SI_UNIT ( .MILLI., .METRE. ) );
#4722 = CARTESIAN_POINT ( 'NONE',  ( -6.822217097514164941, -5.000000000000000000, 3.258811727360975130 ) ) ;
#4723 = ORIENTED_EDGE ( 'NONE', *, *, #4165, .F. ) ;
#4724 = FACE_OUTER_BOUND ( 'NONE', #111, .T. ) ;
#4725 = AXIS2_PLACEMENT_3D ( 'NONE', #5323, #2966, #587 ) ;
#4726 = CARTESIAN_POINT ( 'NONE',  ( -1.593630243780210565, 24.44929433676932717, 1.991594543662922545 ) ) ;
#4727 = CARTESIAN_POINT ( 'NONE',  ( 2.889259914356435033, -5.000000000000000000, -6.975290470460214998 ) ) ;
#4728 = PRESENTATION_LAYER_ASSIGNMENT (  '', '', ( #5917 ) ) ;
#4729 = PLANE ( 'NONE',  #1324 ) ;
#4730 = SURFACE_STYLE_FILL_AREA ( #2450 ) ;
#4731 =( LENGTH_UNIT ( ) NAMED_UNIT ( * ) SI_UNIT ( .MILLI., .METRE. ) );
#4732 = ORIENTED_EDGE ( 'NONE', *, *, #1228, .F. ) ;
#4733 = COLOUR_RGB ( '',0.7764705882352941346, 0.7568627450980391913, 0.7372549019607843590 ) ;
#4734 = ADVANCED_FACE ( 'NONE', ( #3383 ), #181, .T. ) ;
#4735 = CARTESIAN_POINT ( 'NONE',  ( 1.000000000000000000, 11.50000000000000178, -6.850000000000000533 ) ) ;
#4736 = LINE ( 'NONE', #2865, #637 ) ;
#4737 = ORIENTED_EDGE ( 'NONE', *, *, #1496, .T. ) ;
#4738 =( GEOMETRIC_REPRESENTATION_CONTEXT ( 3 ) GLOBAL_UNCERTAINTY_ASSIGNED_CONTEXT ( ( #2445 ) ) GLOBAL_UNIT_ASSIGNED_CONTEXT ( ( #388, #1398, #2280 ) ) REPRESENTATION_CONTEXT ( 'NONE', 'WORKASPACE' ) );
#4739 = B_SPLINE_CURVE_WITH_KNOTS ( 'NONE', 3,
 ( #663, #636, #3970, #5904 ),
 .UNSPECIFIED., .F., .F.,
 ( 4, 4 ),
 ( 0.0001497047230440097987, 0.0007283678963854677522 ),
 .UNSPECIFIED. ) ;
#4740 = ORIENTED_EDGE ( 'NONE', *, *, #4020, .F. ) ;
#4741 = FACE_OUTER_BOUND ( 'NONE', #4464, .T. ) ;
#4742 = PLANE ( 'NONE',  #2231 ) ;
#4743 = DIRECTION ( 'NONE',  ( -0.4999999999999995559, 0.000000000000000000, 0.8660254037844388186 ) ) ;
#4744 = VECTOR ( 'NONE', #2288, 1000.000000000000000 ) ;
#4745 = VERTEX_POINT ( 'NONE', #5260 ) ;
#4746 = AXIS2_PLACEMENT_3D ( 'NONE', #3111, #2633, #5087 ) ;
#4747 = LINE ( 'NONE', #1418, #3859 ) ;
#4748 = VERTEX_POINT ( 'NONE', #5783 ) ;
#4749 = AXIS2_PLACEMENT_3D ( 'NONE', #4590, #4533, #5393 ) ;
#4750 = CARTESIAN_POINT ( 'NONE',  ( 0.9165562646203017083, 24.45629017994075838, -2.372859194015836337 ) ) ;
#4751 = CARTESIAN_POINT ( 'NONE',  ( -2.751036162895228010, 24.09245612541790393, -0.9411196742657431669 ) ) ;
#4752 = CARTESIAN_POINT ( 'NONE',  ( 1.592398212032891225, 17.50000000000000000, -1.997746290030859129 ) ) ;
#4753 = COLOUR_RGB ( '',0.6470588235294117974, 0.6196078431372549211, 0.5882352941176470784 ) ;
#4754 = ORIENTED_EDGE ( 'NONE', *, *, #5891, .T. ) ;
#4755 = CARTESIAN_POINT ( 'NONE',  ( 2.519329465417837977, 24.45117771391950257, 0.3866187924792597319 ) ) ;
#4756 = ORIENTED_EDGE ( 'NONE', *, *, #411, .F. ) ;
#4757 = EDGE_CURVE ( 'NONE', #2207, #6151, #4186, .T. ) ;
#4758 = VECTOR ( 'NONE', #4841, 1000.000000000000000 ) ;
#4759 = CARTESIAN_POINT ( 'NONE',  ( 0.3077523445042681938, 24.22653848302766377, 2.758234878767167775 ) ) ;
#4760 = LINE ( 'NONE', #4299, #5292 ) ;
#4761 = EDGE_CURVE ( 'NONE', #5683, #1663, #1709, .T. ) ;
#4762 =( LENGTH_UNIT ( ) NAMED_UNIT ( * ) SI_UNIT ( .MILLI., .METRE. ) );
#4763 = ORIENTED_EDGE ( 'NONE', *, *, #902, .T. ) ;
#4764 = ORIENTED_EDGE ( 'NONE', *, *, #2788, .F. ) ;
#4765 = VECTOR ( 'NONE', #5504, 1000.000000000000000 ) ;
#4766 = DIRECTION ( 'NONE',  ( -0.7660444431189800119, 0.000000000000000000, 0.6427876096865369204 ) ) ;
#4767 = DIRECTION ( 'NONE',  ( 0.000000000000000000, 1.000000000000000000, 0.000000000000000000 ) ) ;
#4768 = ADVANCED_FACE ( 'NONE', ( #5968 ), #5042, .T. ) ;
#4769 = PRESENTATION_STYLE_ASSIGNMENT (( #4706 ) ) ;
#4770 = DIRECTION ( 'NONE',  ( 1.000000000000000000, 0.000000000000000000, -2.503857664561932376E-16 ) ) ;
#4771 = VERTEX_POINT ( 'NONE', #1133 ) ;
#4772 = ADVANCED_FACE ( 'NONE', ( #1652 ), #699, .F. ) ;
#4773 = LINE ( 'NONE', #5198, #1092 ) ;
#4774 = EDGE_CURVE ( 'NONE', #4801, #1476, #3532, .T. ) ;
#4775 = CARTESIAN_POINT ( 'NONE',  ( 0.000000000000000000, -5.000000000000000000, 0.000000000000000000 ) ) ;
#4776 = DIRECTION ( 'NONE',  ( 0.7660444431189793457, 0.000000000000000000, -0.6427876096865376976 ) ) ;
#4777 = EDGE_LOOP ( 'NONE', ( #3714, #502, #4036, #2299 ) ) ;
#4778 = ORIENTED_EDGE ( 'NONE', *, *, #3004, .F. ) ;
#4779 = CARTESIAN_POINT ( 'NONE',  ( 2.697087030908314365, 24.10342794339672423, 1.056359274263661163 ) ) ;
#4780 = FACE_OUTER_BOUND ( 'NONE', #4600, .T. ) ;
#4781 = SURFACE_SIDE_STYLE ('',( #2815 ) ) ;
#4782 = CARTESIAN_POINT ( 'NONE',  ( 1.684606759750002958, 24.44929433676846386, 1.915256182667980367 ) ) ;
#4783 = CIRCLE ( 'NONE', #3510, 7.000000000000000000 ) ;
#4784 = ORIENTED_EDGE ( 'NONE', *, *, #32, .T. ) ;
#4785 = CARTESIAN_POINT ( 'NONE',  ( 2.526298143494416060, 24.44525494324852843, 0.3801841595499791948 ) ) ;
#4786 = VERTEX_POINT ( 'NONE', #2605 ) ;
#4787 = STYLED_ITEM ( 'NONE', ( #3021 ), #3459 ) ;
#4788 = CARTESIAN_POINT ( 'NONE',  ( -2.893451915244154460, 24.10565824199078833, 0.07176507734340957512 ) ) ;
#4789 = SURFACE_STYLE_USAGE ( .BOTH. , #933 ) ;
#4790 = CARTESIAN_POINT ( 'NONE',  ( -0.4744400990080964164, 24.08122916413030623, 2.879963614019422469 ) ) ;
#4791 = PLANE ( 'NONE',  #661 ) ;
#4792 = CARTESIAN_POINT ( 'NONE',  ( 0.4491095353467665641, 24.09245612541773696, -2.872665458439068509 ) ) ;
#4793 = ORIENTED_EDGE ( 'NONE', *, *, #529, .T. ) ;
#4794 = ORIENTED_EDGE ( 'NONE', *, *, #2354, .T. ) ;
#4795 = EDGE_CURVE ( 'NONE', #302, #90, #4001, .T. ) ;
#4796 = PLANE ( 'NONE',  #2796 ) ;
#4797 = CARTESIAN_POINT ( 'NONE',  ( -3.369714263716252045, -4.599999999999999645, 7.089959504884867592 ) ) ;
#4798 = DIRECTION ( 'NONE',  ( -0.3826834323650940561, -0.000000000000000000, -0.9238795325112848511 ) ) ;
#4799 = ADVANCED_FACE ( 'NONE', ( #3055, #667 ), #4482, .T. ) ;
#4800 = CARTESIAN_POINT ( 'NONE',  ( -7.089959504884855157, -4.599999999999999645, -3.369714263716276026 ) ) ;
#4801 = VERTEX_POINT ( 'NONE', #3563 ) ;
#4802 = SURFACE_SIDE_STYLE ('',( #5168 ) ) ;
#4803 = PRODUCT ( 'Сбока SR16', 'Сбока SR16', '', ( #3505 ) ) ;
#4804 = DIRECTION ( 'NONE',  ( 0.000000000000000000, -0.000000000000000000, 1.000000000000000000 ) ) ;
#4805 = FACE_OUTER_BOUND ( 'NONE', #1449, .T. ) ;
#4806 = EDGE_LOOP ( 'NONE', ( #5097, #4686, #5351, #19 ) ) ;
#4807 = LINE ( 'NONE', #3326, #6019 ) ;
#4808 = VERTEX_POINT ( 'NONE', #2134 ) ;
#4809 = CARTESIAN_POINT ( 'NONE',  ( -2.747332075485798608, 24.07618934483405937, 1.000417519972926161 ) ) ;
#4810 = DIRECTION ( 'NONE',  ( 0.000000000000000000, 0.000000000000000000, 1.000000000000000000 ) ) ;
#4811 = DIRECTION ( 'NONE',  ( 0.3826834323650853964, 0.000000000000000000, -0.9238795325112885148 ) ) ;
#4812 = PLANE ( 'NONE',  #5572 ) ;
#4813 = ORIENTED_EDGE ( 'NONE', *, *, #4126, .T. ) ;
#4814 = CARTESIAN_POINT ( 'NONE',  ( 2.490578066422565851, 24.46796627992226547, 0.4563065358566318896 ) ) ;
#4815 = STYLED_ITEM ( 'NONE', ( #1725 ), #1693 ) ;
#4816 = CIRCLE ( 'NONE', #3218, 7.850000000000001421 ) ;
#4817 = UNCERTAINTY_MEASURE_WITH_UNIT (LENGTH_MEASURE( 1.000000000000000082E-05 ), #5547, 'distance_accuracy_value', 'NONE');
#4818 = AXIS2_PLACEMENT_3D ( 'NONE', #3580, #198, #2566 ) ;
#4819 = B_SPLINE_CURVE_WITH_KNOTS ( 'NONE', 3,
 ( #1915, #889, #442, #3352 ),
 .UNSPECIFIED., .F., .F.,
 ( 4, 4 ),
 ( 0.0001497047230440081724, 0.0007283678963854519229 ),
 .UNSPECIFIED. ) ;
#4820 = ORIENTED_EDGE ( 'NONE', *, *, #5675, .F. ) ;
#4821 = FILL_AREA_STYLE ('',( #84 ) ) ;
#4822 = CARTESIAN_POINT ( 'NONE',  ( 1.377703785067463382, 24.11089388096000619, 2.539461842140005920 ) ) ;
#4823 = PLANE ( 'NONE',  #3365 ) ;
#4824 = CARTESIAN_POINT ( 'NONE',  ( 0.8576302609343279260, 24.46948457643198793, 2.380766937247408066 ) ) ;
#4825 = FACE_OUTER_BOUND ( 'NONE', #1747, .T. ) ;
#4826 = ORIENTED_EDGE ( 'NONE', *, *, #4853, .T. ) ;
#4827 = VERTEX_POINT ( 'NONE', #4065 ) ;
#4828 = B_SPLINE_CURVE_WITH_KNOTS ( 'NONE', 3,
 ( #2059, #2918, #4883, #4023 ),
 .UNSPECIFIED., .F., .F.,
 ( 4, 4 ),
 ( 0.0001497654562690935523, 0.0007284286299740037754 ),
 .UNSPECIFIED. ) ;
#4829 = AXIS2_PLACEMENT_3D ( 'NONE', #5446, #2579, #1590 ) ;
#4830 = CARTESIAN_POINT ( 'NONE',  ( 0.8130953767556490241, 17.50000000000000000, 2.421899711655269183 ) ) ;
#4831 = DIRECTION ( 'NONE',  ( -0.000000000000000000, 1.000000000000000000, -0.000000000000000000 ) ) ;
#4832 = CYLINDRICAL_SURFACE ( 'NONE', #2968, 0.1000000000000000472 ) ;
#4833 = EDGE_CURVE ( 'NONE', #2014, #1982, #5939, .T. ) ;
#4834 = CARTESIAN_POINT ( 'NONE',  ( -2.261645958976199910, 17.50000000000000000, 1.797746290030857841 ) ) ;
#4835 = ORIENTED_EDGE ( 'NONE', *, *, #3479, .T. ) ;
#4836 = AXIS2_PLACEMENT_3D ( 'NONE', #3918, #5321, #1442 ) ;
#4837 = PRESENTATION_LAYER_ASSIGNMENT (  '', '', ( #741 ) ) ;
#4838 = ADVANCED_FACE ( 'NONE', ( #4666 ), #4729, .T. ) ;
#4839 = CARTESIAN_POINT ( 'NONE',  ( 2.243913082613323784, 17.50000000000000000, -1.221301102388172577 ) ) ;
#4840 = VECTOR ( 'NONE', #4494, 1000.000000000000114 ) ;
#4841 = DIRECTION ( 'NONE',  ( 0.000000000000000000, 1.000000000000000000, -0.000000000000000000 ) ) ;
#4842 = ORIENTED_EDGE ( 'NONE', *, *, #5550, .F. ) ;
#4843 = CARTESIAN_POINT ( 'NONE',  ( 2.179634321644669637, 17.50000000000000000, -1.332635182233456117 ) ) ;
#4844 = VERTEX_POINT ( 'NONE', #6066 ) ;
#4845 = ADVANCED_FACE ( 'NONE', ( #4182 ), #4699, .F. ) ;
#4846 = CARTESIAN_POINT ( 'NONE',  ( 2.715252083316429754, 24.09078937327012682, 1.044467613056433208 ) ) ;
#4847 = MECHANICAL_DESIGN_GEOMETRIC_PRESENTATION_REPRESENTATION (  '', ( #1144 ), #4064 ) ;
#4848 = LINE ( 'NONE', #1485, #3665 ) ;
#4849 =( LENGTH_UNIT ( ) NAMED_UNIT ( * ) SI_UNIT ( .MILLI., .METRE. ) );
#4850 = ORIENTED_EDGE ( 'NONE', *, *, #1617, .F. ) ;
#4851 = CARTESIAN_POINT ( 'NONE',  ( -2.630610637707220700, -4.599999999999999645, 7.396106250776933955 ) ) ;
#4852 = COLOUR_RGB ( '',0.6470588235294117974, 0.6196078431372549211, 0.5882352941176470784 ) ;
#4853 = EDGE_CURVE ( 'NONE', #5254, #4163, #6157, .T. ) ;
#4854 = FACE_OUTER_BOUND ( 'NONE', #1600, .T. ) ;
#4855 = CARTESIAN_POINT ( 'NONE',  ( 1.663558663799878268, 24.46038112602445480, -1.918915474206495775 ) ) ;
#4856 = DIRECTION ( 'NONE',  ( -4.336808689942015369E-15, 0.000000000000000000, 1.000000000000000000 ) ) ;
#4857 = CARTESIAN_POINT ( 'NONE',  ( -0.5072790510552264154, 24.07618934483392792, 2.879468129989144476 ) ) ;
#4858 = SURFACE_SIDE_STYLE ('',( #4730 ) ) ;
#4859 = ORIENTED_EDGE ( 'NONE', *, *, #4925, .F. ) ;
#4860 = CIRCLE ( 'NONE', #2160, 0.09999999999999982514 ) ;
#4861 = EDGE_LOOP ( 'NONE', ( #2371, #3281, #3097, #3258 ) ) ;
#4862 = CYLINDRICAL_SURFACE ( 'NONE', #471, 4.250000000000000000 ) ;
#4863 = CARTESIAN_POINT ( 'NONE',  ( -3.004064944065911291, -5.000000000000000000, 7.252454330213621070 ) ) ;
#4864 = CARTESIAN_POINT ( 'NONE',  ( 2.519708101351970875, 0.000000000000000000, 7.128363843406233080 ) ) ;
#4865 = DIRECTION ( 'NONE',  ( -0.3826834323650902814, 0.000000000000000000, 0.9238795325112866275 ) ) ;
#4866 = ORIENTED_EDGE ( 'NONE', *, *, #942, .F. ) ;
#4867 = DIRECTION ( 'NONE',  ( -0.9396926207859080948, 0.000000000000000000, -0.3420201433256697121 ) ) ;
#4868 = CYLINDRICAL_SURFACE ( 'NONE', #1601, 0.4000000000000000222 ) ;
#4869 = ORIENTED_EDGE ( 'NONE', *, *, #5353, .F. ) ;
#4870 = CARTESIAN_POINT ( 'NONE',  ( 2.590576904468027131, 17.50000000000000000, 0.4567886038577174679 ) ) ;
#4871 = VECTOR ( 'NONE', #5327, 1000.000000000000000 ) ;
#4872 = VERTEX_POINT ( 'NONE', #1873 ) ;
#4873 = EDGE_CURVE ( 'NONE', #1545, #1634, #4047, .T. ) ;
#4874 = STYLED_ITEM ( 'NONE', ( #393 ), #864 ) ;
#4875 = CARTESIAN_POINT ( 'NONE',  ( 2.722019605536603049, 24.08637983427258789, 1.039156533012166150 ) ) ;
#4876 = CARTESIAN_POINT ( 'NONE',  ( -2.889259914356386183, -4.599999999999999645, 6.975290470460236314 ) ) ;
#4877 = DIRECTION ( 'NONE',  ( 0.000000000000000000, 0.000000000000000000, 1.000000000000000000 ) ) ;
#4878 =( NAMED_UNIT ( * ) PLANE_ANGLE_UNIT ( ) SI_UNIT ( $, .RADIAN. ) );
#4879 = VERTEX_POINT ( 'NONE', #2318 ) ;
#4880 = CARTESIAN_POINT ( 'NONE',  ( 0.000000000000000000, 16.00000000000000000, 0.000000000000000000 ) ) ;
#4881 = UNCERTAINTY_MEASURE_WITH_UNIT (LENGTH_MEASURE( 1.000000000000000082E-05 ), #3112, 'distance_accuracy_value', 'NONE');
#4882 = SURFACE_SIDE_STYLE ('',( #2540 ) ) ;
#4883 = CARTESIAN_POINT ( 'NONE',  ( 0.1875612965880175398, 24.33873950678310294, -2.657382614790128716 ) ) ;
#4884 = CARTESIAN_POINT ( 'NONE',  ( -0.8996979171337395886, 17.50000000000000000, -2.471899711655268561 ) ) ;
#4885 = B_SPLINE_CURVE_WITH_KNOTS ( 'NONE', 3,
 ( #3418, #2467, #5760, #2431 ),
 .UNSPECIFIED., .F., .F.,
 ( 4, 4 ),
 ( 0.0001003651230099021559, 0.0006790282963584062716 ),
 .UNSPECIFIED. ) ;
#4886 = DIRECTION ( 'NONE',  ( -0.9238795325112885148, 0.000000000000000000, -0.3826834323650854519 ) ) ;
#4887 = CARTESIAN_POINT ( 'NONE',  ( -2.263377482489514314, 24.10342794339702976, 1.807566247852161245 ) ) ;
#4888 = MECHANICAL_DESIGN_GEOMETRIC_PRESENTATION_REPRESENTATION (  '', ( #401 ), #5767 ) ;
#4889 = ORIENTED_EDGE ( 'NONE', *, *, #5375, .T. ) ;
#4890 = EDGE_CURVE ( 'NONE', #214, #2432, #5627, .T. ) ;
#4891 = CYLINDRICAL_SURFACE ( 'NONE', #422, 7.850000000000001421 ) ;
#4892 = DIRECTION ( 'NONE',  ( 0.000000000000000000, 1.000000000000000000, 0.000000000000000000 ) ) ;
#4893 = CARTESIAN_POINT ( 'NONE',  ( -7.128363843406240186, -4.599999999999999645, 2.519708101351947782 ) ) ;
#4894 = DIRECTION ( 'NONE',  ( -0.000000000000000000, 1.000000000000000000, 0.000000000000000000 ) ) ;
#4895 = VERTEX_POINT ( 'NONE', #1842 ) ;
#4896 = CARTESIAN_POINT ( 'NONE',  ( 2.491705403299783850, 24.46402637105398981, -0.4717694668757704823 ) ) ;
#4897 = DIRECTION ( 'NONE',  ( 0.000000000000000000, 0.000000000000000000, 1.000000000000000000 ) ) ;
#4898 = CARTESIAN_POINT ( 'NONE',  ( 2.888090359768681115, 24.11089388095953012, -0.07660444431172966362 ) ) ;
#4899 = ORIENTED_EDGE ( 'NONE', *, *, #2933, .T. ) ;
#4900 = LINE ( 'NONE', #5888, #2140 ) ;
#4901 = ORIENTED_EDGE ( 'NONE', *, *, #6060, .T. ) ;
#4902 = CARTESIAN_POINT ( 'NONE',  ( -2.720476172877585697, 24.08748573298207774, 1.040071511189630815 ) ) ;
#4903 = AXIS2_PLACEMENT_3D ( 'NONE', #5765, #1031, #531 ) ;
#4904 = LINE ( 'NONE', #628, #1244 ) ;
#4905 = EDGE_CURVE ( 'NONE', #722, #790, #2761, .T. ) ;
#4906 = CARTESIAN_POINT ( 'NONE',  ( 1.690878987334112349, 17.50000000000000000, -2.015111107797552314 ) ) ;
#4907 = DIRECTION ( 'NONE',  ( -0.000000000000000000, -1.000000000000000000, -0.000000000000000000 ) ) ;
#4908 = EDGE_CURVE ( 'NONE', #3671, #5391, #384, .T. ) ;
#4909 = DIRECTION ( 'NONE',  ( -0.000000000000000000, -1.000000000000000000, -0.000000000000000000 ) ) ;
#4910 = CARTESIAN_POINT ( 'NONE',  ( 1.490732360094081610, 24.08265420111452926, -2.507728863572140643 ) ) ;
#4911 = SURFACE_SIDE_STYLE ('',( #5403 ) ) ;
#4912 = AXIS2_PLACEMENT_3D ( 'NONE', #2664, #4568, #4114 ) ;
#4913 = CARTESIAN_POINT ( 'NONE',  ( -2.180195543044663786, 24.09876993821346147, 1.914140174040030340 ) ) ;
#4914 = B_SPLINE_CURVE_WITH_KNOTS ( 'NONE', 3,
 ( #4148, #5991, #4571, #2218 ),
 .UNSPECIFIED., .F., .F.,
 ( 4, 4 ),
 ( 0.0001497047230440270375, 0.0007283678963855189266 ),
 .UNSPECIFIED. ) ;
#4915 = EDGE_CURVE ( 'NONE', #3986, #1521, #3470, .T. ) ;
#4916 = CARTESIAN_POINT ( 'NONE',  ( 2.163165183675525682, 17.50000000000000000, 1.915111107797323076 ) ) ;
#4917 = SHAPE_DEFINITION_REPRESENTATION ( #5738, #1294 ) ;
#4918 =( REPRESENTATION_RELATIONSHIP ('NONE','NONE', #3238, #1294 ) REPRESENTATION_RELATIONSHIP_WITH_TRANSFORMATION ( #180 )SHAPE_REPRESENTATION_RELATIONSHIP( ) );
#4919 = PRESENTATION_STYLE_ASSIGNMENT (( #2519 ) ) ;
#4920 = CARTESIAN_POINT ( 'NONE',  ( -2.213017967638869710, 24.46379134448242354, 1.238934612067245089 ) ) ;
#4921 = EDGE_LOOP ( 'NONE', ( #2842, #1052, #5844, #766, #159, #3072 ) ) ;
#4922 = CARTESIAN_POINT ( 'NONE',  ( -0.8996979171334047454, 17.50000000000000000, 2.471899711655391130 ) ) ;
#4923 = VERTEX_POINT ( 'NONE', #1041 ) ;
#4924 = MECHANICAL_DESIGN_GEOMETRIC_PRESENTATION_REPRESENTATION (  '', ( #4530 ), #4623 ) ;
#4925 = EDGE_CURVE ( 'NONE', #3709, #4923, #5442, .T. ) ;
#4926 =( NAMED_UNIT ( * ) SI_UNIT ( $, .STERADIAN. ) SOLID_ANGLE_UNIT ( ) );
#4927 = CARTESIAN_POINT ( 'NONE',  ( -1.000000000000000222, 11.50000000000000178, -6.850000000000000533 ) ) ;
#4928 = DIRECTION ( 'NONE',  ( -0.9238795325112899581, 0.000000000000000000, -0.3826834323650817327 ) ) ;
#4929 = ORIENTED_EDGE ( 'NONE', *, *, #3004, .T. ) ;
#4930 = DIRECTION ( 'NONE',  ( 0.9848077530122076872, 0.000000000000000000, -0.1736481776669325794 ) ) ;
#4931 = ORIENTED_EDGE ( 'NONE', *, *, #3642, .F. ) ;
#4932 =( GEOMETRIC_REPRESENTATION_CONTEXT ( 3 ) GLOBAL_UNCERTAINTY_ASSIGNED_CONTEXT ( ( #3074 ) ) GLOBAL_UNIT_ASSIGNED_CONTEXT ( ( #5875, #990, #891 ) ) REPRESENTATION_CONTEXT ( 'NONE', 'WORKASPACE' ) );
#4933 = CARTESIAN_POINT ( 'NONE',  ( 0.5604845355324135081, 24.09245612541770498, 2.853027040929954072 ) ) ;
#4934 = FACE_OUTER_BOUND ( 'NONE', #1085, .T. ) ;
#4935 = DIRECTION ( 'NONE',  ( -0.000000000000000000, 1.000000000000000000, -0.000000000000000000 ) ) ;
#4936 = DIRECTION ( 'NONE',  ( 0.000000000000000000, -1.000000000000000000, 0.000000000000000000 ) ) ;
#4937 = UNCERTAINTY_MEASURE_WITH_UNIT (LENGTH_MEASURE( 1.000000000000000082E-05 ), #1741, 'distance_accuracy_value', 'NONE');
#4938 = LINE ( 'NONE', #285, #5914 ) ;
#4939 =( NAMED_UNIT ( * ) PLANE_ANGLE_UNIT ( ) SI_UNIT ( $, .RADIAN. ) );
#4940 = FILL_AREA_STYLE_COLOUR ( '', #2099 ) ;
#4941 = CARTESIAN_POINT ( 'NONE',  ( 1.404534368112023035, 24.09245612541765880, -2.545818025633598491 ) ) ;
#4942 = FILL_AREA_STYLE_COLOUR ( '', #2942 ) ;
#4943 = CARTESIAN_POINT ( 'NONE',  ( -1.461522483476448642, 24.07618934483398121, 2.532315299790918850 ) ) ;
#4944 = STYLED_ITEM ( 'NONE', ( #3269 ), #1456 ) ;
#4945 = EDGE_CURVE ( 'NONE', #1988, #1991, #2610, .T. ) ;
#4946 = ADVANCED_FACE ( 'NONE', ( #4300 ), #2449, .F. ) ;
#4947 = CARTESIAN_POINT ( 'NONE',  ( 1.592398212033163230, 24.44525494324431847, 1.997746290030629979 ) ) ;
#4948 = CARTESIAN_POINT ( 'NONE',  ( -2.165063509461000457, 17.50000000000000000, -1.249999999999842348 ) ) ;
#4949 = CARTESIAN_POINT ( 'NONE',  ( -1.000000000000000222, 11.50000000000000178, -7.786045209218862340 ) ) ;
#4950 = LINE ( 'NONE', #4097, #3990 ) ;
#4951 = CARTESIAN_POINT ( 'NONE',  ( 2.888090359768293869, 24.11089388095991382, 0.07660444431175644775 ) ) ;
#4952 = AXIS2_PLACEMENT_3D ( 'NONE', #1941, #1441, #5901 ) ;
#4953 = ORIENTED_EDGE ( 'NONE', *, *, #4092, .T. ) ;
#4954 =( REPRESENTATION_RELATIONSHIP ('NONE','NONE', #3238, #2344 ) REPRESENTATION_RELATIONSHIP_WITH_TRANSFORMATION ( #3246 )SHAPE_REPRESENTATION_RELATIONSHIP( ) );
#4955 = SURFACE_STYLE_USAGE ( .BOTH. , #1082 ) ;
#4956 = CARTESIAN_POINT ( 'NONE',  ( 2.245772400762406029, 24.07614780132973920, -1.872301441681207823 ) ) ;
#4957 = DIRECTION ( 'NONE',  ( -0.3826834323650853964, 0.000000000000000000, 0.9238795325112885148 ) ) ;
#4958 = DIRECTION ( 'NONE',  ( -0.000000000000000000, -1.000000000000000000, -0.000000000000000000 ) ) ;
#4959 = ORIENTED_EDGE ( 'NONE', *, *, #3885, .T. ) ;
#4960 = DIRECTION ( 'NONE',  ( -0.000000000000000000, 1.000000000000000000, -0.000000000000000000 ) ) ;
#4961 = EDGE_CURVE ( 'NONE', #65, #771, #4449, .T. ) ;
#4962 = EDGE_LOOP ( 'NONE', ( #849, #4220, #5654, #783 ) ) ;
#4963 = ADVANCED_FACE ( 'NONE', ( #5115 ), #237, .F. ) ;
#4964 = CARTESIAN_POINT ( 'NONE',  ( 0.5744844586986479484, 24.10736372361306223, 2.835015918616929032 ) ) ;
#4965 = DIRECTION ( 'NONE',  ( -0.3826834323650903369, 0.000000000000000000, 0.9238795325112866275 ) ) ;
#4966 = MECHANICAL_DESIGN_GEOMETRIC_PRESENTATION_REPRESENTATION (  '', ( #2063 ), #3690 ) ;
#4967 = CARTESIAN_POINT ( 'NONE',  ( 2.233831260590816381, 24.07614780132973564, 1.886532338380372487 ) ) ;
#4968 = CARTESIAN_POINT ( 'NONE',  ( -2.526298143499019044, 17.50000000000000000, -0.3801841595458189671 ) ) ;
#4969 = STYLED_ITEM ( 'NONE', ( #211 ), #5868 ) ;
#4970 = DIRECTION ( 'NONE',  ( 0.000000000000000000, 0.000000000000000000, 1.000000000000000000 ) ) ;
#4971 = CARTESIAN_POINT ( 'NONE',  ( 2.889913762642722705, 24.10911168744608446, -0.07507442763261869267 ) ) ;
#4972 = CARTESIAN_POINT ( 'NONE',  ( 1.594486428576018744, 24.45117771391848294, -1.988493921316515367 ) ) ;
#4973 = CARTESIAN_POINT ( 'NONE',  ( -7.128363843406240186, -5.000000000000000000, 2.519708101351947782 ) ) ;
#4974 = CARTESIAN_POINT ( 'NONE',  ( -6.822217097514164941, -4.599999999999999645, 3.258811727360975130 ) ) ;
#4975 = ORIENTED_EDGE ( 'NONE', *, *, #5479, .T. ) ;
#4976 = DIRECTION ( 'NONE',  ( 0.3826834323650969982, 0.000000000000000000, 0.9238795325112837409 ) ) ;
#4977 = CARTESIAN_POINT ( 'NONE',  ( 2.519708101351970875, -4.599999999999999645, 7.128363843406233080 ) ) ;
#4978 = B_SPLINE_CURVE_WITH_KNOTS ( 'NONE', 3,
 ( #4505, #5989, #1673, #2216, #5932, #3614, #4057, #1643, #5463, #1188, #5497, #3110, #2632, #4544, #1214, #868, #4751, #1892, #894, #2879, #836, #499 ),
 .UNSPECIFIED., .F., .F.,
 ( 4, 3, 3, 3, 3, 3, 3, 4 ),
 ( 1.563658610346375379E-18, 3.737017153940820326E-05, 6.632414775228275016E-05, 9.559872338567264034E-05, 0.0001205902993703327321, 0.0001452370098980981751, 0.0001812528771457899940, 0.0001900682076238019642 ),
 .UNSPECIFIED. ) ;
#4979 = CYLINDRICAL_SURFACE ( 'NONE', #1983, 0.09999999999999982514 ) ;
#4980 = CARTESIAN_POINT ( 'NONE',  ( 1.492687603076446434, 24.08406744546861589, 2.504913418330890984 ) ) ;
#4981 = CARTESIAN_POINT ( 'NONE',  ( -2.490897780270219908, 24.46899646116496996, 0.4487840926774309125 ) ) ;
#4982 = CARTESIAN_POINT ( 'NONE',  ( -7.396106250776905533, 0.000000000000000000, 2.630610637707299748 ) ) ;
#4983 = ORIENTED_EDGE ( 'NONE', *, *, #1859, .T. ) ;
#4984 = DIRECTION ( 'NONE',  ( -0.000000000000000000, -1.000000000000000000, -0.000000000000000000 ) ) ;
#4985 = MANIFOLD_SOLID_BREP ( 'Бобышка-Вытянуть1', #760 ) ;
#4986 = VECTOR ( 'NONE', #491, 1000.000000000000000 ) ;
#4987 = EDGE_CURVE ( 'NONE', #2363, #1080, #271, .T. ) ;
#4988 = ORIENTED_EDGE ( 'NONE', *, *, #796, .T. ) ;
#4989 = AXIS2_PLACEMENT_3D ( 'NONE', #4453, #3530, #121 ) ;
#4990 = LINE ( 'NONE', #3601, #3791 ) ;
#4991 = CARTESIAN_POINT ( 'NONE',  ( -0.8745059141956661453, 24.46899646116485627, -2.375124906111841572 ) ) ;
#4992 = ORIENTED_EDGE ( 'NONE', *, *, #1809, .T. ) ;
#4993 = VERTEX_POINT ( 'NONE', #6051 ) ;
#4994 = MANIFOLD_SOLID_BREP ( 'Скругление5', #2562 ) ;
#4995 = CARTESIAN_POINT ( 'NONE',  ( -2.249961098914249558, 24.07731203357793603, -1.865433460055984094 ) ) ;
#4996 = DIRECTION ( 'NONE',  ( -0.9238795325112899581, -0.000000000000000000, -0.3826834323650817327 ) ) ;
#4997 = FACE_OUTER_BOUND ( 'NONE', #5204, .T. ) ;
#4998 = CARTESIAN_POINT ( 'NONE',  ( -7.252454330213588207, -5.000000000000000000, 3.004064944065989451 ) ) ;
#4999 = UNCERTAINTY_MEASURE_WITH_UNIT (LENGTH_MEASURE( 1.000000000000000082E-05 ), #3498, 'distance_accuracy_value', 'NONE');
#5000 = AXIS2_PLACEMENT_3D ( 'NONE', #394, #3336, #5249 ) ;
#5001 = ADVANCED_FACE ( 'NONE', ( #4258 ), #2779, .T. ) ;
#5002 = DIRECTION ( 'NONE',  ( 0.000000000000000000, 0.000000000000000000, -1.000000000000000000 ) ) ;
#5003 = CARTESIAN_POINT ( 'NONE',  ( -1.592398212032537286, 17.50000000000000000, 1.997746290030859129 ) ) ;
#5004 = CARTESIAN_POINT ( 'NONE',  ( -2.519708101351921581, -0.000000000000000000, -7.128363843406253508 ) ) ;
#5005 = DIRECTION ( 'NONE',  ( 0.5000000000000021094, 0.000000000000000000, 0.8660254037844373753 ) ) ;
#5006 = LINE ( 'NONE', #3079, #1433 ) ;
#5007 = CARTESIAN_POINT ( 'NONE',  ( -2.200685977350920197, 24.08748573298204576, 1.907805174716262986 ) ) ;
#5008 = CARTESIAN_POINT ( 'NONE',  ( 0.9999999999999997780, 9.478580535009790253, -7.689326112036565242 ) ) ;
#5009 = DIRECTION ( 'NONE',  ( -0.7660444431189769032, 0.000000000000000000, 0.6427876096865406952 ) ) ;
#5010 = SURFACE_STYLE_FILL_AREA ( #244 ) ;
#5011 = CARTESIAN_POINT ( 'NONE',  ( -2.181552238390402021, 24.46649189398681301, 1.288232322590091350 ) ) ;
#5012 = ORIENTED_EDGE ( 'NONE', *, *, #340, .T. ) ;
#5013 = DIRECTION ( 'NONE',  ( 0.7660444431189795678, 0.000000000000000000, 0.6427876096865374755 ) ) ;
#5014 = ORIENTED_EDGE ( 'NONE', *, *, #670, .F. ) ;
#5015 = AXIS2_PLACEMENT_3D ( 'NONE', #1360, #468, #4285 ) ;
#5016 = VECTOR ( 'NONE', #3175, 1000.000000000000114 ) ;
#5017 = DIRECTION ( 'NONE',  ( -0.000000000000000000, -1.000000000000000000, -0.000000000000000000 ) ) ;
#5018 = EDGE_CURVE ( 'NONE', #6016, #3666, #1392, .T. ) ;
#5019 = SURFACE_STYLE_FILL_AREA ( #4584 ) ;
#5020 = SURFACE_STYLE_USAGE ( .BOTH. , #676 ) ;
#5021 = CARTESIAN_POINT ( 'NONE',  ( -1.492687603076091163, 24.08406744546879708, -2.504913418330891872 ) ) ;
#5022 = ORIENTED_EDGE ( 'NONE', *, *, #5489, .F. ) ;
#5023 = ORIENTED_EDGE ( 'NONE', *, *, #6045, .F. ) ;
#5024 = EDGE_CURVE ( 'NONE', #2860, #5181, #4747, .T. ) ;
#5025 = EDGE_CURVE ( 'NONE', #1009, #2023, #4807, .T. ) ;
#5026 = MECHANICAL_DESIGN_GEOMETRIC_PRESENTATION_REPRESENTATION (  '', ( #3854 ), #4343 ) ;
#5027 = FACE_OUTER_BOUND ( 'NONE', #2319, .T. ) ;
#5028 = LINE ( 'NONE', #3103, #2008 ) ;
#5029 =( GEOMETRIC_REPRESENTATION_CONTEXT ( 3 ) GLOBAL_UNCERTAINTY_ASSIGNED_CONTEXT ( ( #263 ) ) GLOBAL_UNIT_ASSIGNED_CONTEXT ( ( #4762, #4301, #577 ) ) REPRESENTATION_CONTEXT ( 'NONE', 'WORKASPACE' ) );
#5030 = CARTESIAN_POINT ( 'NONE',  ( 2.462019382530719724, 17.50000000000000000, 0.4341204441671498437 ) ) ;
#5031 = STYLED_ITEM ( 'NONE', ( #4316 ), #5063 ) ;
#5032 = AXIS2_PLACEMENT_3D ( 'NONE', #1204, #5976, #1230 ) ;
#5033 = CARTESIAN_POINT ( 'NONE',  ( 2.912136792003320096, 24.08748573298173667, -0.04688987359282890260 ) ) ;
#5034 = LINE ( 'NONE', #4115, #5392 ) ;
#5035 = CARTESIAN_POINT ( 'NONE',  ( 0.000000000000000000, -4.599999999999999645, 0.000000000000000000 ) ) ;
#5036 = DIRECTION ( 'NONE',  ( 0.000000000000000000, -1.000000000000000000, 0.000000000000000000 ) ) ;
#5037 = DIRECTION ( 'NONE',  ( -0.000000000000000000, -1.000000000000000000, -0.000000000000000000 ) ) ;
#5038 = EDGE_CURVE ( 'NONE', #722, #3463, #352, .T. ) ;
#5039 = SURFACE_SIDE_STYLE ('',( #3211 ) ) ;
#5040 = FILL_AREA_STYLE_COLOUR ( '', #2749 ) ;
#5041 = MECHANICAL_DESIGN_GEOMETRIC_PRESENTATION_REPRESENTATION (  '', ( #2147 ), #751 ) ;
#5042 = PLANE ( 'NONE',  #4829 ) ;
#5043 = DIRECTION ( 'NONE',  ( -0.000000000000000000, 1.000000000000000000, -0.000000000000000000 ) ) ;
#5044 = LINE ( 'NONE', #3623, #3038 ) ;
#5045 = AXIS2_PLACEMENT_3D ( 'NONE', #4440, #5302, #1028 ) ;
#5046 = ORIENTED_EDGE ( 'NONE', *, *, #865, .T. ) ;
#5047 = CARTESIAN_POINT ( 'NONE',  ( 3.546967407286327756E-13, 17.50000000000000000, 2.630540728933218997 ) ) ;
#5048 = CARTESIAN_POINT ( 'NONE',  ( 0.000000000000000000, 0.000000000000000000, 4.250000000000000000 ) ) ;
#5049 = CLOSED_SHELL ( 'NONE', ( #4307, #2771, #4946, #3706, #4586, #4049, #1437 ) ) ;
#5050 = CARTESIAN_POINT ( 'NONE',  ( -2.519708101351921581, -5.000000000000000000, -7.128363843406253508 ) ) ;
#5051 = CARTESIAN_POINT ( 'NONE',  ( 2.243913082613322896, 24.44525494324427228, -1.221301102388173021 ) ) ;
#5052 = EDGE_LOOP ( 'NONE', ( #6043, #669, #1712, #4959 ) ) ;
#5053 = VERTEX_POINT ( 'NONE', #5205 ) ;
#5054 = AXIS2_PLACEMENT_3D ( 'NONE', #2993, #4892, #2517 ) ;
#5055 = CARTESIAN_POINT ( 'NONE',  ( 2.207580204229325105, 24.33873950472543513, -1.491124158068984018 ) ) ;
#5056 = B_SPLINE_CURVE_WITH_KNOTS ( 'NONE', 3,
 ( #6065, #5967, #1256, #4578, #2699, #305 ),
 .UNSPECIFIED., .F., .F.,
 ( 4, 2, 4 ),
 ( 0.000000000000000000, 0.0003124823193954498609, 0.0006249646387908997219 ),
 .UNSPECIFIED. ) ;
#5057 = DIRECTION ( 'NONE',  ( -0.9238795325112821866, -0.000000000000000000, 0.3826834323651010505 ) ) ;
#5058 = CARTESIAN_POINT ( 'NONE',  ( 0.000000000000000000, -5.000000000000000000, 0.000000000000000000 ) ) ;
#5059 = CARTESIAN_POINT ( 'NONE',  ( 2.889259914356485215, -5.000000000000000000, 6.975290470460195458 ) ) ;
#5060 = EDGE_CURVE ( 'NONE', #3576, #2047, #5174, .T. ) ;
#5061 = AXIS2_PLACEMENT_3D ( 'NONE', #4517, #1563, #245 ) ;
#5062 = DIRECTION ( 'NONE',  ( -0.8660254037844383745, 0.000000000000000000, 0.5000000000000004441 ) ) ;
#5063 = MANIFOLD_SOLID_BREP ( 'Скругление10', #2861 ) ;
#5064 = FACE_OUTER_BOUND ( 'NONE', #3863, .T. ) ;
#5065 = FILL_AREA_STYLE ('',( #2666 ) ) ;
#5066 = CARTESIAN_POINT ( 'NONE',  ( 0.9999999999999997780, 11.50000000000000178, -7.786045209218862340 ) ) ;
#5067 = ORIENTED_EDGE ( 'NONE', *, *, #820, .T. ) ;
#5068 = CARTESIAN_POINT ( 'NONE',  ( 2.503974364089583737, 24.44525494324425452, 0.5067886038577182894 ) ) ;
#5069 = AXIS2_PLACEMENT_3D ( 'NONE', #5789, #5759, #4804 ) ;
#5070 = SURFACE_STYLE_USAGE ( .BOTH. , #5039 ) ;
#5071 = CARTESIAN_POINT ( 'NONE',  ( -2.740117462260086345, 24.11089388095987118, -0.9158004477463694837 ) ) ;
#5072 = ORIENTED_EDGE ( 'NONE', *, *, #3922, .F. ) ;
#5073 = FACE_OUTER_BOUND ( 'NONE', #3913, .T. ) ;
#5074 = ORIENTED_EDGE ( 'NONE', *, *, #3628, .T. ) ;
#5075 = DIRECTION ( 'NONE',  ( 0.000000000000000000, 1.000000000000000000, 0.000000000000000000 ) ) ;
#5076 = LINE ( 'NONE', #5050, #5622 ) ;
#5077 = CARTESIAN_POINT ( 'NONE',  ( 2.179094567158368356, 24.44731221181115899, -1.329574082427248838 ) ) ;
#5078 = ORIENTED_EDGE ( 'NONE', *, *, #3356, .F. ) ;
#5079 = CIRCLE ( 'NONE', #3919, 0.1000000000000000472 ) ;
#5080 = CARTESIAN_POINT ( 'NONE',  ( 3.369714263716300895, -5.000000000000000000, -7.089959504884843611 ) ) ;
#5081 = CARTESIAN_POINT ( 'NONE',  ( 0.000000000000000000, -5.000000000000000000, 0.000000000000000000 ) ) ;
#5082 = CARTESIAN_POINT ( 'NONE',  ( 2.687716936214304297, 24.11089388095992803, 1.059769709824536443 ) ) ;
#5083 = LINE ( 'NONE', #2117, #723 ) ;
#5084 = ORIENTED_EDGE ( 'NONE', *, *, #2048, .T. ) ;
#5085 =( LENGTH_UNIT ( ) NAMED_UNIT ( * ) SI_UNIT ( .MILLI., .METRE. ) );
#5086 = PLANE ( 'NONE',  #4021 ) ;
#5087 = DIRECTION ( 'NONE',  ( 0.000000000000000000, 0.000000000000000000, 1.000000000000000000 ) ) ;
#5088 = DIRECTION ( 'NONE',  ( 0.000000000000000000, 0.000000000000000000, 1.000000000000000000 ) ) ;
#5089 = EDGE_CURVE ( 'NONE', #4593, #2616, #1362, .T. ) ;
#5090 = ORIENTED_EDGE ( 'NONE', *, *, #3785, .F. ) ;
#5091 = DIRECTION ( 'NONE',  ( -0.1736481776669321908, 0.000000000000000000, 0.9848077530122076872 ) ) ;
#5092 = AXIS2_PLACEMENT_3D ( 'NONE', #5900, #2570, #3468 ) ;
#5093 = EDGE_CURVE ( 'NONE', #3828, #3966, #3454, .T. ) ;
#5094 = DIRECTION ( 'NONE',  ( -0.9238795325112839629, 0.000000000000000000, 0.3826834323650964986 ) ) ;
#5095 = PLANE ( 'NONE',  #459 ) ;
#5096 = AXIS2_PLACEMENT_3D ( 'NONE', #5149, #2278, #3704 ) ;
#5097 = ORIENTED_EDGE ( 'NONE', *, *, #5831, .T. ) ;
#5098 = FILL_AREA_STYLE ('',( #3844 ) ) ;
#5099 = ORIENTED_EDGE ( 'NONE', *, *, #2505, .T. ) ;
#5100 = EDGE_CURVE ( 'NONE', #5315, #4872, #4380, .T. ) ;
#5101 = FACE_OUTER_BOUND ( 'NONE', #5992, .T. ) ;
#5102 = CARTESIAN_POINT ( 'NONE',  ( 0.000000000000000000, 0.000000000000000000, 7.000000000000000000 ) ) ;
#5103 = EDGE_CURVE ( 'NONE', #3481, #3689, #4900, .T. ) ;
#5104 = MECHANICAL_DESIGN_GEOMETRIC_PRESENTATION_REPRESENTATION (  '', ( #4815 ), #813 ) ;
#5105 = CARTESIAN_POINT ( 'NONE',  ( -1.417231048936870685, 24.08637983427284013, -2.545720563407407599 ) ) ;
#5106 = AXIS2_PLACEMENT_3D ( 'NONE', #4141, #2662, #262 ) ;
#5107 = ORIENTED_EDGE ( 'NONE', *, *, #2240, .F. ) ;
#5108 = EDGE_CURVE ( 'NONE', #5668, #3489, #623, .T. ) ;
#5109 = MANIFOLD_SOLID_BREP ( 'Скругление4', #949 ) ;
#5110 = CARTESIAN_POINT ( 'NONE',  ( -1.604398948663513735, 24.46379134448237735, -1.964258514452288829 ) ) ;
#5111 = CARTESIAN_POINT ( 'NONE',  ( -2.163165183675170411, 17.50000000000000000, -1.915111107797322632 ) ) ;
#5112 = DIRECTION ( 'NONE',  ( -0.000000000000000000, -1.000000000000000000, 0.000000000000000000 ) ) ;
#5113 = PLANE ( 'NONE',  #3634 ) ;
#5114 = ORIENTED_EDGE ( 'NONE', *, *, #2009, .T. ) ;
#5115 = FACE_OUTER_BOUND ( 'NONE', #5231, .T. ) ;
#5116 = CIRCLE ( 'NONE', #5809, 0.1000000000000000472 ) ;
#5117 = CYLINDRICAL_SURFACE ( 'NONE', #2658, 0.09999999999999982514 ) ;
#5118 = DIRECTION ( 'NONE',  ( -0.000000000000000000, -1.000000000000000000, -0.000000000000000000 ) ) ;
#5119 = PLANE ( 'NONE',  #170 ) ;
#5120 = FILL_AREA_STYLE ('',( #3237 ) ) ;
#5121 = VERTEX_POINT ( 'NONE', #1573 ) ;
#5122 = FACE_OUTER_BOUND ( 'NONE', #2701, .T. ) ;
#5123 = PRESENTATION_LAYER_ASSIGNMENT (  '', '', ( #4630 ) ) ;
#5124 = VERTEX_POINT ( 'NONE', #3035 ) ;
#5125 = CARTESIAN_POINT ( 'NONE',  ( -1.663558663799930670, 24.46038112602451164, 1.918915474206380090 ) ) ;
#5126 = PRESENTATION_LAYER_ASSIGNMENT (  '', '', ( #5031 ) ) ;
#5127 = CYLINDRICAL_SURFACE ( 'NONE', #1311, 3.000000000000000888 ) ;
#5128 = CARTESIAN_POINT ( 'NONE',  ( -0.05758005369025435277, 24.45104258969299948, 2.548315401814948977 ) ) ;
#5129 = CARTESIAN_POINT ( 'NONE',  ( -0.06189764801610705275, 24.44731221181131176, -2.551938293621272447 ) ) ;
#5130 = VERTEX_POINT ( 'NONE', #3002 ) ;
#5131 = ADVANCED_FACE ( 'NONE', ( #3516 ), #1981, .T. ) ;
#5132 =( NAMED_UNIT ( * ) SI_UNIT ( $, .STERADIAN. ) SOLID_ANGLE_UNIT ( ) );
#5133 = ORIENTED_EDGE ( 'NONE', *, *, #3020, .F. ) ;
#5134 = EDGE_CURVE ( 'NONE', #316, #5761, #3927, .T. ) ;
#5135 = EDGE_LOOP ( 'NONE', ( #5771, #5235, #4820, #1151 ) ) ;
#5136 = PRESENTATION_LAYER_ASSIGNMENT (  '', '', ( #1635 ) ) ;
#5137 = CARTESIAN_POINT ( 'NONE',  ( -0.8130953767552957512, 24.44525494324448545, -2.421899711655268295 ) ) ;
#5138 = EDGE_LOOP ( 'NONE', ( #4756, #149, #3881, #1385 ) ) ;
#5139 = CIRCLE ( 'NONE', #4746, 0.1000000000000000472 ) ;
#5140 = ORIENTED_EDGE ( 'NONE', *, *, #4945, .F. ) ;
#5141 = DIRECTION ( 'NONE',  ( -0.5000000000000017764, 0.000000000000000000, -0.8660254037844377084 ) ) ;
#5142 =( LENGTH_UNIT ( ) NAMED_UNIT ( * ) SI_UNIT ( .MILLI., .METRE. ) );
#5143 = CARTESIAN_POINT ( 'NONE',  ( 2.503974364089522009, 17.50000000000000000, -0.5067886038580665664 ) ) ;
#5144 = ORIENTED_EDGE ( 'NONE', *, *, #225, .F. ) ;
#5145 = ORIENTED_EDGE ( 'NONE', *, *, #3548, .T. ) ;
#5146 = VECTOR ( 'NONE', #3408, 1000.000000000000000 ) ;
#5147 = ADVANCED_FACE ( 'NONE', ( #1025 ), #2013, .T. ) ;
#5148 = CARTESIAN_POINT ( 'NONE',  ( -0.8996979171334047454, 17.50000000000000000, 2.471899711655391130 ) ) ;
#5149 = CARTESIAN_POINT ( 'NONE',  ( 7.128363843406277489, -5.000000000000000000, 2.519708101351846086 ) ) ;
#5150 = SURFACE_SIDE_STYLE ('',( #6056 ) ) ;
#5151 = VERTEX_POINT ( 'NONE', #2559 ) ;
#5152 = ORIENTED_EDGE ( 'NONE', *, *, #578, .T. ) ;
#5153 = CARTESIAN_POINT ( 'NONE',  ( -1.592937966519108128, 24.44731221181115899, 1.994685190225099936 ) ) ;
#5154 = LINE ( 'NONE', #425, #2113 ) ;
#5155 = CARTESIAN_POINT ( 'NONE',  ( -0.008361421539679713202, 24.46948457643205188, 2.530515947507586016 ) ) ;
#5156 = CIRCLE ( 'NONE', #4665, 7.850000000000003197 ) ;
#5157 = CARTESIAN_POINT ( 'NONE',  ( 0.01688987169045459008, 24.46796627992243955, -2.531977387703936877 ) ) ;
#5158 = ORIENTED_EDGE ( 'NONE', *, *, #5775, .T. ) ;
#5159 = CARTESIAN_POINT ( 'NONE',  ( 0.5769522785847206459, 24.11089388096008790, -2.830911555543508040 ) ) ;
#5160 = VERTEX_POINT ( 'NONE', #4843 ) ;
#5161 = VECTOR ( 'NONE', #4417, 999.9999999999998863 ) ;
#5162 = DIRECTION ( 'NONE',  ( 0.1736481776669324129, 0.000000000000000000, 0.9848077530122075762 ) ) ;
#5163 =( NAMED_UNIT ( * ) PLANE_ANGLE_UNIT ( ) SI_UNIT ( $, .RADIAN. ) );
#5164 = EDGE_CURVE ( 'NONE', #2550, #4993, #4465, .T. ) ;
#5165 = CARTESIAN_POINT ( 'NONE',  ( -0.8130953767552957512, 24.44525494324448545, -2.421899711655268295 ) ) ;
#5166 = ORIENTED_EDGE ( 'NONE', *, *, #4539, .F. ) ;
#5167 = ADVANCED_FACE ( 'NONE', ( #2080 ), #3490, .T. ) ;
#5168 = SURFACE_STYLE_FILL_AREA ( #466 ) ;
#5169 = FACE_OUTER_BOUND ( 'NONE', #989, .T. ) ;
#5170 = CARTESIAN_POINT ( 'NONE',  ( -0.8182221549059949250, 24.45117771391973349, 2.413919541169600169 ) ) ;
#5171 = CYLINDRICAL_SURFACE ( 'NONE', #4537, 7.850000000000003197 ) ;
#5172 = CARTESIAN_POINT ( 'NONE',  ( -0.3696758720165386203, 24.16830474545295715, -2.810194887864207569 ) ) ;
#5173 = ORIENTED_EDGE ( 'NONE', *, *, #3885, .F. ) ;
#5174 = LINE ( 'NONE', #3896, #3958 ) ;
#5175 = ORIENTED_EDGE ( 'NONE', *, *, #1015, .T. ) ;
#5176 = STYLED_ITEM ( 'NONE', ( #2395 ), #3047 ) ;
#5177 = CARTESIAN_POINT ( 'NONE',  ( 0.8431061942344117988, 24.46649189398665669, -2.389117960887739311 ) ) ;
#5178 = LINE ( 'NONE', #3329, #4511 ) ;
#5179 = FILL_AREA_STYLE_COLOUR ( '', #5236 ) ;
#5180 = PRESENTATION_STYLE_ASSIGNMENT (( #5584 ) ) ;
#5181 = VERTEX_POINT ( 'NONE', #222 ) ;
#5182 = CARTESIAN_POINT ( 'NONE',  ( -0.8130953767549610189, 17.50000000000000000, 2.421899711655390863 ) ) ;
#5183 = ADVANCED_FACE ( 'NONE', ( #2109 ), #562, .F. ) ;
#5184 = ORIENTED_EDGE ( 'NONE', *, *, #1129, .F. ) ;
#5185 = DIRECTION ( 'NONE',  ( 0.000000000000000000, -1.000000000000000000, 0.000000000000000000 ) ) ;
#5186 = LINE ( 'NONE', #3810, #2704 ) ;
#5187 = CARTESIAN_POINT ( 'NONE',  ( 0.7326284156259760261, 24.33873950571524247, -2.561272576661999700 ) ) ;
#5188 = CARTESIAN_POINT ( 'NONE',  ( -0.5571012269337505263, 24.09078937327032932, 2.855371200671772414 ) ) ;
#5189 = ORIENTED_EDGE ( 'NONE', *, *, #4945, .T. ) ;
#5190 = DIRECTION ( 'NONE',  ( 0.9238795325112850731, -0.000000000000000000, -0.3826834323650940006 ) ) ;
#5191 = ORIENTED_EDGE ( 'NONE', *, *, #4853, .F. ) ;
#5192 = DIRECTION ( 'NONE',  ( 0.000000000000000000, 0.000000000000000000, -1.000000000000000000 ) ) ;
#5193 = CARTESIAN_POINT ( 'NONE',  ( 7.128363843406225087, -4.599999999999999645, -2.519708101351994411 ) ) ;
#5194 = CARTESIAN_POINT ( 'NONE',  ( -0.9069544929128908750, 24.46082274070665008, -2.371695183614879632 ) ) ;
#5195 = ORIENTED_EDGE ( 'NONE', *, *, #1015, .F. ) ;
#5196 = VERTEX_POINT ( 'NONE', #1232 ) ;
#5197 = EDGE_CURVE ( 'NONE', #5882, #2363, #3155, .T. ) ;
#5198 = CARTESIAN_POINT ( 'NONE',  ( -2.261645958976390869, 17.50000000000000000, -1.797746290030629801 ) ) ;
#5199 = DIRECTION ( 'NONE',  ( 0.000000000000000000, -0.000000000000000000, -1.000000000000000000 ) ) ;
#5200 = CARTESIAN_POINT ( 'NONE',  ( -6.822217097514189810, -0.000000000000000000, -3.258811727360924948 ) ) ;
#5201 = DIRECTION ( 'NONE',  ( -0.000000000000000000, -1.000000000000000000, -0.000000000000000000 ) ) ;
#5202 = B_SPLINE_CURVE_WITH_KNOTS ( 'NONE', 3,
 ( #4127, #4553, #1711, #2647, #1260, #3655 ),
 .UNSPECIFIED., .F., .F.,
 ( 4, 2, 4 ),
 ( 0.000000000000000000, 0.0003124823193954502404, 0.0006249646387909004808 ),
 .UNSPECIFIED. ) ;
#5203 = CARTESIAN_POINT ( 'NONE',  ( -3.369714263716252045, -4.599999999999999645, 7.089959504884867592 ) ) ;
#5204 = EDGE_LOOP ( 'NONE', ( #1490, #5702, #4975, #1008, #5237 ) ) ;
#5205 = CARTESIAN_POINT ( 'NONE',  ( 0.4260709772376166660, 17.50000000000000000, -2.857515999855416933 ) ) ;
#5206 = EDGE_CURVE ( 'NONE', #5411, #1363, #1697, .T. ) ;
#5207 = ORIENTED_EDGE ( 'NONE', *, *, #3264, .T. ) ;
#5208 = ADVANCED_FACE ( 'NONE', ( #3662 ), #287, .T. ) ;
#5209 = DIRECTION ( 'NONE',  ( -0.000000000000000000, 1.000000000000000000, -0.000000000000000000 ) ) ;
#5210 = DIRECTION ( 'NONE',  ( -0.000000000000000000, 1.000000000000000000, -0.000000000000000000 ) ) ;
#5211 = CARTESIAN_POINT ( 'NONE',  ( 1.672649178388466495, 24.45632721815559663, 1.916394213340236519 ) ) ;
#5212 = ORIENTED_EDGE ( 'NONE', *, *, #168, .T. ) ;
#5213 = CARTESIAN_POINT ( 'NONE',  ( 2.499225744951671491, 24.46649189398648616, 0.4154315365550074746 ) ) ;
#5214 = VECTOR ( 'NONE', #4984, 1000.000000000000000 ) ;
#5215 = VERTEX_POINT ( 'NONE', #1720 ) ;
#5216 = EDGE_CURVE ( 'NONE', #40, #929, #312, .T. ) ;
#5217 = CARTESIAN_POINT ( 'NONE',  ( -2.907010267666789716, 24.09245612541791814, 0.05654656954363114496 ) ) ;
#5218 = CARTESIAN_POINT ( 'NONE',  ( 0.8130953767585394898, 24.44525494324870252, -2.421899711649730502 ) ) ;
#5219 = AXIS2_PLACEMENT_3D ( 'NONE', #1049, #5349, #4340 ) ;
#5220 = CARTESIAN_POINT ( 'NONE',  ( 6.822217097514144513, -5.000000000000000000, -3.258811727361020427 ) ) ;
#5221 = CARTESIAN_POINT ( 'NONE',  ( 7.381776472597893601, -4.808964141696579375, -2.671576081883856535 ) ) ;
#5222 = CARTESIAN_POINT ( 'NONE',  ( -2.490578066422212355, 24.46796627992261719, -0.4563065358566263385 ) ) ;
#5223 = AXIS2_PLACEMENT_3D ( 'NONE', #1213, #827, #378 ) ;
#5224 = ORIENTED_EDGE ( 'NONE', *, *, #1228, .T. ) ;
#5225 = COLOUR_RGB ( '',0.6470588235294117974, 0.6196078431372549211, 0.5882352941176470784 ) ;
#5226 = EDGE_CURVE ( 'NONE', #5267, #374, #2389, .T. ) ;
#5227 = LINE ( 'NONE', #2897, #1193 ) ;
#5228 = DIRECTION ( 'NONE',  ( 0.9238795325112850731, -0.000000000000000000, -0.3826834323650940006 ) ) ;
#5229 =( LENGTH_UNIT ( ) NAMED_UNIT ( * ) SI_UNIT ( .MILLI., .METRE. ) );
#5230 = DIRECTION ( 'NONE',  ( -0.000000000000000000, -1.000000000000000000, -0.000000000000000000 ) ) ;
#5231 = EDGE_LOOP ( 'NONE', ( #357, #6152, #2752, #5316, #1980 ) ) ;
#5232 = STYLED_ITEM ( 'NONE', ( #4059 ), #2771 ) ;
#5233 = LINE ( 'NONE', #2366, #3405 ) ;
#5234 = FACE_OUTER_BOUND ( 'NONE', #4714, .T. ) ;
#5235 = ORIENTED_EDGE ( 'NONE', *, *, #481, .F. ) ;
#5236 = COLOUR_RGB ( '',0.6470588235294117974, 0.6196078431372549211, 0.5882352941176470784 ) ;
#5237 = ORIENTED_EDGE ( 'NONE', *, *, #1569, .F. ) ;
#5238 = CARTESIAN_POINT ( 'NONE',  ( -2.731341701219625495, 24.08122916413044123, 1.029104628694540002 ) ) ;
#5239 =( LENGTH_UNIT ( ) NAMED_UNIT ( * ) SI_UNIT ( .MILLI., .METRE. ) );
#5240 = DIRECTION ( 'NONE',  ( 0.000000000000000000, 1.000000000000000000, 0.000000000000000000 ) ) ;
#5241 = CARTESIAN_POINT ( 'NONE',  ( -1.411905799399688410, 17.50000000000000000, -2.445492580061418231 ) ) ;
#5242 = B_SPLINE_CURVE_WITH_KNOTS ( 'NONE', 3,
 ( #2757, #4178, #4759, #5650 ),
 .UNSPECIFIED., .F., .F.,
 ( 4, 4 ),
 ( 0.0001004224161591180933, 0.0006790855898711255310 ),
 .UNSPECIFIED. ) ;
#5243 = VERTEX_POINT ( 'NONE', #1322 ) ;
#5244 = EDGE_CURVE ( 'NONE', #3202, #5668, #3384, .T. ) ;
#5245 = CARTESIAN_POINT ( 'NONE',  ( 2.584441325221108698, 24.33873950571194555, 0.6461614688681900365 ) ) ;
#5246 = ORIENTED_EDGE ( 'NONE', *, *, #91, .T. ) ;
#5247 = DIRECTION ( 'NONE',  ( -0.000000000000000000, 1.000000000000000000, -0.000000000000000000 ) ) ;
#5248 = ADVANCED_FACE ( 'NONE', ( #5687 ), #3719, .F. ) ;
#5249 = DIRECTION ( 'NONE',  ( 0.000000000000000000, -0.000000000000000000, -1.000000000000000000 ) ) ;
#5250 = FILL_AREA_STYLE ('',( #1801 ) ) ;
#5251 = CARTESIAN_POINT ( 'NONE',  ( -0.5506956662284343551, 24.08637983427278684, 2.861113649651751523 ) ) ;
#5252 = CARTESIAN_POINT ( 'NONE',  ( -2.234825302804781977, 24.22653848112915043, 1.645638790295677722 ) ) ;
#5253 = CARTESIAN_POINT ( 'NONE',  ( 0.4666622649916429832, 24.08406744546870470, -2.878356100996643185 ) ) ;
#5254 = VERTEX_POINT ( 'NONE', #2834 ) ;
#5255 = ORIENTED_EDGE ( 'NONE', *, *, #1649, .T. ) ;
#5256 = VECTOR ( 'NONE', #3165, 1000.000000000000000 ) ;
#5257 = CARTESIAN_POINT ( 'NONE',  ( 2.163165183675525682, 17.50000000000000000, 1.815111107797322987 ) ) ;
#5258 =( GEOMETRIC_REPRESENTATION_CONTEXT ( 3 ) GLOBAL_UNCERTAINTY_ASSIGNED_CONTEXT ( ( #2303 ) ) GLOBAL_UNIT_ASSIGNED_CONTEXT ( ( #433, #979, #4338 ) ) REPRESENTATION_CONTEXT ( 'NONE', 'WORKASPACE' ) );
#5259 = CARTESIAN_POINT ( 'NONE',  ( -2.261645958976477022, 24.11089388095984631, -1.797746290031116301 ) ) ;
#5260 = CARTESIAN_POINT ( 'NONE',  ( 2.687716936214215036, 17.50000000000000000, -1.059769709824812001 ) ) ;
#5261 = ORIENTED_EDGE ( 'NONE', *, *, #1685, .T. ) ;
#5262 = FACE_OUTER_BOUND ( 'NONE', #1253, .T. ) ;
#5263 = CARTESIAN_POINT ( 'NONE',  ( 2.720476172877939636, 24.08748573298174378, -1.040071511189630371 ) ) ;
#5264 = CARTESIAN_POINT ( 'NONE',  ( 1.690878987334112127, 24.50000000000000000, -1.915111107797552448 ) ) ;
#5265 = ORIENTED_EDGE ( 'NONE', *, *, #1364, .F. ) ;
#5266 =( NAMED_UNIT ( * ) PLANE_ANGLE_UNIT ( ) SI_UNIT ( $, .RADIAN. ) );
#5267 = VERTEX_POINT ( 'NONE', #5165 ) ;
#5268 = CARTESIAN_POINT ( 'NONE',  ( -2.712356031255455324, 24.09245612541790393, 1.047392462527552803 ) ) ;
#5269 = DIRECTION ( 'NONE',  ( 0.000000000000000000, 1.000000000000000000, 0.000000000000000000 ) ) ;
#5270 = DIRECTION ( 'NONE',  ( -0.000000000000000000, 1.000000000000000000, -0.000000000000000000 ) ) ;
#5271 = CARTESIAN_POINT ( 'NONE',  ( -2.165063509460822377, 17.50000000000000000, 1.250000000000150324 ) ) ;
#5272 = AXIS2_PLACEMENT_3D ( 'NONE', #1226, #5538, #1263 ) ;
#5273 = ORIENTED_EDGE ( 'NONE', *, *, #3414, .T. ) ;
#5274 = DIRECTION ( 'NONE',  ( 0.000000000000000000, 0.000000000000000000, -1.000000000000000000 ) ) ;
#5275 = ORIENTED_EDGE ( 'NONE', *, *, #240, .F. ) ;
#5276 = AXIS2_PLACEMENT_3D ( 'NONE', #2862, #5685, #4766 ) ;
#5277 = EDGE_CURVE ( 'NONE', #3740, #3419, #3448, .T. ) ;
#5278 = CARTESIAN_POINT ( 'NONE',  ( -2.687716936214325614, 24.11089388095986763, 1.059769709824643469 ) ) ;
#5279 = CARTESIAN_POINT ( 'NONE',  ( -2.163165183674979009, 17.50000000000000000, 1.915111107797550893 ) ) ;
#5280 = CARTESIAN_POINT ( 'NONE',  ( 1.505323867740078869, 24.09647142437280820, -2.482854977894446424 ) ) ;
#5281 = CARTESIAN_POINT ( 'NONE',  ( -0.4260709772376703453, 24.11089388095972907, 2.857515999855759770 ) ) ;
#5282 = ORIENTED_EDGE ( 'NONE', *, *, #3375, .T. ) ;
#5283 = EDGE_CURVE ( 'NONE', #792, #223, #522, .T. ) ;
#5284 = ORIENTED_EDGE ( 'NONE', *, *, #3417, .T. ) ;
#5285 = VERTEX_POINT ( 'NONE', #5719 ) ;
#5286 = PLANE ( 'NONE',  #4007 ) ;
#5287 = DIRECTION ( 'NONE',  ( -0.1736481776669290267, 0.000000000000000000, 0.9848077530122083534 ) ) ;
#5288 = CARTESIAN_POINT ( 'NONE',  ( -2.503297247447234586, 24.46379134448244130, 0.4073209901216549578 ) ) ;
#5289 = CARTESIAN_POINT ( 'NONE',  ( 1.592398212034015437, 24.44525494324859238, -1.997746290024484006 ) ) ;
#5290 = ORIENTED_EDGE ( 'NONE', *, *, #3242, .F. ) ;
#5291 = EDGE_CURVE ( 'NONE', #5756, #2958, #1354, .T. ) ;
#5292 = VECTOR ( 'NONE', #21, 1000.000000000000227 ) ;
#5293 = PRESENTATION_STYLE_ASSIGNMENT (( #3415 ) ) ;
#5294 = PRODUCT ( 'SR16 Шайба', 'SR16 Шайба', '', ( #4428 ) ) ;
#5295 = CARTESIAN_POINT ( 'NONE',  ( -1.606969024216302167, 17.50000000000000000, -1.915111107797323964 ) ) ;
#5296 = LINE ( 'NONE', #1021, #4758 ) ;
#5297 = ORIENTED_EDGE ( 'NONE', *, *, #851, .F. ) ;
#5298 = CIRCLE ( 'NONE', #3325, 0.3999999999999999112 ) ;
#5299 = PRESENTATION_STYLE_ASSIGNMENT (( #1112 ) ) ;
#5300 = ADVANCED_FACE ( 'NONE', ( #4249 ), #6137, .T. ) ;
#5301 = ORIENTED_EDGE ( 'NONE', *, *, #127, .T. ) ;
#5302 = DIRECTION ( 'NONE',  ( 0.000000000000000000, -1.000000000000000000, 0.000000000000000000 ) ) ;
#5303 = LINE ( 'NONE', #4413, #325 ) ;
#5304 = CARTESIAN_POINT ( 'NONE',  ( -7.089959504884855157, -0.000000000000000000, -3.369714263716276026 ) ) ;
#5305 = ORIENTED_EDGE ( 'NONE', *, *, #1852, .T. ) ;
#5306 = DIRECTION ( 'NONE',  ( 0.000000000000000000, 1.000000000000000000, 0.000000000000000000 ) ) ;
#5307 = VECTOR ( 'NONE', #3952, 1000.000000000000000 ) ;
#5308 = VECTOR ( 'NONE', #658, 1000.000000000000000 ) ;
#5309 = VECTOR ( 'NONE', #81, 1000.000000000000000 ) ;
#5310 = CARTESIAN_POINT ( 'NONE',  ( -0.9999999999999967804, 9.300000000000000711, -7.786045209218863228 ) ) ;
#5311 = CARTESIAN_POINT ( 'NONE',  ( 1.690878987330010963, 24.44525494324702564, -1.915111107797552448 ) ) ;
#5312 = CARTESIAN_POINT ( 'NONE',  ( 3.546590444804752307E-13, 17.50000000000000000, 2.499999999999991562 ) ) ;
#5313 = CARTESIAN_POINT ( 'NONE',  ( 0.9338999314605810342, 24.44525494324863502, 2.377930449574466643 ) ) ;
#5314 = EDGE_LOOP ( 'NONE', ( #1727, #1435, #4764, #2948 ) ) ;
#5315 = VERTEX_POINT ( 'NONE', #1443 ) ;
#5316 = ORIENTED_EDGE ( 'NONE', *, *, #1510, .T. ) ;
#5317 = DIRECTION ( 'NONE',  ( 0.000000000000000000, 0.000000000000000000, 1.000000000000000000 ) ) ;
#5318 = VECTOR ( 'NONE', #871, 1000.000000000000000 ) ;
#5319 = CARTESIAN_POINT ( 'NONE',  ( 0.000000000000000000, 0.000000000000000000, 0.000000000000000000 ) ) ;
#5320 = FACE_OUTER_BOUND ( 'NONE', #367, .T. ) ;
#5321 = DIRECTION ( 'NONE',  ( -0.3826834323650904479, -0.000000000000000000, 0.9238795325112865164 ) ) ;
#5322 = STYLED_ITEM ( 'NONE', ( #1389 ), #4307 ) ;
#5323 = CARTESIAN_POINT ( 'NONE',  ( 3.464101615137757939, 2.500000000000000000, 6.000000000000004441 ) ) ;
#5324 = EDGE_CURVE ( 'NONE', #4659, #3756, #4736, .T. ) ;
#5325 = VERTEX_POINT ( 'NONE', #3789 ) ;
#5326 = STYLED_ITEM ( 'NONE', ( #4769 ), #4603 ) ;
#5327 = DIRECTION ( 'NONE',  ( -0.000000000000000000, -1.000000000000000000, -0.000000000000000000 ) ) ;
#5328 = DIRECTION ( 'NONE',  ( 0.000000000000000000, 0.000000000000000000, 1.000000000000000000 ) ) ;
#5329 = ORIENTED_EDGE ( 'NONE', *, *, #5855, .T. ) ;
#5330 = FILL_AREA_STYLE_COLOUR ( '', #4733 ) ;
#5331 = EDGE_LOOP ( 'NONE', ( #3632, #3846, #4869, #1750 ) ) ;
#5332 = PRODUCT_DEFINITION ( 'UNKNOWN', '', #2376, #5615 ) ;
#5333 = CARTESIAN_POINT ( 'NONE',  ( 2.751036162895580617, 24.09245612541757353, 0.9411196742657376157 ) ) ;
#5334 = COLOUR_RGB ( '',0.6470588235294117974, 0.6196078431372549211, 0.5882352941176470784 ) ;
#5335 = PRESENTATION_STYLE_ASSIGNMENT (( #135 ) ) ;
#5336 = DIRECTION ( 'NONE',  ( 0.000000000000000000, 1.000000000000000000, 0.000000000000000000 ) ) ;
#5337 = ORIENTED_EDGE ( 'NONE', *, *, #5604, .T. ) ;
#5338 = LINE ( 'NONE', #4968, #3438 ) ;
#5339 = AXIS2_PLACEMENT_3D ( 'NONE', #1422, #1920, #76 ) ;
#5340 = ORIENTED_EDGE ( 'NONE', *, *, #3417, .F. ) ;
#5341 = CARTESIAN_POINT ( 'NONE',  ( 0.000000000000000000, 0.000000000000000000, 0.000000000000000000 ) ) ;
#5342 = DIRECTION ( 'NONE',  ( 0.4999999999999995559, 0.000000000000000000, -0.8660254037844388186 ) ) ;
#5343 = CARTESIAN_POINT ( 'NONE',  ( -0.4278943801117268131, 24.10911168744629052, 2.859046016534852797 ) ) ;
#5344 = DIRECTION ( 'NONE',  ( 0.000000000000000000, -1.000000000000000000, 0.000000000000000000 ) ) ;
#5345 = AXIS2_PLACEMENT_3D ( 'NONE', #1013, #4767, #486 ) ;
#5346 = EDGE_LOOP ( 'NONE', ( #2268, #3839, #3278, #2443 ) ) ;
#5347 =( LENGTH_UNIT ( ) NAMED_UNIT ( * ) SI_UNIT ( .MILLI., .METRE. ) );
#5348 = FACE_OUTER_BOUND ( 'NONE', #5346, .T. ) ;
#5349 = DIRECTION ( 'NONE',  ( 0.000000000000000000, -1.000000000000000000, 0.000000000000000000 ) ) ;
#5350 = LINE ( 'NONE', #4004, #3949 ) ;
#5351 = ORIENTED_EDGE ( 'NONE', *, *, #4318, .F. ) ;
#5352 = DIRECTION ( 'NONE',  ( 0.3420201433256697121, 0.000000000000000000, -0.9396926207859080948 ) ) ;
#5353 = EDGE_CURVE ( 'NONE', #528, #5267, #3529, .T. ) ;
#5354 = DIRECTION ( 'NONE',  ( 0.000000000000000000, 0.000000000000000000, 1.000000000000000000 ) ) ;
#5355 = LINE ( 'NONE', #1110, #1946 ) ;
#5356 = VERTEX_POINT ( 'NONE', #4673 ) ;
#5357 =( LENGTH_UNIT ( ) NAMED_UNIT ( * ) SI_UNIT ( .MILLI., .METRE. ) );
#5358 =( GEOMETRIC_REPRESENTATION_CONTEXT ( 3 ) GLOBAL_UNCERTAINTY_ASSIGNED_CONTEXT ( ( #1788 ) ) GLOBAL_UNIT_ASSIGNED_CONTEXT ( ( #1776, #3153, #3692 ) ) REPRESENTATION_CONTEXT ( 'NONE', 'WORKASPACE' ) );
#5359 = ORIENTED_EDGE ( 'NONE', *, *, #2612, .F. ) ;
#5360 = EDGE_CURVE ( 'NONE', #4771, #5315, #4279, .T. ) ;
#5361 = PRODUCT_DEFINITION_FORMATION_WITH_SPECIFIED_SOURCE ( 'ANY', '', #4803, .NOT_KNOWN. ) ;
#5362 = CARTESIAN_POINT ( 'NONE',  ( -2.726060637096610506, 24.08406744546887168, 1.035036674028118497 ) ) ;
#5363 =( LENGTH_UNIT ( ) NAMED_UNIT ( * ) SI_UNIT ( .MILLI., .METRE. ) );
#5364 = CARTESIAN_POINT ( 'NONE',  ( 2.194273383549444123, 24.09078937327015879, 1.910149415340146595 ) ) ;
#5365 = DIRECTION ( 'NONE',  ( 0.000000000000000000, 0.000000000000000000, 1.000000000000000000 ) ) ;
#5366 = EDGE_LOOP ( 'NONE', ( #1888, #5727, #1419, #4588 ) ) ;
#5367 = DIRECTION ( 'NONE',  ( -0.000000000000000000, -1.000000000000000000, -0.000000000000000000 ) ) ;
#5368 = UNCERTAINTY_MEASURE_WITH_UNIT (LENGTH_MEASURE( 1.000000000000000082E-05 ), #3164, 'distance_accuracy_value', 'NONE');
#5369 = EDGE_CURVE ( 'NONE', #2023, #870, #616, .T. ) ;
#5370 = PRESENTATION_STYLE_ASSIGNMENT (( #1992 ) ) ;
#5371 = SURFACE_STYLE_FILL_AREA ( #85 ) ;
#5372 = FACE_OUTER_BOUND ( 'NONE', #1869, .T. ) ;
#5373 = SURFACE_STYLE_USAGE ( .BOTH. , #2957 ) ;
#5374 = CARTESIAN_POINT ( 'NONE',  ( -2.245772400762049870, 24.07614780133000920, 1.872301441681209377 ) ) ;
#5375 = EDGE_CURVE ( 'NONE', #4342, #6075, #739, .T. ) ;
#5376 = AXIS2_PLACEMENT_3D ( 'NONE', #2292, #3123, #4583 ) ;
#5377 = EDGE_LOOP ( 'NONE', ( #4303 ) ) ;
#5378 = FILL_AREA_STYLE ('',( #3503 ) ) ;
#5379 = CARTESIAN_POINT ( 'NONE',  ( 1.509973242825873641, 24.10911168744616973, 2.465201519378409145 ) ) ;
#5380 = DIRECTION ( 'NONE',  ( 0.9971880171636624546, 0.000000000000000000, -0.07494036579309623636 ) ) ;
#5381 = FILL_AREA_STYLE ('',( #1562 ) ) ;
#5382 = FACE_OUTER_BOUND ( 'NONE', #4135, .T. ) ;
#5383 = ORIENTED_EDGE ( 'NONE', *, *, #851, .T. ) ;
#5384 = CARTESIAN_POINT ( 'NONE',  ( 2.526298143494416060, 24.44525494324852843, 0.3801841595499791948 ) ) ;
#5385 = ORIENTED_EDGE ( 'NONE', *, *, #5369, .T. ) ;
#5386 = FILL_AREA_STYLE ('',( #5913 ) ) ;
#5387 = FACE_OUTER_BOUND ( 'NONE', #1572, .T. ) ;
#5388 = CARTESIAN_POINT ( 'NONE',  ( 2.649580679118684667, 24.33873950678293241, -0.2767378293773530284 ) ) ;
#5389 = ORIENTED_EDGE ( 'NONE', *, *, #3751, .F. ) ;
#5390 = CARTESIAN_POINT ( 'NONE',  ( 1.510386574701263029, 17.50000000000000000, 2.462857397828112749 ) ) ;
#5391 = VERTEX_POINT ( 'NONE', #1105 ) ;
#5392 = VECTOR ( 'NONE', #6023, 1000.000000000000114 ) ;
#5393 = DIRECTION ( 'NONE',  ( 0.000000000000000000, 0.000000000000000000, -1.000000000000000000 ) ) ;
#5394 = AXIS2_PLACEMENT_3D ( 'NONE', #2404, #6054, #1791 ) ;
#5395 =( NAMED_UNIT ( * ) PLANE_ANGLE_UNIT ( ) SI_UNIT ( $, .RADIAN. ) );
#5396 = CARTESIAN_POINT ( 'NONE',  ( 2.183738085404030915, 24.09647142437275846, 1.913597858067213942 ) ) ;
#5397 = EDGE_CURVE ( 'NONE', #428, #841, #1614, .T. ) ;
#5398 = DIRECTION ( 'NONE',  ( 3.252606517456518824E-15, 0.000000000000000000, 1.000000000000000000 ) ) ;
#5399 = EDGE_CURVE ( 'NONE', #2291, #857, #5883, .T. ) ;
#5400 =( NAMED_UNIT ( * ) SI_UNIT ( $, .STERADIAN. ) SOLID_ANGLE_UNIT ( ) );
#5401 = DIRECTION ( 'NONE',  ( 0.000000000000000000, 0.000000000000000000, -1.000000000000000000 ) ) ;
#5402 = CARTESIAN_POINT ( 'NONE',  ( 1.484298276293708474, 24.08011071800926217, -2.514480472399002409 ) ) ;
#5403 = SURFACE_STYLE_FILL_AREA ( #2746 ) ;
#5404 = CARTESIAN_POINT ( 'NONE',  ( -1.508655051187335561, 24.10342794339698713, 2.472677355649565367 ) ) ;
#5405 = B_SPLINE_CURVE_WITH_KNOTS ( 'NONE', 3,
 ( #3836, #5703, #5245, #4391 ),
 .UNSPECIFIED., .F., .F.,
 ( 4, 4 ),
 ( 0.0001497275135150139295, 0.0007283906869928744639 ),
 .UNSPECIFIED. ) ;
#5406 = EDGE_CURVE ( 'NONE', #1738, #5882, #98, .T. ) ;
#5407 = CARTESIAN_POINT ( 'NONE',  ( -2.653514921881294342, 17.50000000000000000, 0.9658004477462216464 ) ) ;
#5408 = CARTESIAN_POINT ( 'NONE',  ( 1.490777987167568597E-16, 17.50000000000000000, -2.630540728933219441 ) ) ;
#5409 = CARTESIAN_POINT ( 'NONE',  ( 2.740117462260193371, 17.50000000000000000, 0.9158004477459414927 ) ) ;
#5410 = CARTESIAN_POINT ( 'NONE',  ( -2.178172809684280509, 24.46082274070673890, 1.305016362866199264 ) ) ;
#5411 = VERTEX_POINT ( 'NONE', #5784 ) ;
#5412 = CARTESIAN_POINT ( 'NONE',  ( 0.000000000000000000, 2.500000000000000000, 0.000000000000000000 ) ) ;
#5413 = ORIENTED_EDGE ( 'NONE', *, *, #5978, .T. ) ;
#5414 = AXIS2_PLACEMENT_3D ( 'NONE', #4922, #158, #1504 ) ;
#5415 = PLANE ( 'NONE',  #5376 ) ;
#5416 = PRESENTATION_LAYER_ASSIGNMENT (  '', '', ( #4438 ) ) ;
#5417 = CARTESIAN_POINT ( 'NONE',  ( 2.809839888384020767, -4.956521243558937861, 7.330262099975673351 ) ) ;
#5418 = DIRECTION ( 'NONE',  ( 0.3826834323650892267, 0.000000000000000000, 0.9238795325112869605 ) ) ;
#5419 = VERTEX_POINT ( 'NONE', #5289 ) ;
#5420 = AXIS2_PLACEMENT_3D ( 'NONE', #5220, #5653, #4272 ) ;
#5421 = CARTESIAN_POINT ( 'NONE',  ( -0.8550503583141598751, 17.50000000000000000, -2.349231551964701126 ) ) ;
#5422 = EDGE_LOOP ( 'NONE', ( #2264, #3452, #5184, #2427 ) ) ;
#5423 = STYLED_ITEM ( 'NONE', ( #855 ), #4635 ) ;
#5424 =( GEOMETRIC_REPRESENTATION_CONTEXT ( 3 ) GLOBAL_UNCERTAINTY_ASSIGNED_CONTEXT ( ( #1185 ) ) GLOBAL_UNIT_ASSIGNED_CONTEXT ( ( #5357, #131, #1143 ) ) REPRESENTATION_CONTEXT ( 'NONE', 'WORKASPACE' ) );
#5425 = CARTESIAN_POINT ( 'NONE',  ( -2.261645958976477022, 24.11089388095984631, -1.797746290031116301 ) ) ;
#5426 = LINE ( 'NONE', #2152, #2329 ) ;
#5427 = DIRECTION ( 'NONE',  ( -0.3826834323651000513, 0.000000000000000000, -0.9238795325112825196 ) ) ;
#5428 = ORIENTED_EDGE ( 'NONE', *, *, #1383, .T. ) ;
#5429 = CARTESIAN_POINT ( 'NONE',  ( 0.000000000000000000, 0.000000000000000000, 0.000000000000000000 ) ) ;
#5430 = UNCERTAINTY_MEASURE_WITH_UNIT (LENGTH_MEASURE( 1.000000000000000082E-05 ), #4291, 'distance_accuracy_value', 'NONE');
#5431 = AXIS2_PLACEMENT_3D ( 'NONE', #5241, #417, #6088 ) ;
#5432 = APPLICATION_CONTEXT ( 'automotive_design' ) ;
#5433 = CARTESIAN_POINT ( 'NONE',  ( 2.526298143494416060, 24.44525494324852843, 0.3801841595499791948 ) ) ;
#5434 = DIRECTION ( 'NONE',  ( 0.5000000000000004441, 0.000000000000000000, 0.8660254037844383745 ) ) ;
#5435 = FACE_OUTER_BOUND ( 'NONE', #423, .T. ) ;
#5436 = DIRECTION ( 'NONE',  ( 0.000000000000000000, 1.000000000000000000, 0.000000000000000000 ) ) ;
#5437 = ADVANCED_FACE ( 'NONE', ( #2551, #1565 ), #2996, .F. ) ;
#5438 = COLOUR_RGB ( '',0.6470588235294117974, 0.6196078431372549211, 0.5882352941176470784 ) ;
#5439 = FACE_OUTER_BOUND ( 'NONE', #216, .T. ) ;
#5440 = CIRCLE ( 'NONE', #2042, 4.250000000000000000 ) ;
#5441 = MECHANICAL_DESIGN_GEOMETRIC_PRESENTATION_REPRESENTATION (  '', ( #1731 ), #5507 ) ;
#5442 = B_SPLINE_CURVE_WITH_KNOTS ( 'NONE', 3,
 ( #1494, #1555, #2920, #1097 ),
 .UNSPECIFIED., .F., .F.,
 ( 4, 4 ),
 ( 0.0001497047230440099613, 0.0007283678963854470440 ),
 .UNSPECIFIED. ) ;
#5443 = EDGE_CURVE ( 'NONE', #223, #366, #1016, .T. ) ;
#5444 = CARTESIAN_POINT ( 'NONE',  ( 1.476256022333986451, 24.07731203357802130, 2.522466074508435074 ) ) ;
#5445 =( LENGTH_UNIT ( ) NAMED_UNIT ( * ) SI_UNIT ( .MILLI., .METRE. ) );
#5446 = CARTESIAN_POINT ( 'NONE',  ( -1.606969024216302167, 17.50000000000000000, -1.915111107797323964 ) ) ;
#5447 = CARTESIAN_POINT ( 'NONE',  ( -7.089959504884855157, -4.599999999999999645, -3.369714263716276026 ) ) ;
#5448 = EDGE_LOOP ( 'NONE', ( #3223, #4375, #3229, #6138 ) ) ;
#5449 = LINE ( 'NONE', #1167, #2533 ) ;
#5450 = ORIENTED_EDGE ( 'NONE', *, *, #6084, .T. ) ;
#5451 = CARTESIAN_POINT ( 'NONE',  ( 2.190551627363347631, 24.09245612541760551, -1.911907366664214347 ) ) ;
#5452 = DIRECTION ( 'NONE',  ( 0.000000000000000000, 1.000000000000000000, 0.000000000000000000 ) ) ;
#5453 = CARTESIAN_POINT ( 'NONE',  ( 2.190823421741689092, 24.46985301392146894, -1.265706211582589225 ) ) ;
#5454 = VERTEX_POINT ( 'NONE', #184 ) ;
#5455 = ORIENTED_EDGE ( 'NONE', *, *, #4908, .F. ) ;
#5456 = CARTESIAN_POINT ( 'NONE',  ( 0.5081497215647177157, 24.07618934483386397, 2.879314607287076111 ) ) ;
#5457 = DIRECTION ( 'NONE',  ( -0.000000000000000000, 1.000000000000000000, -0.000000000000000000 ) ) ;
#5458 = VECTOR ( 'NONE', #2296, 1000.000000000000000 ) ;
#5459 = LINE ( 'NONE', #2661, #3131 ) ;
#5460 = DIRECTION ( 'NONE',  ( 0.1736481776669319410, -0.000000000000000000, -0.9848077530122076872 ) ) ;
#5461 = CARTESIAN_POINT ( 'NONE',  ( -1.640533489973017733, 24.46823170470894837, -1.928357051942715339 ) ) ;
#5462 = CARTESIAN_POINT ( 'NONE',  ( 2.908731308982606123, 24.09078937327011261, 0.05280760193785440787 ) ) ;
#5463 = CARTESIAN_POINT ( 'NONE',  ( -2.744346812419091730, 24.07614780133004118, -1.008745229337456140 ) ) ;
#5464 = FACE_OUTER_BOUND ( 'NONE', #1771, .T. ) ;
#5465 = DIRECTION ( 'NONE',  ( 0.5000000000000021094, 0.000000000000000000, 0.8660254037844373753 ) ) ;
#5466 =( NAMED_UNIT ( * ) PLANE_ANGLE_UNIT ( ) SI_UNIT ( $, .RADIAN. ) );
#5467 = CARTESIAN_POINT ( 'NONE',  ( -2.260945758865133381, 24.08637983427289342, 1.837759861487756829 ) ) ;
#5468 = EDGE_CURVE ( 'NONE', #5980, #2780, #2071, .T. ) ;
#5469 = B_SPLINE_CURVE_WITH_KNOTS ( 'NONE', 3,
 ( #6111, #3296, #5172, #1856 ),
 .UNSPECIFIED., .F., .F.,
 ( 4, 4 ),
 ( 0.0001004224161591092706, 0.0008285223792036121348 ),
 .UNSPECIFIED. ) ;
#5470 = DIRECTION ( 'NONE',  ( 0.3826834323650817327, 0.000000000000000000, -0.9238795325112900692 ) ) ;
#5471 = CARTESIAN_POINT ( 'NONE',  ( 7.128363843406277489, -4.599999999999999645, 2.519708101351846086 ) ) ;
#5472 = SURFACE_STYLE_USAGE ( .BOTH. , #335 ) ;
#5473 = CARTESIAN_POINT ( 'NONE',  ( -7.252454330213588207, -5.000000000000000000, 3.004064944065989451 ) ) ;
#5474 = ORIENTED_EDGE ( 'NONE', *, *, #3548, .F. ) ;
#5475 = EDGE_CURVE ( 'NONE', #316, #5580, #5350, .T. ) ;
#5476 = CARTESIAN_POINT ( 'NONE',  ( -2.499602093434297068, 24.45104258969317002, -0.4992156089389324647 ) ) ;
#5477 = PRESENTATION_LAYER_ASSIGNMENT (  '', '', ( #4200 ) ) ;
#5478 = EDGE_LOOP ( 'NONE', ( #4554, #3435, #809, #2183 ) ) ;
#5479 = EDGE_CURVE ( 'NONE', #1001, #4786, #2493, .T. ) ;
#5480 = CARTESIAN_POINT ( 'NONE',  ( 1.411905799399786332, 17.50000000000000000, -2.445492580061556787 ) ) ;
#5481 = VECTOR ( 'NONE', #2516, 1000.000000000000000 ) ;
#5482 = DIRECTION ( 'NONE',  ( 0.000000000000000000, 1.000000000000000000, 0.000000000000000000 ) ) ;
#5483 = SURFACE_STYLE_USAGE ( .BOTH. , #4356 ) ;
#5484 = CARTESIAN_POINT ( 'NONE',  ( 7.089959504884879138, -4.599999999999999645, 3.369714263716227620 ) ) ;
#5485 = EDGE_CURVE ( 'NONE', #931, #4879, #4405, .T. ) ;
#5486 = CARTESIAN_POINT ( 'NONE',  ( -1.462288138272450411, 24.07618934483398121, -2.531873248788339748 ) ) ;
#5487 = ORIENTED_EDGE ( 'NONE', *, *, #5399, .T. ) ;
#5488 = EDGE_LOOP ( 'NONE', ( #1912 ) ) ;
#5489 = EDGE_CURVE ( 'NONE', #2849, #5756, #5116, .T. ) ;
#5490 = EDGE_CURVE ( 'NONE', #6146, #1926, #3535, .T. ) ;
#5491 = CARTESIAN_POINT ( 'NONE',  ( 0.4530905553213370185, 24.09078937327026537, 2.873711088358711585 ) ) ;
#5492 = FACE_OUTER_BOUND ( 'NONE', #1883, .T. ) ;
#5493 = FILL_AREA_STYLE ('',( #1239 ) ) ;
#5494 = DIRECTION ( 'NONE',  ( 5.421010862427531636E-15, 0.000000000000000000, 1.000000000000000000 ) ) ;
#5495 = UNCERTAINTY_MEASURE_WITH_UNIT (LENGTH_MEASURE( 1.000000000000000082E-05 ), #2548, 'distance_accuracy_value', 'NONE');
#5496 = PLANE ( 'NONE',  #5223 ) ;
#5497 = CARTESIAN_POINT ( 'NONE',  ( -2.750456113947303383, 24.07622500002036148, -0.9917263543109686719 ) ) ;
#5498 = FILL_AREA_STYLE ('',( #4657 ) ) ;
#5499 = SURFACE_STYLE_USAGE ( .BOTH. , #5964 ) ;
#5500 = FILL_AREA_STYLE_COLOUR ( '', #1471 ) ;
#5501 = SURFACE_SIDE_STYLE ('',( #3117 ) ) ;
#5502 = MECHANICAL_DESIGN_GEOMETRIC_PRESENTATION_REPRESENTATION (  '', ( #2005 ), #4133 ) ;
#5503 = CARTESIAN_POINT ( 'NONE',  ( -2.493154799526658305, 24.46082274070676021, 0.4813352696338806802 ) ) ;
#5504 = DIRECTION ( 'NONE',  ( 0.9238795325112825196, -0.000000000000000000, -0.3826834323651000513 ) ) ;
#5505 = DIRECTION ( 'NONE',  ( -0.000000000000000000, -1.000000000000000000, -0.000000000000000000 ) ) ;
#5506 = ORIENTED_EDGE ( 'NONE', *, *, #3684, .F. ) ;
#5507 =( GEOMETRIC_REPRESENTATION_CONTEXT ( 3 ) GLOBAL_UNCERTAINTY_ASSIGNED_CONTEXT ( ( #1000 ) ) GLOBAL_UNIT_ASSIGNED_CONTEXT ( ( #108, #3461, #1955 ) ) REPRESENTATION_CONTEXT ( 'NONE', 'WORKASPACE' ) );
#5508 = CARTESIAN_POINT ( 'NONE',  ( 2.243913082607417842, 24.44525494324854975, 1.221301102390079274 ) ) ;
#5509 = VERTEX_POINT ( 'NONE', #3255 ) ;
#5510 = FACE_OUTER_BOUND ( 'NONE', #3391, .T. ) ;
#5511 = EDGE_CURVE ( 'NONE', #1495, #4282, #2121, .T. ) ;
#5512 = CARTESIAN_POINT ( 'NONE',  ( -1.408632929699914937, 24.09078937327038261, -2.545439007330872361 ) ) ;
#5513 = ORIENTED_EDGE ( 'NONE', *, *, #3209, .F. ) ;
#5514 = AXIS2_PLACEMENT_3D ( 'NONE', #5970, #215, #5013 ) ;
#5515 = ORIENTED_EDGE ( 'NONE', *, *, #5874, .F. ) ;
#5516 = PLANE ( 'NONE',  #5552 ) ;
#5517 = CARTESIAN_POINT ( 'NONE',  ( -2.260966436881020947, 24.08748573298123574, -1.835965720509341148 ) ) ;
#5518 = CARTESIAN_POINT ( 'NONE',  ( 2.260966436881750141, 24.08748573298177575, 1.835965720507589660 ) ) ;
#5519 = AXIS2_PLACEMENT_3D ( 'NONE', #146, #3080, #1192 ) ;
#5520 = VECTOR ( 'NONE', #4591, 1000.000000000000000 ) ;
#5521 = CARTESIAN_POINT ( 'NONE',  ( -1.606969024216029940, 17.50000000000000000, 1.915111107797552670 ) ) ;
#5522 = CARTESIAN_POINT ( 'NONE',  ( 2.923810621749432404, 24.07618934483371476, -0.0004420510025823305624 ) ) ;
#5523 = CARTESIAN_POINT ( 'NONE',  ( 1.655816060265577150, 24.46379134448262604, -1.921114435070495396 ) ) ;
#5524 = CYLINDRICAL_SURFACE ( 'NONE', #460, 0.3999999999999999667 ) ;
#5525 = CARTESIAN_POINT ( 'NONE',  ( 1.600888905962426501, 24.46038112602392189, 1.971501644894549710 ) ) ;
#5526 = ORIENTED_EDGE ( 'NONE', *, *, #5707, .T. ) ;
#5527 = LINE ( 'NONE', #3648, #5016 ) ;
#5528 = EDGE_CURVE ( 'NONE', #2552, #2860, #2823, .T. ) ;
#5529 = VECTOR ( 'NONE', #4174, 1000.000000000000114 ) ;
#5530 = CARTESIAN_POINT ( 'NONE',  ( -8.414046448614478796E-15, -4.599999999999999645, -3.485212153453311674E-15 ) ) ;
#5531 = FILL_AREA_STYLE ('',( #5040 ) ) ;
#5532 = AXIS2_PLACEMENT_3D ( 'NONE', #6094, #970, #1430 ) ;
#5533 = AXIS2_PLACEMENT_3D ( 'NONE', #1453, #2307, #3360 ) ;
#5534 = ORIENTED_EDGE ( 'NONE', *, *, #1700, .F. ) ;
#5535 = PLANE ( 'NONE',  #1126 ) ;
#5536 = MECHANICAL_DESIGN_GEOMETRIC_PRESENTATION_REPRESENTATION (  '', ( #2454 ), #2350 ) ;
#5537 = VERTEX_POINT ( 'NONE', #4834 ) ;
#5538 = DIRECTION ( 'NONE',  ( -0.9238795325112905132, -0.000000000000000000, -0.3826834323650807890 ) ) ;
#5539 = DIRECTION ( 'NONE',  ( 0.000000000000000000, 1.000000000000000000, 0.000000000000000000 ) ) ;
#5540 = LINE ( 'NONE', #768, #2643 ) ;
#5541 = CARTESIAN_POINT ( 'NONE',  ( -1.444578745731357472, 24.07755045136823568, -2.540469482217634134 ) ) ;
#5542 = ORIENTED_EDGE ( 'NONE', *, *, #5946, .F. ) ;
#5543 = ADVANCED_FACE ( 'NONE', ( #4374 ), #3920, .F. ) ;
#5544 = LINE ( 'NONE', #5111, #5956 ) ;
#5545 = DIRECTION ( 'NONE',  ( 0.9238795325112875156, -0.000000000000000000, 0.3826834323650879499 ) ) ;
#5546 = B_SPLINE_CURVE_WITH_KNOTS ( 'NONE', 3,
 ( #918, #861, #2274, #4197, #3762, #4255 ),
 .UNSPECIFIED., .F., .F.,
 ( 4, 2, 4 ),
 ( 4.336808689942017736E-19, 0.0003124823193954501862, 0.0006249646387908999387 ),
 .UNSPECIFIED. ) ;
#5547 =( LENGTH_UNIT ( ) NAMED_UNIT ( * ) SI_UNIT ( .MILLI., .METRE. ) );
#5548 = VERTEX_POINT ( 'NONE', #3186 ) ;
#5549 = CYLINDRICAL_SURFACE ( 'NONE', #5106, 0.4000000000000000777 ) ;
#5550 = EDGE_CURVE ( 'NONE', #1355, #4034, #2016, .T. ) ;
#5551 = UNCERTAINTY_MEASURE_WITH_UNIT (LENGTH_MEASURE( 1.000000000000000082E-05 ), #4189, 'distance_accuracy_value', 'NONE');
#5552 = AXIS2_PLACEMENT_3D ( 'NONE', #3161, #2711, #859 ) ;
#5553 = LINE ( 'NONE', #1672, #3030 ) ;
#5554 = DIRECTION ( 'NONE',  ( -0.000000000000000000, 1.000000000000000000, -0.000000000000000000 ) ) ;
#5555 = CARTESIAN_POINT ( 'NONE',  ( -2.687716936213949914, 24.11089388096025843, -1.059769709824537109 ) ) ;
#5556 = DIRECTION ( 'NONE',  ( 0.000000000000000000, 1.000000000000000000, 0.000000000000000000 ) ) ;
#5557 = ORIENTED_EDGE ( 'NONE', *, *, #4905, .T. ) ;
#5558 = VERTEX_POINT ( 'NONE', #280 ) ;
#5559 = CARTESIAN_POINT ( 'NONE',  ( 0.8996979171340927506, 17.50000000000000000, 2.471899711655269449 ) ) ;
#5560 = EDGE_CURVE ( 'NONE', #5643, #3986, #4580, .T. ) ;
#5561 = VERTEX_POINT ( 'NONE', #1683 ) ;
#5562 = DIRECTION ( 'NONE',  ( 0.1736481776669287769, 0.000000000000000000, -0.9848077530122083534 ) ) ;
#5563 = CARTESIAN_POINT ( 'NONE',  ( -0.06427876096829798769, 24.44525494324443216, 2.553936284621320052 ) ) ;
#5564 = ADVANCED_FACE ( 'NONE', ( #5073 ), #2702, .T. ) ;
#5565 = DIRECTION ( 'NONE',  ( -0.3420201433256701562, 0.000000000000000000, 0.9396926207859078728 ) ) ;
#5566 = EDGE_LOOP ( 'NONE', ( #5720 ) ) ;
#5567 = CARTESIAN_POINT ( 'NONE',  ( 0.6541792807420374611, 24.22653848203903948, 2.697150464091336630 ) ) ;
#5568 = ORIENTED_EDGE ( 'NONE', *, *, #3082, .T. ) ;
#5569 = CARTESIAN_POINT ( 'NONE',  ( -2.653514921881294342, 17.50000000000000000, 0.9658004477462216464 ) ) ;
#5570 = DIRECTION ( 'NONE',  ( -0.000000000000000000, -1.000000000000000000, -0.000000000000000000 ) ) ;
#5571 = CARTESIAN_POINT ( 'NONE',  ( 2.207580204230268350, 24.33873950472231940, 1.491124158073014350 ) ) ;
#5572 = AXIS2_PLACEMENT_3D ( 'NONE', #1033, #3932, #3008 ) ;
#5573 = CARTESIAN_POINT ( 'NONE',  ( -1.510386574700823381, 24.11089388095980013, -2.462857397828597250 ) ) ;
#5574 = ORIENTED_EDGE ( 'NONE', *, *, #1952, .T. ) ;
#5575 =( GEOMETRIC_REPRESENTATION_CONTEXT ( 3 ) GLOBAL_UNCERTAINTY_ASSIGNED_CONTEXT ( ( #2120 ) ) GLOBAL_UNIT_ASSIGNED_CONTEXT ( ( #5347, #1100, #4402 ) ) REPRESENTATION_CONTEXT ( 'NONE', 'WORKASPACE' ) );
#5576 = CARTESIAN_POINT ( 'NONE',  ( -1.000000000000000222, 9.500000000001319833, -7.637394401359730800 ) ) ;
#5577 = CARTESIAN_POINT ( 'NONE',  ( -0.8818585568330534752, 24.46796627992250350, 2.373503790885908682 ) ) ;
#5578 = B_SPLINE_CURVE_WITH_KNOTS ( 'NONE', 3,
 ( #3154, #3094, #4073, #1172 ),
 .UNSPECIFIED., .F., .F.,
 ( 4, 4 ),
 ( 0.0001003866226309390052, 0.0006790497961158667353 ),
 .UNSPECIFIED. ) ;
#5579 = LINE ( 'NONE', #3228, #435 ) ;
#5580 = VERTEX_POINT ( 'NONE', #4610 ) ;
#5581 = CARTESIAN_POINT ( 'NONE',  ( -2.519708101351870955, 0.000000000000000000, 7.128363843406268607 ) ) ;
#5582 = CARTESIAN_POINT ( 'NONE',  ( -2.519708101351870955, 0.000000000000000000, 7.128363843406268607 ) ) ;
#5583 = EDGE_CURVE ( 'NONE', #965, #1988, #1758, .T. ) ;
#5584 = SURFACE_STYLE_USAGE ( .BOTH. , #5150 ) ;
#5585 = EDGE_LOOP ( 'NONE', ( #5297, #1755, #5804, #6026, #3199 ) ) ;
#5586 = EDGE_CURVE ( 'NONE', #4017, #838, #702, .T. ) ;
#5587 = SURFACE_STYLE_USAGE ( .BOTH. , #2220 ) ;
#5588 = AXIS2_PLACEMENT_3D ( 'NONE', #1275, #2689, #2596 ) ;
#5589 = ORIENTED_EDGE ( 'NONE', *, *, #2612, .T. ) ;
#5590 = CARTESIAN_POINT ( 'NONE',  ( -1.690878987330724170, 24.44525494324655313, 1.915111107797552448 ) ) ;
#5591 = FILL_AREA_STYLE ('',( #6064 ) ) ;
#5592 = LINE ( 'NONE', #2223, #2553 ) ;
#5593 = VECTOR ( 'NONE', #5700, 1000.000000000000000 ) ;
#5594 = CARTESIAN_POINT ( 'NONE',  ( -0.01719754370393292847, 24.46823170470883468, -2.531721804620598260 ) ) ;
#5595 = ORIENTED_EDGE ( 'NONE', *, *, #1627, .F. ) ;
#5596 = CARTESIAN_POINT ( 'NONE',  ( 0.5571012269340760437, 24.09078937327029024, -2.855371200671746656 ) ) ;
#5597 = EDGE_CURVE ( 'NONE', #374, #1721, #5044, .T. ) ;
#5598 = ORIENTED_EDGE ( 'NONE', *, *, #3204, .F. ) ;
#5599 = PRODUCT_DEFINITION ( 'UNKNOWN', '', #5863, #3767 ) ;
#5600 = CARTESIAN_POINT ( 'NONE',  ( 2.187310384453468703, 24.46948457643189556, 1.272499177219057032 ) ) ;
#5601 = SURFACE_STYLE_USAGE ( .BOTH. , #1777 ) ;
#5602 = AXIS2_PLACEMENT_3D ( 'NONE', #6144, #1332, #3261 ) ;
#5603 = CARTESIAN_POINT ( 'NONE',  ( -7.252454330213610412, -5.000000000000000000, -3.004064944065936604 ) ) ;
#5604 = EDGE_CURVE ( 'NONE', #939, #389, #671, .T. ) ;
#5605 = MECHANICAL_DESIGN_GEOMETRIC_PRESENTATION_REPRESENTATION (  '', ( #1007 ), #2513 ) ;
#5606 = CIRCLE ( 'NONE', #1315, 0.09999999999999982514 ) ;
#5607 = EDGE_LOOP ( 'NONE', ( #921, #907, #2348, #4552 ) ) ;
#5608 = DIRECTION ( 'NONE',  ( 0.000000000000000000, -1.000000000000000000, -0.000000000000000000 ) ) ;
#5609 = CARTESIAN_POINT ( 'NONE',  ( -7.128363843406240186, 0.000000000000000000, 2.519708101351947782 ) ) ;
#5610 = CARTESIAN_POINT ( 'NONE',  ( -0.8431061942340744020, 24.46649189398672064, 2.389117960887791270 ) ) ;
#5611 = DIRECTION ( 'NONE',  ( -0.000000000000000000, 1.000000000000000000, -0.000000000000000000 ) ) ;
#5612 = DIRECTION ( 'NONE',  ( 0.3826834323650904479, 0.000000000000000000, -0.9238795325112865164 ) ) ;
#5613 = VERTEX_POINT ( 'NONE', #1743 ) ;
#5614 = VECTOR ( 'NONE', #5505, 1000.000000000000000 ) ;
#5615 = PRODUCT_DEFINITION_CONTEXT ( 'detailed design', #3049, 'design' ) ;
#5616 = MECHANICAL_DESIGN_GEOMETRIC_PRESENTATION_REPRESENTATION (  '', ( #5917 ), #4053 ) ;
#5617 = CARTESIAN_POINT ( 'NONE',  ( 0.000000000000000000, -5.000000000000000000, 0.000000000000000000 ) ) ;
#5618 = STYLED_ITEM ( 'NONE', ( #5665 ), #4281 ) ;
#5619 = DIRECTION ( 'NONE',  ( -0.9238795325112850731, 0.000000000000000000, 0.3826834323650940006 ) ) ;
#5620 = ORIENTED_EDGE ( 'NONE', *, *, #2387, .T. ) ;
#5621 = CARTESIAN_POINT ( 'NONE',  ( -1.606969024216302167, 17.50000000000000000, -1.915111107797323964 ) ) ;
#5622 = VECTOR ( 'NONE', #220, 1000.000000000000000 ) ;
#5623 = ADVANCED_FACE ( 'NONE', ( #2608 ), #4035, .T. ) ;
#5624 = CARTESIAN_POINT ( 'NONE',  ( 3.369714263716300895, -4.599999999999999645, -7.089959504884843611 ) ) ;
#5625 = VECTOR ( 'NONE', #1599, 1000.000000000000000 ) ;
#5626 = CARTESIAN_POINT ( 'NONE',  ( -2.918596154084114325, 24.08122916413045900, 0.03286814547831151678 ) ) ;
#5627 = LINE ( 'NONE', #2826, #3347 ) ;
#5628 = VERTEX_POINT ( 'NONE', #309 ) ;
#5629 = CARTESIAN_POINT ( 'NONE',  ( -2.494171462951729534, 24.46899646116496996, -0.4302181156025867148 ) ) ;
#5630 = ADVANCED_FACE ( 'NONE', ( #5998 ), #4519, .T. ) ;
#5631 = ORIENTED_EDGE ( 'NONE', *, *, #2283, .T. ) ;
#5632 = CARTESIAN_POINT ( 'NONE',  ( -1.000000000000000222, 9.500000000000001776, -7.584358905009703555 ) ) ;
#5633 = DIRECTION ( 'NONE',  ( -0.9396926207859090940, 0.000000000000000000, -0.3420201433256669366 ) ) ;
#5634 = CARTESIAN_POINT ( 'NONE',  ( -7.212019392849192911, -5.000000000000000000, -3.101683518244824356 ) ) ;
#5635 = ORIENTED_EDGE ( 'NONE', *, *, #1506, .T. ) ;
#5636 = CARTESIAN_POINT ( 'NONE',  ( -1.681404567891291002, 24.45117771391979389, -1.915560942672790645 ) ) ;
#5637 = FACE_OUTER_BOUND ( 'NONE', #1233, .T. ) ;
#5638 = DIRECTION ( 'NONE',  ( -0.9238795325112899581, 0.000000000000000000, -0.3826834323650817327 ) ) ;
#5639 = CARTESIAN_POINT ( 'NONE',  ( -2.462019382530365341, 17.50000000000000000, -0.4341204441671489556 ) ) ;
#5640 = CARTESIAN_POINT ( 'NONE',  ( 1.510386574701007012, 17.50000000000000000, -2.462857397828249528 ) ) ;
#5641 = ORIENTED_EDGE ( 'NONE', *, *, #3753, .F. ) ;
#5642 = ADVANCED_FACE ( 'NONE', ( #2199 ), #5535, .F. ) ;
#5643 = VERTEX_POINT ( 'NONE', #2138 ) ;
#5644 = CARTESIAN_POINT ( 'NONE',  ( 0.8182221549063348753, 24.45117771391967310, -2.413919541169548211 ) ) ;
#5645 = CARTESIAN_POINT ( 'NONE',  ( 7.252454330213632616, -5.000000000000000000, 3.004064944065885978 ) ) ;
#5646 = DIRECTION ( 'NONE',  ( 0.9238795325112845180, 0.000000000000000000, -0.3826834323650951664 ) ) ;
#5647 = ORIENTED_EDGE ( 'NONE', *, *, #5981, .F. ) ;
#5648 = DIRECTION ( 'NONE',  ( 0.000000000000000000, 0.000000000000000000, -1.000000000000000000 ) ) ;
#5649 = ORIENTED_EDGE ( 'NONE', *, *, #303, .T. ) ;
#5650 = CARTESIAN_POINT ( 'NONE',  ( 0.4260709772379295823, 24.11089388096006658, 2.857515999855382294 ) ) ;
#5651 = CARTESIAN_POINT ( 'NONE',  ( -2.920610714164898258, 24.07928144543852511, 0.02509843152235130895 ) ) ;
#5652 = CARTESIAN_POINT ( 'NONE',  ( 0.6541792807429144263, 24.22653848204087623, -2.697150464089285826 ) ) ;
#5653 = DIRECTION ( 'NONE',  ( 0.3826834323650989411, 0.000000000000000000, 0.9238795325112829637 ) ) ;
#5654 = ORIENTED_EDGE ( 'NONE', *, *, #1117, .F. ) ;
#5655 = CARTESIAN_POINT ( 'NONE',  ( -2.513158064001786318, 24.45632721815588440, -0.3928849707342862985 ) ) ;
#5656 = EDGE_CURVE ( 'NONE', #4993, #316, #5202, .T. ) ;
#5657 = EDGE_LOOP ( 'NONE', ( #157, #3287, #5953, #716 ) ) ;
#5658 = DIRECTION ( 'NONE',  ( -0.000000000000000000, 1.000000000000000000, 0.000000000000000000 ) ) ;
#5659 = EDGE_CURVE ( 'NONE', #5454, #2719, #1708, .T. ) ;
#5660 = FILL_AREA_STYLE_COLOUR ( '', #3465 ) ;
#5661 = EDGE_CURVE ( 'NONE', #1926, #5267, #5449, .T. ) ;
#5662 = ORIENTED_EDGE ( 'NONE', *, *, #4532, .T. ) ;
#5663 = DIRECTION ( 'NONE',  ( 0.000000000000000000, 0.000000000000000000, -1.000000000000000000 ) ) ;
#5664 = DIRECTION ( 'NONE',  ( 0.3420201433256674362, 0.000000000000000000, 0.9396926207859088720 ) ) ;
#5665 = PRESENTATION_STYLE_ASSIGNMENT (( #3260 ) ) ;
#5666 = ORIENTED_EDGE ( 'NONE', *, *, #3637, .F. ) ;
#5667 = DIRECTION ( 'NONE',  ( -0.000000000000000000, 1.000000000000000000, -0.000000000000000000 ) ) ;
#5668 = VERTEX_POINT ( 'NONE', #1286 ) ;
#5669 =( GEOMETRIC_REPRESENTATION_CONTEXT ( 3 ) GLOBAL_UNCERTAINTY_ASSIGNED_CONTEXT ( ( #324 ) ) GLOBAL_UNIT_ASSIGNED_CONTEXT ( ( #4488, #188, #4926 ) ) REPRESENTATION_CONTEXT ( 'NONE', 'WORKASPACE' ) );
#5670 = CARTESIAN_POINT ( 'NONE',  ( -2.906446369887076830, -5.000000000000000000, -7.292889267578021695 ) ) ;
#5671 = CARTESIAN_POINT ( 'NONE',  ( 7.330172279000440660, -4.956669073102030865, 2.810075569242636462 ) ) ;
#5672 = CARTESIAN_POINT ( 'NONE',  ( 1.681404567891643609, 24.45117771391955941, 1.915560942672790645 ) ) ;
#5673 = VERTEX_POINT ( 'NONE', #1655 ) ;
#5674 = CARTESIAN_POINT ( 'NONE',  ( 0.000000000000000000, 2.500000000000000000, 0.000000000000000000 ) ) ;
#5675 = EDGE_CURVE ( 'NONE', #3373, #3317, #1331, .T. ) ;
#5676 = ORIENTED_EDGE ( 'NONE', *, *, #3402, .F. ) ;
#5677 = SURFACE_STYLE_FILL_AREA ( #3809 ) ;
#5678 = CARTESIAN_POINT ( 'NONE',  ( -2.902877418639024487, 24.09647142437306755, -0.06222122143856908399 ) ) ;
#5679 = CARTESIAN_POINT ( 'NONE',  ( 0.8996979171340927506, 17.50000000000000000, 2.471899711655269449 ) ) ;
#5680 = CARTESIAN_POINT ( 'NONE',  ( 0.05758005369060883311, 24.45104258969298883, -2.548315401814948977 ) ) ;
#5681 = FILL_AREA_STYLE_COLOUR ( '', #4753 ) ;
#5682 = DIRECTION ( 'NONE',  ( -0.000000000000000000, 1.000000000000000000, -0.000000000000000000 ) ) ;
#5683 = VERTEX_POINT ( 'NONE', #2828 ) ;
#5684 = ORIENTED_EDGE ( 'NONE', *, *, #1178, .T. ) ;
#5685 = DIRECTION ( 'NONE',  ( -0.6427876096865370315, 0.000000000000000000, -0.7660444431189801229 ) ) ;
#5686 =( NAMED_UNIT ( * ) SI_UNIT ( $, .STERADIAN. ) SOLID_ANGLE_UNIT ( ) );
#5687 = FACE_OUTER_BOUND ( 'NONE', #3656, .T. ) ;
#5688 = VERTEX_POINT ( 'NONE', #457 ) ;
#5689 = ORIENTED_EDGE ( 'NONE', *, *, #1510, .F. ) ;
#5690 = CARTESIAN_POINT ( 'NONE',  ( 0.000000000000000000, 17.50000000000000000, -2.499999999999992006 ) ) ;
#5691 = EDGE_CURVE ( 'NONE', #3647, #3121, #2728, .T. ) ;
#5692 = CARTESIAN_POINT ( 'NONE',  ( 2.749093400415798971, 24.09647142437272649, -0.9343737281377159087 ) ) ;
#5693 = FACE_OUTER_BOUND ( 'NONE', #5657, .T. ) ;
#5694 = DIRECTION ( 'NONE',  ( 0.6427876096865378086, 0.000000000000000000, 0.7660444431189794567 ) ) ;
#5695 = AXIS2_PLACEMENT_3D ( 'NONE', #719, #2630, #4595 ) ;
#5696 = ORIENTED_EDGE ( 'NONE', *, *, #1569, .T. ) ;
#5697 = DIRECTION ( 'NONE',  ( 0.4999999999999981681, 0.000000000000000000, -0.8660254037844395958 ) ) ;
#5698 = ORIENTED_EDGE ( 'NONE', *, *, #5818, .T. ) ;
#5699 = CARTESIAN_POINT ( 'NONE',  ( -2.752722509071321433, 24.07755045136831029, 0.9814844526275245951 ) ) ;
#5700 = DIRECTION ( 'NONE',  ( -0.000000000000000000, 1.000000000000000000, 0.000000000000000000 ) ) ;
#5701 = DIRECTION ( 'NONE',  ( -0.3826834323651012171, 0.000000000000000000, -0.9238795325112820755 ) ) ;
#5702 = ORIENTED_EDGE ( 'NONE', *, *, #775, .T. ) ;
#5703 = CARTESIAN_POINT ( 'NONE',  ( 2.662890460103193302, 24.22653848203890803, 0.7820393562937856258 ) ) ;
#5704 = VECTOR ( 'NONE', #4341, 1000.000000000000000 ) ;
#5705 = ORIENTED_EDGE ( 'NONE', *, *, #2563, .T. ) ;
#5706 = CARTESIAN_POINT ( 'NONE',  ( -7.089959504884829400, -4.705661585819406412, 3.369714263716327984 ) ) ;
#5707 = EDGE_CURVE ( 'NONE', #3720, #2023, #3544, .T. ) ;
#5708 = CARTESIAN_POINT ( 'NONE',  ( -2.919753104564030366, 24.08011071800952152, -0.02819977786413732299 ) ) ;
#5709 = CARTESIAN_POINT ( 'NONE',  ( -0.01688987169010323919, 24.46796627992244311, 2.531977387703936877 ) ) ;
#5710 = CARTESIAN_POINT ( 'NONE',  ( -2.261645958976197246, 24.11089388096023356, 1.797746290030844074 ) ) ;
#5711 = DIRECTION ( 'NONE',  ( -1.000000000000000000, 0.000000000000000000, 0.000000000000000000 ) ) ;
#5712 = AXIS2_PLACEMENT_3D ( 'NONE', #6077, #6107, #4055 ) ;
#5713 = ORIENTED_EDGE ( 'NONE', *, *, #5324, .F. ) ;
#5714 = ORIENTED_EDGE ( 'NONE', *, *, #4143, .F. ) ;
#5715 = FACE_OUTER_BOUND ( 'NONE', #1824, .T. ) ;
#5716 =( LENGTH_UNIT ( ) NAMED_UNIT ( * ) SI_UNIT ( .MILLI., .METRE. ) );
#5717 = CARTESIAN_POINT ( 'NONE',  ( -7.396106250776925073, -4.599999999999999645, -2.630610637707245125 ) ) ;
#5718 = CARTESIAN_POINT ( 'NONE',  ( -2.513234473931118540, 24.45629017994094312, 0.3926685878491398274 ) ) ;
#5719 = CARTESIAN_POINT ( 'NONE',  ( -1.510386574700909090, 17.50000000000000000, -2.462857397828111417 ) ) ;
#5720 = ORIENTED_EDGE ( 'NONE', *, *, #520, .T. ) ;
#5721 = VECTOR ( 'NONE', #4691, 1000.000000000000114 ) ;
#5722 = CARTESIAN_POINT ( 'NONE',  ( 2.753315338942754931, 24.08011071800917335, -0.9721152521318811024 ) ) ;
#5723 = VECTOR ( 'NONE', #5545, 1000.000000000000114 ) ;
#5724 = DIRECTION ( 'NONE',  ( 0.000000000000000000, 0.000000000000000000, 1.000000000000000000 ) ) ;
#5725 = FACE_OUTER_BOUND ( 'NONE', #4611, .T. ) ;
#5726 = CIRCLE ( 'NONE', #5532, 3.000000000000001332 ) ;
#5727 = ORIENTED_EDGE ( 'NONE', *, *, #3675, .T. ) ;
#5728 = SURFACE_STYLE_USAGE ( .BOTH. , #1825 ) ;
#5729 = ORIENTED_EDGE ( 'NONE', *, *, #1769, .T. ) ;
#5730 = EDGE_CURVE ( 'NONE', #4652, #4702, #6009, .T. ) ;
#5731 = CARTESIAN_POINT ( 'NONE',  ( 2.747634456180670703, 24.07618934483372897, 0.9995867358426554494 ) ) ;
#5732 = FILL_AREA_STYLE_COLOUR ( '', #3224 ) ;
#5733 = CARTESIAN_POINT ( 'NONE',  ( 0.5769522785847144286, 17.50000000000000000, -2.830911555543519142 ) ) ;
#5734 = DIRECTION ( 'NONE',  ( -0.000000000000000000, -1.000000000000000000, -0.000000000000000000 ) ) ;
#5735 = EDGE_CURVE ( 'NONE', #2738, #6037, #2320, .T. ) ;
#5736 = AXIS2_PLACEMENT_3D ( 'NONE', #3022, #4427, #153 ) ;
#5737 = ORIENTED_EDGE ( 'NONE', *, *, #4679, .T. ) ;
#5738 = PRODUCT_DEFINITION_SHAPE ( 'NONE', 'NONE',  #3955 ) ;
#5739 = DIRECTION ( 'NONE',  ( 0.000000000000000000, 0.000000000000000000, 1.000000000000000000 ) ) ;
#5740 = ORIENTED_EDGE ( 'NONE', *, *, #2801, .T. ) ;
#5741 = CARTESIAN_POINT ( 'NONE',  ( -1.690878987330724170, 24.44525494324655313, 1.915111107797552448 ) ) ;
#5742 = CARTESIAN_POINT ( 'NONE',  ( 7.252454330213567779, -5.000000000000000000, -3.004064944066035636 ) ) ;
#5743 = ADVANCED_FACE ( 'NONE', ( #1318 ), #4701, .T. ) ;
#5744 = PRESENTATION_STYLE_ASSIGNMENT (( #5373 ) ) ;
#5745 = VERTEX_POINT ( 'NONE', #2383 ) ;
#5746 = CARTESIAN_POINT ( 'NONE',  ( 0.4905322160190780933, 24.07731203357811012, -2.881240199214610165 ) ) ;
#5747 = APPLICATION_CONTEXT ( 'automotive_design' ) ;
#5748 = ORIENTED_EDGE ( 'NONE', *, *, #564, .T. ) ;
#5749 = ORIENTED_EDGE ( 'NONE', *, *, #4352, .F. ) ;
#5750 = EDGE_CURVE ( 'NONE', #6016, #839, #825, .T. ) ;
#5751 = DIRECTION ( 'NONE',  ( -0.9848077530122076872, 0.000000000000000000, 0.1736481776669324406 ) ) ;
#5752 =( GEOMETRIC_REPRESENTATION_CONTEXT ( 3 ) GLOBAL_UNCERTAINTY_ASSIGNED_CONTEXT ( ( #4567 ) ) GLOBAL_UNIT_ASSIGNED_CONTEXT ( ( #5142, #2430, #2903 ) ) REPRESENTATION_CONTEXT ( 'NONE', 'WORKASPACE' ) );
#5753 =( LENGTH_UNIT ( ) NAMED_UNIT ( * ) SI_UNIT ( .MILLI., .METRE. ) );
#5754 = CARTESIAN_POINT ( 'NONE',  ( -2.179634321644492889, 24.44525494324457782, -1.332635182233149251 ) ) ;
#5755 = CARTESIAN_POINT ( 'NONE',  ( 2.769771727034632480, 24.22653848302750745, 0.1758855653999724100 ) ) ;
#5756 = VERTEX_POINT ( 'NONE', #1434 ) ;
#5757 = VERTEX_POINT ( 'NONE', #4213 ) ;
#5758 =( LENGTH_UNIT ( ) NAMED_UNIT ( * ) SI_UNIT ( .MILLI., .METRE. ) );
#5759 = DIRECTION ( 'NONE',  ( 0.000000000000000000, 1.000000000000000000, 0.000000000000000000 ) ) ;
#5760 = CARTESIAN_POINT ( 'NONE',  ( 2.542577648851220840, 24.22653848144802780, 1.112596090247307767 ) ) ;
#5761 = VERTEX_POINT ( 'NONE', #4184 ) ;
#5762 = SURFACE_SIDE_STYLE ('',( #2874 ) ) ;
#5763 = ORIENTED_EDGE ( 'NONE', *, *, #1063, .T. ) ;
#5764 = CARTESIAN_POINT ( 'NONE',  ( -2.740493314934098201, 24.07731203357827710, 1.015806739160253214 ) ) ;
#5765 = CARTESIAN_POINT ( 'NONE',  ( 1.001672196263631125E-14, -4.599999999999999645, 4.149062087444351814E-15 ) ) ;
#5766 = PLANE ( 'NONE',  #5903 ) ;
#5767 =( GEOMETRIC_REPRESENTATION_CONTEXT ( 3 ) GLOBAL_UNCERTAINTY_ASSIGNED_CONTEXT ( ( #82 ) ) GLOBAL_UNIT_ASSIGNED_CONTEXT ( ( #5758, #1477, #438 ) ) REPRESENTATION_CONTEXT ( 'NONE', 'WORKASPACE' ) );
#5768 = ORIENTED_EDGE ( 'NONE', *, *, #117, .F. ) ;
#5769 = CARTESIAN_POINT ( 'NONE',  ( 2.523917030547047524, 24.44731221181113412, 0.3821821505461315827 ) ) ;
#5770 = AXIS2_PLACEMENT_3D ( 'NONE', #6100, #6136, #1939 ) ;
#5771 = ORIENTED_EDGE ( 'NONE', *, *, #971, .F. ) ;
#5772 = CARTESIAN_POINT ( 'NONE',  ( -6.822217097514189810, -5.000000000000000000, -3.258811727360924948 ) ) ;
#5773 = PRESENTATION_STYLE_ASSIGNMENT (( #3525 ) ) ;
#5774 = CARTESIAN_POINT ( 'NONE',  ( -7.089959504884855157, -5.000000000000000000, -3.369714263716276026 ) ) ;
#5775 = EDGE_CURVE ( 'NONE', #3700, #1851, #1469, .T. ) ;
#5776 = FILL_AREA_STYLE_COLOUR ( '', #2437 ) ;
#5777 = CARTESIAN_POINT ( 'NONE',  ( 2.519708101351970875, -5.000000000000000000, 7.128363843406233080 ) ) ;
#5778 = ORIENTED_EDGE ( 'NONE', *, *, #1395, .T. ) ;
#5779 = EDGE_LOOP ( 'NONE', ( #4518, #504, #3385, #34 ) ) ;
#5780 = CARTESIAN_POINT ( 'NONE',  ( -1.592398212032809068, 24.44525494324453874, -1.997746290030631311 ) ) ;
#5781 = CARTESIAN_POINT ( 'NONE',  ( 1.487762726001821800, 24.08122916413018899, 2.511144340085404103 ) ) ;
#5782 = LINE ( 'NONE', #4973, #1549 ) ;
#5783 = CARTESIAN_POINT ( 'NONE',  ( 7.396106250776888658, -4.599999999999999645, -2.630610637707348598 ) ) ;
#5784 = CARTESIAN_POINT ( 'NONE',  ( 2.243913082613322896, 24.44525494324427228, -1.221301102388173021 ) ) ;
#5785 = EDGE_LOOP ( 'NONE', ( #3926, #3298, #5860, #4983 ) ) ;
#5786 = EDGE_CURVE ( 'NONE', #2212, #5972, #4223, .T. ) ;
#5787 = STYLED_ITEM ( 'NONE', ( #15 ), #3864 ) ;
#5788 = PLANE ( 'NONE',  #5971 ) ;
#5789 = CARTESIAN_POINT ( 'NONE',  ( 0.000000000000000000, 17.50000000000000000, 0.000000000000000000 ) ) ;
#5790 = ADVANCED_FACE ( 'NONE', ( #5169 ), #6108, .F. ) ;
#5791 = DIRECTION ( 'NONE',  ( -0.9238795325112875156, 0.000000000000000000, -0.3826834323650879499 ) ) ;
#5792 = ORIENTED_EDGE ( 'NONE', *, *, #4795, .F. ) ;
#5793 = DIRECTION ( 'NONE',  ( 0.4999999999999981681, 0.000000000000000000, -0.8660254037844395958 ) ) ;
#5794 = ORIENTED_EDGE ( 'NONE', *, *, #2727, .F. ) ;
#5795 = AXIS2_PLACEMENT_3D ( 'NONE', #2507, #4446, #5837 ) ;
#5796 = CARTESIAN_POINT ( 'NONE',  ( 2.753060505435884320, 24.07928144543818050, 0.9753228841623672318 ) ) ;
#5797 = FACE_OUTER_BOUND ( 'NONE', #4861, .T. ) ;
#5798 = CARTESIAN_POINT ( 'NONE',  ( 2.163165183675680225, 24.11089388096015185, 1.915111107797323076 ) ) ;
#5799 = CARTESIAN_POINT ( 'NONE',  ( 3.258811727360997779, -4.599999999999999645, 6.822217097514156059 ) ) ;
#5800 = ORIENTED_EDGE ( 'NONE', *, *, #5475, .F. ) ;
#5801 = DIRECTION ( 'NONE',  ( 0.000000000000000000, 1.000000000000000000, 0.000000000000000000 ) ) ;
#5802 = CIRCLE ( 'NONE', #3231, 4.599999999999999645 ) ;
#5803 = CIRCLE ( 'NONE', #3943, 4.250000000000000000 ) ;
#5804 = ORIENTED_EDGE ( 'NONE', *, *, #5528, .T. ) ;
#5805 = CARTESIAN_POINT ( 'NONE',  ( -0.5769522785843892443, 17.50000000000000000, 2.830911555543544011 ) ) ;
#5806 = DIRECTION ( 'NONE',  ( -0.9238795325112890700, 0.000000000000000000, -0.3826834323650841196 ) ) ;
#5807 = CARTESIAN_POINT ( 'NONE',  ( 1.415460574290130058, 24.08748573298182905, -2.545429377966443862 ) ) ;
#5808 = CYLINDRICAL_SURFACE ( 'NONE', #2021, 0.1000000000000000472 ) ;
#5809 = AXIS2_PLACEMENT_3D ( 'NONE', #553, #2002, #4430 ) ;
#5810 = ORIENTED_EDGE ( 'NONE', *, *, #4234, .T. ) ;
#5811 = EDGE_CURVE ( 'NONE', #2221, #5745, #2803, .T. ) ;
#5812 =( GEOMETRIC_REPRESENTATION_CONTEXT ( 3 ) GLOBAL_UNCERTAINTY_ASSIGNED_CONTEXT ( ( #1990 ) ) GLOBAL_UNIT_ASSIGNED_CONTEXT ( ( #1353, #5163, #434 ) ) REPRESENTATION_CONTEXT ( 'NONE', 'WORKASPACE' ) );
#5813 = CARTESIAN_POINT ( 'NONE',  ( -1.564452329447388435, 24.33873950472257164, -2.156235265870497297 ) ) ;
#5814 = CARTESIAN_POINT ( 'NONE',  ( -7.396106250776925073, -4.599999999999999645, -2.630610637707245125 ) ) ;
#5815 = APPLICATION_PROTOCOL_DEFINITION ( 'draft international standard', 'automotive_design', 1998, #999 ) ;
#5816 = DIRECTION ( 'NONE',  ( 0.9396926207859077618, 0.000000000000000000, -0.3420201433256704893 ) ) ;
#5817 = AXIS2_PLACEMENT_3D ( 'NONE', #4111, #4138, #4563 ) ;
#5818 = EDGE_CURVE ( 'NONE', #956, #3202, #83, .T. ) ;
#5819 = DIRECTION ( 'NONE',  ( -0.000000000000000000, 1.000000000000000000, -0.000000000000000000 ) ) ;
#5820 = ORIENTED_EDGE ( 'NONE', *, *, #5656, .T. ) ;
#5821 = VECTOR ( 'NONE', #4012, 1000.000000000000000 ) ;
#5822 = STYLED_ITEM ( 'NONE', ( #3788 ), #4586 ) ;
#5823 = CARTESIAN_POINT ( 'NONE',  ( 2.254787108837954523, 24.08011071800920533, -1.855178835827663075 ) ) ;
#5824 = CARTESIAN_POINT ( 'NONE',  ( 0.5769522785847144286, 17.50000000000000000, -2.830911555543519142 ) ) ;
#5825 = VERTEX_POINT ( 'NONE', #5609 ) ;
#5826 =( GEOMETRIC_REPRESENTATION_CONTEXT ( 3 ) GLOBAL_UNCERTAINTY_ASSIGNED_CONTEXT ( ( #4881 ) ) GLOBAL_UNIT_ASSIGNED_CONTEXT ( ( #3112, #3556, #1158 ) ) REPRESENTATION_CONTEXT ( 'NONE', 'WORKASPACE' ) );
#5827 = ORIENTED_EDGE ( 'NONE', *, *, #1305, .F. ) ;
#5828 = CARTESIAN_POINT ( 'NONE',  ( -2.753144936826956712, 24.08637983427291829, 0.9536403881179023045 ) ) ;
#5829 =( GEOMETRIC_REPRESENTATION_CONTEXT ( 3 ) GLOBAL_UNCERTAINTY_ASSIGNED_CONTEXT ( ( #3466 ) ) GLOBAL_UNIT_ASSIGNED_CONTEXT ( ( #4271, #1900, #4239 ) ) REPRESENTATION_CONTEXT ( 'NONE', 'WORKASPACE' ) );
#5830 = VECTOR ( 'NONE', #328, 1000.000000000000000 ) ;
#5831 = EDGE_CURVE ( 'NONE', #1525, #2418, #318, .T. ) ;
#5832 = CARTESIAN_POINT ( 'NONE',  ( 1.510386574701263029, 17.50000000000000000, 2.462857397828112749 ) ) ;
#5833 = FILL_AREA_STYLE ('',( #2474 ) ) ;
#5834 = DIRECTION ( 'NONE',  ( 0.000000000000000000, 0.000000000000000000, 1.000000000000000000 ) ) ;
#5835 = CARTESIAN_POINT ( 'NONE',  ( -2.889259914356435921, -4.599999999999999645, -6.975290470460215886 ) ) ;
#5836 = ORIENTED_EDGE ( 'NONE', *, *, #1489, .F. ) ;
#5837 = DIRECTION ( 'NONE',  ( 0.3826834323650889491, 0.000000000000000000, 0.9238795325112870716 ) ) ;
#5838 = PRESENTATION_LAYER_ASSIGNMENT (  '', '', ( #4171 ) ) ;
#5839 = CARTESIAN_POINT ( 'NONE',  ( 1.537207230872424724, 24.22653848112891239, -2.310749898093073185 ) ) ;
#5840 = CARTESIAN_POINT ( 'NONE',  ( 1.477821736273986497, 24.07755045136806515, -2.521276632679373630 ) ) ;
#5841 = CARTESIAN_POINT ( 'NONE',  ( 0.9309790640276939255, 24.44731221181124425, 2.376867340770840276 ) ) ;
#5842 = LINE ( 'NONE', #1072, #1225 ) ;
#5843 = AXIS2_PLACEMENT_3D ( 'NONE', #1597, #4958, #3540 ) ;
#5844 = ORIENTED_EDGE ( 'NONE', *, *, #848, .F. ) ;
#5845 = B_SPLINE_CURVE_WITH_KNOTS ( 'NONE', 3,
 ( #4463, #2972, #3000, #2498 ),
 .UNSPECIFIED., .F., .F.,
 ( 4, 4 ),
 ( 0.0001497654562690926849, 0.0007284286299740391204 ),
 .UNSPECIFIED. ) ;
#5846 = LINE ( 'NONE', #2575, #2392 ) ;
#5847 = PLANE ( 'NONE',  #1261 ) ;
#5848 = DIRECTION ( 'NONE',  ( 1.000000000000000000, 0.000000000000000000, 0.000000000000000000 ) ) ;
#5849 = CYLINDRICAL_SURFACE ( 'NONE', #1748, 0.1000000000000000472 ) ;
#5850 = ORIENTED_EDGE ( 'NONE', *, *, #578, .F. ) ;
#5851 = DIRECTION ( 'NONE',  ( 0.9238795325112837409, -0.000000000000000000, -0.3826834323650969982 ) ) ;
#5852 = ORIENTED_EDGE ( 'NONE', *, *, #517, .T. ) ;
#5853 = VECTOR ( 'NONE', #5043, 1000.000000000000000 ) ;
#5854 = COLOUR_RGB ( '',0.7764705882352941346, 0.7568627450980391913, 0.7372549019607843590 ) ;
#5855 = EDGE_CURVE ( 'NONE', #880, #1998, #439, .T. ) ;
#5856 = CARTESIAN_POINT ( 'NONE',  ( 2.490897780270573847, 24.46899646116462179, -0.4487840926774324113 ) ) ;
#5857 = CARTESIAN_POINT ( 'NONE',  ( 2.906446369887127013, -5.000000000000000000, 7.292889267578001267 ) ) ;
#5858 = CARTESIAN_POINT ( 'NONE',  ( 0.9338999314605810342, 24.44525494324863502, 2.377930449574466643 ) ) ;
#5859 = EDGE_CURVE ( 'NONE', #4581, #4431, #5544, .T. ) ;
#5860 = ORIENTED_EDGE ( 'NONE', *, *, #1506, .F. ) ;
#5861 = CARTESIAN_POINT ( 'NONE',  ( 1.000000000000000000, 9.500000000000001776, -6.850000000000000533 ) ) ;
#5862 = EDGE_LOOP ( 'NONE', ( #2485, #2520, #1889, #4005 ) ) ;
#5863 = PRODUCT_DEFINITION_FORMATION_WITH_SPECIFIED_SOURCE ( 'ANY', '', #5294, .NOT_KNOWN. ) ;
#5864 = CARTESIAN_POINT ( 'NONE',  ( 0.4792384459712881739, 24.08011071800931191, 2.880292334293015344 ) ) ;
#5865 = CARTESIAN_POINT ( 'NONE',  ( 2.218534173223992934, 24.08011071800920888, 1.898383402087691518 ) ) ;
#5866 = CARTESIAN_POINT ( 'NONE',  ( 0.4260709772379392413, 17.50000000000000000, 2.857515999855389843 ) ) ;
#5867 = UNCERTAINTY_MEASURE_WITH_UNIT (LENGTH_MEASURE( 1.000000000000000082E-05 ), #4680, 'distance_accuracy_value', 'NONE');
#5868 = ADVANCED_BREP_SHAPE_REPRESENTATION ( '', ( #4985, #1169 ), #680 ) ;
#5869 = ADVANCED_FACE ( 'NONE', ( #798, #828 ), #5516, .F. ) ;
#5870 = DIRECTION ( 'NONE',  ( -0.000000000000000000, 1.000000000000000000, -0.000000000000000000 ) ) ;
#5871 = CARTESIAN_POINT ( 'NONE',  ( 1.592398212034015437, 24.44525494324859238, -1.997746290024484006 ) ) ;
#5872 = MECHANICAL_DESIGN_GEOMETRIC_PRESENTATION_REPRESENTATION (  '', ( #5176 ), #2496 ) ;
#5873 = CARTESIAN_POINT ( 'NONE',  ( 0.04948915278195953338, 24.45632721815571387, 2.543201305175013971 ) ) ;
#5874 = EDGE_CURVE ( 'NONE', #1363, #2913, #2073, .T. ) ;
#5875 =( LENGTH_UNIT ( ) NAMED_UNIT ( * ) SI_UNIT ( .MILLI., .METRE. ) );
#5876 = CARTESIAN_POINT ( 'NONE',  ( -2.170383058580168001, 24.10565824199074569, 1.914850279051764526 ) ) ;
#5877 = CARTESIAN_POINT ( 'NONE',  ( 3.369714263716351077, -4.599999999999999645, 7.089959504884819630 ) ) ;
#5878 = CARTESIAN_POINT ( 'NONE',  ( 1.408632929700270431, 24.09078937327020853, 2.545439007330873693 ) ) ;
#5879 = DIRECTION ( 'NONE',  ( 0.000000000000000000, 0.000000000000000000, 1.000000000000000000 ) ) ;
#5880 = CARTESIAN_POINT ( 'NONE',  ( -2.490272939535679964, 24.46823170470900521, 0.4565651521045725469 ) ) ;
#5881 = DIRECTION ( 'NONE',  ( -0.3826834323650904479, -0.000000000000000000, 0.9238795325112865164 ) ) ;
#5882 = VERTEX_POINT ( 'NONE', #2740 ) ;
#5883 = LINE ( 'NONE', #2462, #1029 ) ;
#5884 = VERTEX_POINT ( 'NONE', #4589 ) ;
#5885 = DIRECTION ( 'NONE',  ( -0.000000000000000000, -1.000000000000000000, -0.000000000000000000 ) ) ;
#5886 = CARTESIAN_POINT ( 'NONE',  ( -2.519708101351921581, -0.000000000000000000, -7.128363843406253508 ) ) ;
#5887 = ORIENTED_EDGE ( 'NONE', *, *, #2631, .F. ) ;
#5888 = CARTESIAN_POINT ( 'NONE',  ( 1.377703785067475595, 17.50000000000000000, 2.539461842140010361 ) ) ;
#5889 = ORIENTED_EDGE ( 'NONE', *, *, #2438, .F. ) ;
#5890 = COLOUR_RGB ( '',0.6470588235294117974, 0.6196078431372549211, 0.5882352941176470784 ) ;
#5891 = EDGE_CURVE ( 'NONE', #5613, #2079, #3723, .T. ) ;
#5892 = CARTESIAN_POINT ( 'NONE',  ( -2.253450568904101114, 24.07928144543805615, -1.858105865785962596 ) ) ;
#5893 = VECTOR ( 'NONE', #42, 1000.000000000000227 ) ;
#5894 = CARTESIAN_POINT ( 'NONE',  ( 3.464101615137756163, 2.500000000000000000, -6.000000000000002665 ) ) ;
#5895 = SURFACE_SIDE_STYLE ('',( #1519 ) ) ;
#5896 = ORIENTED_EDGE ( 'NONE', *, *, #1627, .T. ) ;
#5897 = CARTESIAN_POINT ( 'NONE',  ( -2.219263727438551381, 24.46082274070674245, -1.233844805586169491 ) ) ;
#5898 = EDGE_CURVE ( 'NONE', #4170, #2552, #2272, .T. ) ;
#5899 = PLANE ( 'NONE',  #3043 ) ;
#5900 = CARTESIAN_POINT ( 'NONE',  ( -3.817137120448939226E-15, -4.599999999999999645, -9.215384205625351637E-15 ) ) ;
#5901 = DIRECTION ( 'NONE',  ( 0.000000000000000000, 0.000000000000000000, 1.000000000000000000 ) ) ;
#5902 = CARTESIAN_POINT ( 'NONE',  ( -2.163165183674978564, 17.50000000000000000, 1.815111107797550805 ) ) ;
#5903 = AXIS2_PLACEMENT_3D ( 'NONE', #2945, #5427, #3901 ) ;
#5904 = CARTESIAN_POINT ( 'NONE',  ( 2.243913082613322896, 24.44525494324427228, -1.221301102388173021 ) ) ;
#5905 = AXIS2_PLACEMENT_3D ( 'NONE', #3934, #2118, #5398 ) ;
#5906 = CARTESIAN_POINT ( 'NONE',  ( -2.163165183674978564, 17.50000000000000000, 1.815111107797550805 ) ) ;
#5907 = DIRECTION ( 'NONE',  ( 0.9238795325112821866, 0.000000000000000000, -0.3826834323651010505 ) ) ;
#5908 = CARTESIAN_POINT ( 'NONE',  ( 1.592398212032891225, 17.50000000000000000, -1.997746290030859129 ) ) ;
#5909 = VERTEX_POINT ( 'NONE', #345 ) ;
#5910 = DIRECTION ( 'NONE',  ( 0.3826834323650941116, 0.000000000000000000, 0.9238795325112849621 ) ) ;
#5911 = VERTEX_POINT ( 'NONE', #2238 ) ;
#5912 = AXIS2_PLACEMENT_3D ( 'NONE', #3566, #2227, #3688 ) ;
#5913 = FILL_AREA_STYLE_COLOUR ( '', #2385 ) ;
#5914 = VECTOR ( 'NONE', #5452, 1000.000000000000000 ) ;
#5915 = LINE ( 'NONE', #2107, #187 ) ;
#5916 = DIRECTION ( 'NONE',  ( -0.000000000000000000, 1.000000000000000000, 0.000000000000000000 ) ) ;
#5917 = STYLED_ITEM ( 'NONE', ( #5744 ), #4946 ) ;
#5918 = CARTESIAN_POINT ( 'NONE',  ( -0.8576302609339813143, 24.46948457643210872, -2.380766937247403625 ) ) ;
#5919 = ORIENTED_EDGE ( 'NONE', *, *, #5485, .F. ) ;
#5920 = PRESENTATION_LAYER_ASSIGNMENT (  '', '', ( #5423 ) ) ;
#5921 = ORIENTED_EDGE ( 'NONE', *, *, #490, .T. ) ;
#5922 = PRESENTATION_LAYER_ASSIGNMENT (  '', '', ( #3048 ) ) ;
#5923 = CARTESIAN_POINT ( 'NONE',  ( -2.256901602210707569, 24.08122916412985148, -1.850858985326554906 ) ) ;
#5924 = CARTESIAN_POINT ( 'NONE',  ( 0.4260709772379391302, 17.50000000000000000, 2.857515999855389843 ) ) ;
#5925 = CARTESIAN_POINT ( 'NONE',  ( 2.263246495909194245, 24.09245612541760195, 1.825272995911536356 ) ) ;
#5926 = ADVANCED_FACE ( 'NONE', ( #5637 ), #4110, .F. ) ;
#5927 = DIRECTION ( 'NONE',  ( -0.000000000000000000, -1.000000000000000000, -0.000000000000000000 ) ) ;
#5928 = CIRCLE ( 'NONE', #2034, 7.000000000000000000 ) ;
#5929 = PLANE ( 'NONE',  #49 ) ;
#5930 = PLANE ( 'NONE',  #4422 ) ;
#5931 = EDGE_CURVE ( 'NONE', #5215, #792, #6, .T. ) ;
#5932 = CARTESIAN_POINT ( 'NONE',  ( -2.722019605536245113, 24.08637983427291829, -1.039156533012169703 ) ) ;
#5933 = CARTESIAN_POINT ( 'NONE',  ( -2.769771727034279429, 24.22653848302785562, -0.1758855653999704116 ) ) ;
#5934 = CARTESIAN_POINT ( 'NONE',  ( -1.379940519816671873, 24.10911168744634381, 2.540275947011026769 ) ) ;
#5935 =( GEOMETRIC_REPRESENTATION_CONTEXT ( 3 ) GLOBAL_UNCERTAINTY_ASSIGNED_CONTEXT ( ( #5430 ) ) GLOBAL_UNIT_ASSIGNED_CONTEXT ( ( #4291, #6087, #895 ) ) REPRESENTATION_CONTEXT ( 'NONE', 'WORKASPACE' ) );
#5936 = EDGE_CURVE ( 'NONE', #5673, #4581, #1853, .T. ) ;
#5937 = CARTESIAN_POINT ( 'NONE',  ( -2.740117462259731518, 24.11089388096025843, 0.9158004477462100557 ) ) ;
#5938 = SURFACE_STYLE_USAGE ( .BOTH. , #5501 ) ;
#5939 = LINE ( 'NONE', #3594, #1128 ) ;
#5940 = CARTESIAN_POINT ( 'NONE',  ( 2.889259914356433701, -4.599999999999999645, -6.975290470460214109 ) ) ;
#5941 = VERTEX_POINT ( 'NONE', #4839 ) ;
#5942 = DIRECTION ( 'NONE',  ( 0.000000000000000000, -0.000000000000000000, 1.000000000000000000 ) ) ;
#5943 = ADVANCED_FACE ( 'NONE', ( #2936, #5234 ), #102, .T. ) ;
#5944 = VECTOR ( 'NONE', #5287, 1000.000000000000114 ) ;
#5945 = ORIENTED_EDGE ( 'NONE', *, *, #5874, .T. ) ;
#5946 = EDGE_CURVE ( 'NONE', #2657, #2703, #6098, .T. ) ;
#5947 = CARTESIAN_POINT ( 'NONE',  ( 2.235163893165509563, 24.45117771391951678, 1.224964251196646092 ) ) ;
#5948 = CARTESIAN_POINT ( 'NONE',  ( 2.167953576304905816, 24.10736372361407120, -1.915026094620806196 ) ) ;
#5949 = FILL_AREA_STYLE_COLOUR ( '', #2744 ) ;
#5950 = LINE ( 'NONE', #5484, #3456 ) ;
#5951 = CARTESIAN_POINT ( 'NONE',  ( -0.8358258742141260189, 24.46379134448232762, -2.394535989720213642 ) ) ;
#5952 = ORIENTED_EDGE ( 'NONE', *, *, #1462, .F. ) ;
#5953 = ORIENTED_EDGE ( 'NONE', *, *, #4052, .F. ) ;
#5954 = CARTESIAN_POINT ( 'NONE',  ( -2.263246495908627587, 24.09245612541682746, -1.825272995913467033 ) ) ;
#5955 = FACE_OUTER_BOUND ( 'NONE', #1531, .T. ) ;
#5956 = VECTOR ( 'NONE', #887, 1000.000000000000000 ) ;
#5957 = DIRECTION ( 'NONE',  ( 0.5000000000000024425, -0.000000000000000000, -0.8660254037844372643 ) ) ;
#5958 = ORIENTED_EDGE ( 'NONE', *, *, #1751, .T. ) ;
#5959 = DIRECTION ( 'NONE',  ( -0.000000000000000000, -1.000000000000000000, -0.000000000000000000 ) ) ;
#5960 = CARTESIAN_POINT ( 'NONE',  ( 2.462019382530719724, 17.50000000000000000, 0.4341204441671498437 ) ) ;
#5961 = CARTESIAN_POINT ( 'NONE',  ( 2.503974364086288595, 24.44525494324852488, -0.5067886038524658243 ) ) ;
#5962 = DIRECTION ( 'NONE',  ( -0.4999999999999983902, 0.000000000000000000, 0.8660254037844395958 ) ) ;
#5963 = CARTESIAN_POINT ( 'NONE',  ( -2.542577648850866456, 24.22653848144834754, -1.112596090247308211 ) ) ;
#5964 = SURFACE_SIDE_STYLE ('',( #1191 ) ) ;
#5965 = CARTESIAN_POINT ( 'NONE',  ( -1.394039166998794155, 24.09876993821340818, 2.544374188805452963 ) ) ;
#5966 = EDGE_CURVE ( 'NONE', #5130, #1665, #3793, .T. ) ;
#5967 = CARTESIAN_POINT ( 'NONE',  ( 3.101683716060864793, -5.000000000000000888, 7.212019310911104597 ) ) ;
#5968 = FACE_OUTER_BOUND ( 'NONE', #3355, .T. ) ;
#5969 = LINE ( 'NONE', #2101, #3389 ) ;
#5970 = CARTESIAN_POINT ( 'NONE',  ( 3.546590444804752307E-13, 17.50000000000000000, 2.499999999999991562 ) ) ;
#5971 = AXIS2_PLACEMENT_3D ( 'NONE', #3449, #3950, #2043 ) ;
#5972 = VERTEX_POINT ( 'NONE', #2367 ) ;
#5973 = CARTESIAN_POINT ( 'NONE',  ( 2.179634321644848161, 24.44525494324427584, 1.332635182233147919 ) ) ;
#5974 = CARTESIAN_POINT ( 'NONE',  ( 5.974649405919866517E-15, -4.599999999999999645, -1.442407962619628858E-14 ) ) ;
#5975 = FILL_AREA_STYLE ('',( #4103 ) ) ;
#5976 = DIRECTION ( 'NONE',  ( 0.000000000000000000, 1.000000000000000000, -0.000000000000000000 ) ) ;
#5977 = CARTESIAN_POINT ( 'NONE',  ( -0.8972823311793400869, 24.46402637105422428, -2.371928891189984956 ) ) ;
#5978 = EDGE_CURVE ( 'NONE', #4212, #2079, #6140, .T. ) ;
#5979 = VERTEX_POINT ( 'NONE', #1054 ) ;
#5980 = VERTEX_POINT ( 'NONE', #2970 ) ;
#5981 = EDGE_CURVE ( 'NONE', #4617, #229, #5156, .T. ) ;
#5982 = CARTESIAN_POINT ( 'NONE',  ( -0.9999999999999967804, 9.353047928954270063, -7.786045209218863228 ) ) ;
#5983 = CARTESIAN_POINT ( 'NONE',  ( -2.262059290851879290, 24.10911168744587485, -1.800090411581624084 ) ) ;
#5984 = PLANE ( 'NONE',  #1615 ) ;
#5985 = SURFACE_SIDE_STYLE ('',( #2624 ) ) ;
#5986 = CARTESIAN_POINT ( 'NONE',  ( 2.526298143499312143, 24.50000000000000000, -0.3801841595461690759 ) ) ;
#5987 = UNCERTAINTY_MEASURE_WITH_UNIT (LENGTH_MEASURE( 1.000000000000000082E-05 ), #4721, 'distance_accuracy_value', 'NONE');
#5988 = CARTESIAN_POINT ( 'NONE',  ( -6.975290470460224768, -4.599999999999999645, -2.889259914356410164 ) ) ;
#5989 = CARTESIAN_POINT ( 'NONE',  ( -2.697087030907959093, 24.10342794339705463, -1.056359274263661829 ) ) ;
#5990 = DIRECTION ( 'NONE',  ( 0.000000000000000000, 1.000000000000000000, 0.000000000000000000 ) ) ;
#5991 = CARTESIAN_POINT ( 'NONE',  ( 1.232564497706362783, 24.22653848144633670, -2.486635461718174067 ) ) ;
#5992 = EDGE_LOOP ( 'NONE', ( #10, #1006, #3625, #511 ) ) ;
#5993 = LINE ( 'NONE', #759, #4524 ) ;
#5994 = CARTESIAN_POINT ( 'NONE',  ( -3.258811727360901855, 0.000000000000000000, 6.822217097514201356 ) ) ;
#5995 = VECTOR ( 'NONE', #690, 1000.000000000000000 ) ;
#5996 = CARTESIAN_POINT ( 'NONE',  ( -2.495970661612108898, 24.45632721815588440, 0.4903595734333116019 ) ) ;
#5997 = ORIENTED_EDGE ( 'NONE', *, *, #5406, .T. ) ;
#5998 = FACE_OUTER_BOUND ( 'NONE', #3605, .T. ) ;
#5999 = ADVANCED_FACE ( 'NONE', ( #4741 ), #1387, .T. ) ;
#6000 = ORIENTED_EDGE ( 'NONE', *, *, #478, .T. ) ;
#6001 = B_SPLINE_CURVE_WITH_KNOTS ( 'NONE', 3,
 ( #5068, #998, #2915, #503, #1868, #2375, #4814, #2408, #1488, #3333, #1427, #5213, #452, #4323, #4295, #4755, #2444, #5769, #4785 ),
 .UNSPECIFIED., .F., .F.,
 ( 4, 3, 3, 3, 3, 3, 4 ),
 ( 8.741117365843378158E-19, 3.145909546063527820E-05, 5.768159792251946499E-05, 8.411505865618042091E-05, 0.0001075980665475216526, 0.0001382024233624979206, 0.0001492729888286366106 ),
 .UNSPECIFIED. ) ;
#6002 = CARTESIAN_POINT ( 'NONE',  ( -7.396106250776905533, -4.599999999999999645, 2.630610637707299748 ) ) ;
#6003 = VERTEX_POINT ( 'NONE', #1687 ) ;
#6004 = EDGE_CURVE ( 'NONE', #214, #4609, #874, .T. ) ;
#6005 =( NAMED_UNIT ( * ) SI_UNIT ( $, .STERADIAN. ) SOLID_ANGLE_UNIT ( ) );
#6006 = B_SPLINE_CURVE_WITH_KNOTS ( 'NONE', 3,
 ( #638, #2097, #5813, #5780 ),
 .UNSPECIFIED., .F., .F.,
 ( 4, 4 ),
 ( 0.0001496924492151246956, 0.0007283556224831062680 ),
 .UNSPECIFIED. ) ;
#6007 = CARTESIAN_POINT ( 'NONE',  ( 2.227367322762517698, 24.45629017994061627, -1.228564589401253793 ) ) ;
#6008 = ORIENTED_EDGE ( 'NONE', *, *, #3217, .T. ) ;
#6009 = CIRCLE ( 'NONE', #3341, 0.4000000000000001887 ) ;
#6010 = CARTESIAN_POINT ( 'NONE',  ( 3.464101615137757939, 0.000000000000000000, 6.000000000000004441 ) ) ;
#6011 = FACE_OUTER_BOUND ( 'NONE', #3348, .T. ) ;
#6012 = AXIS2_PLACEMENT_3D ( 'NONE', #4032, #5907, #4124 ) ;
#6013 = EDGE_CURVE ( 'NONE', #5053, #1982, #3288, .T. ) ;
#6014 = CARTESIAN_POINT ( 'NONE',  ( 3.258811727360948929, 0.000000000000000000, -6.822217097514179152 ) ) ;
#6015 = SURFACE_STYLE_USAGE ( .BOTH. , #747 ) ;
#6016 = VERTEX_POINT ( 'NONE', #1141 ) ;
#6017 =( GEOMETRIC_REPRESENTATION_CONTEXT ( 3 ) GLOBAL_UNCERTAINTY_ASSIGNED_CONTEXT ( ( #2057 ) ) GLOBAL_UNIT_ASSIGNED_CONTEXT ( ( #1724, #3197, #228 ) ) REPRESENTATION_CONTEXT ( 'NONE', 'WORKASPACE' ) );
#6018 = FACE_OUTER_BOUND ( 'NONE', #3185, .T. ) ;
#6019 = VECTOR ( 'NONE', #3354, 1000.000000000000227 ) ;
#6020 = EDGE_LOOP ( 'NONE', ( #4344, #4794, #3664, #2810 ) ) ;
#6021 = ADVANCED_FACE ( 'NONE', ( #5387 ), #4462, .T. ) ;
#6022 = DIRECTION ( 'NONE',  ( -0.000000000000000000, -1.000000000000000000, -0.000000000000000000 ) ) ;
#6023 = DIRECTION ( 'NONE',  ( -0.9238795325112825196, -0.000000000000000000, 0.3826834323651001069 ) ) ;
#6024 = DIRECTION ( 'NONE',  ( 0.9238795325112885148, -0.000000000000000000, 0.3826834323650853964 ) ) ;
#6025 = PLANE ( 'NONE',  #1632 ) ;
#6026 = ORIENTED_EDGE ( 'NONE', *, *, #5024, .T. ) ;
#6027 = CYLINDRICAL_SURFACE ( 'NONE', #3439, 0.09999999999999982514 ) ;
#6028 = AXIS2_PLACEMENT_3D ( 'NONE', #4884, #2510, #3015 ) ;
#6029 = ORIENTED_EDGE ( 'NONE', *, *, #3013, .F. ) ;
#6030 = CYLINDRICAL_SURFACE ( 'NONE', #900, 0.4000000000000000222 ) ;
#6031 = FACE_OUTER_BOUND ( 'NONE', #330, .T. ) ;
#6032 = VECTOR ( 'NONE', #1069, 1000.000000000000000 ) ;
#6033 = COLOUR_RGB ( '',0.6470588235294117974, 0.6196078431372549211, 0.5882352941176470784 ) ;
#6034 = CARTESIAN_POINT ( 'NONE',  ( -2.165063509460822377, 17.50000000000000000, 1.250000000000150324 ) ) ;
#6035 = ORIENTED_EDGE ( 'NONE', *, *, #2545, .F. ) ;
#6036 = DIRECTION ( 'NONE',  ( 0.000000000000000000, -1.000000000000000000, -0.000000000000000000 ) ) ;
#6037 = VERTEX_POINT ( 'NONE', #2007 ) ;
#6038 = CARTESIAN_POINT ( 'NONE',  ( -7.396106250776906421, -4.705661800954699991, 2.630610637707300192 ) ) ;
#6039 = CARTESIAN_POINT ( 'NONE',  ( 0.000000000000000000, 0.5000000000000000000, 7.000000000000000000 ) ) ;
#6040 = CLOSED_SHELL ( 'NONE', ( #1646, #966, #4565, #1456, #3570, #1757, #611 ) ) ;
#6041 = CARTESIAN_POINT ( 'NONE',  ( 2.261645958976832294, 24.11089388095956565, 1.797746290031116301 ) ) ;
#6042 = CARTESIAN_POINT ( 'NONE',  ( 2.219541546136198029, 24.46038112602388281, -1.234220138399562572 ) ) ;
#6043 = ORIENTED_EDGE ( 'NONE', *, *, #5468, .F. ) ;
#6044 = EDGE_LOOP ( 'NONE', ( #5749, #3727, #1762, #2785 ) ) ;
#6045 = EDGE_CURVE ( 'NONE', #5121, #4431, #160, .T. ) ;
#6046 = PRESENTATION_STYLE_ASSIGNMENT (( #4137 ) ) ;
#6047 = DIRECTION ( 'NONE',  ( 0.9238795325112838519, 0.000000000000000000, -0.3826834323650967762 ) ) ;
#6048 = CARTESIAN_POINT ( 'NONE',  ( 7.396106250776943725, -5.000000000000000000, 2.630610637707194499 ) ) ;
#6049 = SURFACE_STYLE_USAGE ( .BOTH. , #5985 ) ;
#6050 = ORIENTED_EDGE ( 'NONE', *, *, #902, .F. ) ;
#6051 = CARTESIAN_POINT ( 'NONE',  ( 3.004064944065961473, -5.000000000000000000, -7.252454330213600642 ) ) ;
#6052 = AXIS2_PLACEMENT_3D ( 'NONE', #293, #5959, #2187 ) ;
#6053 = LINE ( 'NONE', #1790, #558 ) ;
#6054 = DIRECTION ( 'NONE',  ( 0.000000000000000000, -1.000000000000000000, 0.000000000000000000 ) ) ;
#6055 = CARTESIAN_POINT ( 'NONE',  ( -0.8550503583138250319, 17.50000000000000000, 2.349231551964823694 ) ) ;
#6056 = SURFACE_STYLE_FILL_AREA ( #5120 ) ;
#6057 = EDGE_CURVE ( 'NONE', #2853, #4636, #3992, .T. ) ;
#6058 = ORIENTED_EDGE ( 'NONE', *, *, #298, .T. ) ;
#6059 = CARTESIAN_POINT ( 'NONE',  ( 2.630610637707323729, -4.599999999999999645, 7.396106250776897539 ) ) ;
#6060 = EDGE_CURVE ( 'NONE', #5325, #740, #5915, .T. ) ;
#6061 = ORIENTED_EDGE ( 'NONE', *, *, #5443, .F. ) ;
#6062 = CARTESIAN_POINT ( 'NONE',  ( -1.614185324392651832, 24.46823170470874587, 1.950465787963646447 ) ) ;
#6063 = EDGE_CURVE ( 'NONE', #2913, #3194, #3519, .T. ) ;
#6064 = FILL_AREA_STYLE_COLOUR ( '', #5890 ) ;
#6065 = CARTESIAN_POINT ( 'NONE',  ( 3.004064944066012988, -5.000000000000000000, 7.252454330213579325 ) ) ;
#6066 = CARTESIAN_POINT ( 'NONE',  ( 2.243913082613502308, 17.50000000000000000, 1.221301102387864601 ) ) ;
#6067 = ORIENTED_EDGE ( 'NONE', *, *, #536, .T. ) ;
#6068 = CARTESIAN_POINT ( 'NONE',  ( 0.5653553150119209336, 24.09647142437288991, -2.847971586204907091 ) ) ;
#6069 = ORIENTED_EDGE ( 'NONE', *, *, #4287, .F. ) ;
#6070 = DIRECTION ( 'NONE',  ( 0.000000000000000000, 0.000000000000000000, 1.000000000000000000 ) ) ;
#6071 = VERTEX_POINT ( 'NONE', #284 ) ;
#6072 = DIRECTION ( 'NONE',  ( 0.000000000000000000, -1.000000000000000000, 0.000000000000000000 ) ) ;
#6073 = STYLED_ITEM ( 'NONE', ( #3923 ), #2981 ) ;
#6074 = CARTESIAN_POINT ( 'NONE',  ( -0.6137615683446198123, 24.16830474398342332, -2.767155995488757014 ) ) ;
#6075 = VERTEX_POINT ( 'NONE', #1540 ) ;
#6076 = AXIS2_PLACEMENT_3D ( 'NONE', #4278, #911, #3282 ) ;
#6077 = CARTESIAN_POINT ( 'NONE',  ( 0.000000000000000000, 9.300000000000000711, 0.000000000000000000 ) ) ;
#6078 = CARTESIAN_POINT ( 'NONE',  ( -2.630610637707272659, -5.000000000000000000, -7.396106250776917967 ) ) ;
#6079 = DIRECTION ( 'NONE',  ( 0.3826834323650817882, 0.000000000000000000, -0.9238795325112900692 ) ) ;
#6080 = CARTESIAN_POINT ( 'NONE',  ( 6.928203230275514102, 2.500000000000000000, -3.543546446612491656E-15 ) ) ;
#6081 = FACE_OUTER_BOUND ( 'NONE', #1058, .T. ) ;
#6082 = ORIENTED_EDGE ( 'NONE', *, *, #784, .F. ) ;
#6083 = SURFACE_STYLE_FILL_AREA ( #1756 ) ;
#6084 = EDGE_CURVE ( 'NONE', #1476, #5668, #2613, .T. ) ;
#6085 = DIRECTION ( 'NONE',  ( 0.9238795325112878487, 0.000000000000000000, 0.3826834323650872838 ) ) ;
#6086 = PLANE ( 'NONE',  #5096 ) ;
#6087 =( NAMED_UNIT ( * ) PLANE_ANGLE_UNIT ( ) SI_UNIT ( $, .RADIAN. ) );
#6088 = DIRECTION ( 'NONE',  ( 0.000000000000000000, 0.000000000000000000, 1.000000000000000000 ) ) ;
#6089 = EDGE_CURVE ( 'NONE', #5124, #3481, #4990, .T. ) ;
#6090 = ORIENTED_EDGE ( 'NONE', *, *, #4345, .F. ) ;
#6091 = B_SPLINE_CURVE_WITH_KNOTS ( 'NONE', 3,
 ( #432, #2324, #1381, #4947 ),
 .UNSPECIFIED., .F., .F.,
 ( 4, 4 ),
 ( 0.0001496924492151213617, 0.0007283556224830877281 ),
 .UNSPECIFIED. ) ;
#6092 = CARTESIAN_POINT ( 'NONE',  ( 2.243913082613502308, 17.50000000000000000, 1.221301102387864823 ) ) ;
#6093 = DIRECTION ( 'NONE',  ( 0.000000000000000000, 0.000000000000000000, -1.000000000000000000 ) ) ;
#6094 = CARTESIAN_POINT ( 'NONE',  ( 0.000000000000000000, 16.00000000000000000, 0.000000000000000000 ) ) ;
#6095 = DIRECTION ( 'NONE',  ( -0.000000000000000000, 1.000000000000000000, 0.000000000000000000 ) ) ;
#6096 = ORIENTED_EDGE ( 'NONE', *, *, #3782, .T. ) ;
#6097 = ORIENTED_EDGE ( 'NONE', *, *, #4192, .T. ) ;
#6098 = B_SPLINE_CURVE_WITH_KNOTS ( 'NONE', 3,
 ( #2869, #916, #5692, #557, #1479, #3386, #5722, #3416, #492, #4346, #1914, #1948, #4313, #1019, #3893, #5263, #4284, #3924, #2466, #2396, #1447, #986 ),
 .UNSPECIFIED., .F., .F.,
 ( 4, 3, 3, 3, 3, 3, 3, 4 ),
 ( 1.067815302520814551E-18, 3.737017153940784412E-05, 6.632414775228441712E-05, 9.559872338567597426E-05, 0.0001205902993703353884, 0.0001452370098981003706, 0.0001812528771457923250, 0.0001900682076238032110 ),
 .UNSPECIFIED. ) ;
#6099 = ADVANCED_FACE ( 'NONE', ( #189 ), #3032, .T. ) ;
#6100 = CARTESIAN_POINT ( 'NONE',  ( 3.000000000000001332, 16.00000000000000000, 0.000000000000000000 ) ) ;
#6101 = CARTESIAN_POINT ( 'NONE',  ( 0.000000000000000000, 24.50000000000000000, 2.499999999999992006 ) ) ;
#6102 = SURFACE_SIDE_STYLE ('',( #3344 ) ) ;
#6103 =( NAMED_UNIT ( * ) PLANE_ANGLE_UNIT ( ) SI_UNIT ( $, .RADIAN. ) );
#6104 = AXIS2_PLACEMENT_3D ( 'NONE', #5429, #4415, #230 ) ;
#6105 = VERTEX_POINT ( 'NONE', #1201 ) ;
#6106 = CIRCLE ( 'NONE', #2011, 4.250000000000000888 ) ;
#6107 = DIRECTION ( 'NONE',  ( -0.000000000000000000, -1.000000000000000000, -0.000000000000000000 ) ) ;
#6108 = CYLINDRICAL_SURFACE ( 'NONE', #4381, 0.1000000000000000472 ) ;
#6109 = LINE ( 'NONE', #5200, #5723 ) ;
#6110 = CARTESIAN_POINT ( 'NONE',  ( -1.592398212032809068, 17.50000000000000000, -1.997746290030630867 ) ) ;
#6111 = CARTESIAN_POINT ( 'NONE',  ( -0.06427876096369486425, 24.44525494324870962, -2.553936284617160712 ) ) ;
#6112 = ORIENTED_EDGE ( 'NONE', *, *, #2801, .F. ) ;
#6113 = VECTOR ( 'NONE', #1237, 1000.000000000000000 ) ;
#6114 = ORIENTED_EDGE ( 'NONE', *, *, #5528, .F. ) ;
#6115 = UNCERTAINTY_MEASURE_WITH_UNIT (LENGTH_MEASURE( 1.000000000000000082E-05 ), #5753, 'distance_accuracy_value', 'NONE');
#6116 =( GEOMETRIC_REPRESENTATION_CONTEXT ( 3 ) GLOBAL_UNCERTAINTY_ASSIGNED_CONTEXT ( ( #4937 ) ) GLOBAL_UNIT_ASSIGNED_CONTEXT ( ( #1741, #1316, #4211 ) ) REPRESENTATION_CONTEXT ( 'NONE', 'WORKASPACE' ) );
#6117 = CARTESIAN_POINT ( 'NONE',  ( -0.06427876096829908403, 17.50000000000000000, 2.553936284621320940 ) ) ;
#6118 = CARTESIAN_POINT ( 'NONE',  ( 7.089959504884808084, -4.599999999999999645, -3.369714263716374614 ) ) ;
#6119 = EDGE_CURVE ( 'NONE', #4328, #6105, #647, .T. ) ;
#6120 = EDGE_LOOP ( 'NONE', ( #4835, #6097, #1250, #573 ) ) ;
#6121 = CARTESIAN_POINT ( 'NONE',  ( 2.163165183675680225, 24.11089388096015185, 1.915111107797323076 ) ) ;
#6122 = MECHANICAL_DESIGN_GEOMETRIC_PRESENTATION_REPRESENTATION (  '', ( #2839 ), #3750 ) ;
#6123 = ORIENTED_EDGE ( 'NONE', *, *, #413, .T. ) ;
#6124 = COLOUR_RGB ( '',0.6470588235294117974, 0.6196078431372549211, 0.5882352941176470784 ) ;
#6125 = EDGE_CURVE ( 'NONE', #2982, #1545, #3539, .T. ) ;
#6126 = CARTESIAN_POINT ( 'NONE',  ( -1.647897643076047913, 24.46645550312308615, 1.924409759805558062 ) ) ;
#6127 = AXIS2_PLACEMENT_3D ( 'NONE', #4870, #2469, #2500 ) ;
#6128 = CARTESIAN_POINT ( 'NONE',  ( 3.464101615137756163, 0.000000000000000000, -6.000000000000002665 ) ) ;
#6129 = DIRECTION ( 'NONE',  ( 0.3826834323650892822, 0.000000000000000000, 0.9238795325112870716 ) ) ;
#6130 = EDGE_CURVE ( 'NONE', #3092, #2853, #3717, .T. ) ;
#6131 = FILL_AREA_STYLE_COLOUR ( '', #1616 ) ;
#6132 = ORIENTED_EDGE ( 'NONE', *, *, #556, .F. ) ;
#6133 = CARTESIAN_POINT ( 'NONE',  ( -2.496245583784812982, 24.46823170470900521, -0.4226926033594221033 ) ) ;
#6134 = ORIENTED_EDGE ( 'NONE', *, *, #1718, .F. ) ;
#6135 = AXIS2_PLACEMENT_3D ( 'NONE', #1735, #5556, #5088 ) ;
#6136 = DIRECTION ( 'NONE',  ( 0.000000000000000000, 1.000000000000000000, 0.000000000000000000 ) ) ;
#6137 = PLANE ( 'NONE',  #444 ) ;
#6138 = ORIENTED_EDGE ( 'NONE', *, *, #5735, .T. ) ;
#6139 = DIRECTION ( 'NONE',  ( -0.000000000000000000, -1.000000000000000000, -0.000000000000000000 ) ) ;
#6140 = LINE ( 'NONE', #1978, #4871 ) ;
#6141 = CARTESIAN_POINT ( 'NONE',  ( -0.8130953767581969860, 24.44525494324875936, 2.421899711649786013 ) ) ;
#6142 = ADVANCED_FACE ( 'NONE', ( #1716 ), #4102, .T. ) ;
#6143 = FACE_OUTER_BOUND ( 'NONE', #742, .T. ) ;
#6144 = CARTESIAN_POINT ( 'NONE',  ( 0.000000000000000000, 0.000000000000000000, 0.000000000000000000 ) ) ;
#6145 = ORIENTED_EDGE ( 'NONE', *, *, #2809, .F. ) ;
#6146 = VERTEX_POINT ( 'NONE', #4613 ) ;
#6147 = AXIS2_PLACEMENT_3D ( 'NONE', #1611, #5436, #3555 ) ;
#6148 = DIRECTION ( 'NONE',  ( 0.000000000000000000, -0.000000000000000000, 1.000000000000000000 ) ) ;
#6149 =( NAMED_UNIT ( * ) SI_UNIT ( $, .STERADIAN. ) SOLID_ANGLE_UNIT ( ) );
#6150 = CARTESIAN_POINT ( 'NONE',  ( -2.243913082613147036, 17.50000000000000000, -1.221301102387865489 ) ) ;
#6151 = VERTEX_POINT ( 'NONE', #794 ) ;
#6152 = ORIENTED_EDGE ( 'NONE', *, *, #5550, .T. ) ;
#6153 = DIRECTION ( 'NONE',  ( -0.3420201433256671031, 0.000000000000000000, 0.9396926207859089830 ) ) ;
#6154 = CARTESIAN_POINT ( 'NONE',  ( -1.592398212033660831, 24.44525494324881265, 1.997746290024486449 ) ) ;
#6155 = CARTESIAN_POINT ( 'NONE',  ( -2.917123081703739462, 24.08265420111478861, -0.03714766229877051323 ) ) ;
#6156 = STYLED_ITEM ( 'NONE', ( #4131 ), #1394 ) ;
#6157 = LINE ( 'NONE', #935, #2020 ) ;
#6158 = CARTESIAN_POINT ( 'NONE',  ( 7.292889267577988832, -5.000000000000000000, -2.906446369887152770 ) ) ;
#6159 =( GEOMETRIC_REPRESENTATION_CONTEXT ( 3 ) GLOBAL_UNCERTAINTY_ASSIGNED_CONTEXT ( ( #3829 ) ) GLOBAL_UNIT_ASSIGNED_CONTEXT ( ( #2067, #698, #4515 ) ) REPRESENTATION_CONTEXT ( 'NONE', 'WORKASPACE' ) );
#6160 = NEXT_ASSEMBLY_USAGE_OCCURRENCE ( 'NAUO1', ' ', ' ', #2175, #3955, $ ) ;
#6161 = NEXT_ASSEMBLY_USAGE_OCCURRENCE ( 'NAUO2', ' ', ' ', #2175, #5599, $ ) ;
#6162 = NEXT_ASSEMBLY_USAGE_OCCURRENCE ( 'NAUO3', ' ', ' ', #2175, #5332, $ ) ;
ENDSEC;
END-ISO-10303-21;
